Jun 16 2016 01: +0,305.548,3
Jun 17 2016 01: +0,165.503,3
Jun 18 2016 01: +0,248.988,2
Jun 21 2016 01: +0,232.526,2
Jun 22 2016 01: +0,204.458,2
Jun 23 2016 01: +0,198.878,2
Jun 24 2016 01: +0,158.905,3
Jun 25 2016 01: +0,235.47,2
Jun 27 2016 01: +0,182.678,4
Jun 29 2016 01: +0,180.965,2
Jun 30 2016 01: +0,200.168,2
Jul 01 2016 01: +0,199.04,1
Jul 02 2016 01: +0,202.915,2
Jul 04 2016 01: +0,148.795,2
Jul 05 2016 01: +0,176.84,1
Jul 06 2016 01: +0,157.869,4
Jul 07 2016 01: +0,164.408,2
Jul 08 2016 01: +0,194.768,2
Jul 09 2016 01: +0,200.31,2
Jul 12 2016 01: +0,188.484,3
Jul 13 2016 01: +0,200.37,2
Jul 14 2016 01: +0,166.717,2
Jul 15 2016 01: +0,148.244,4
Jul 16 2016 01: +0,170.115,3
Jul 17 2016 01: +0,178.95,1
Jul 18 2016 01: +0,187.968,3
Jul 20 2016 01: +0,154.428,3
Jul 21 2016 01: +0,176.98,1
Jul 22 2016 01: +0,164.76,1
Jul 23 2016 01: +0,175.74,1
Jul 24 2016 01: +0,150.017,2
Jul 25 2016 01: +0,143.008,1
Jul 26 2016 01: +0,183.261,3
Jul 27 2016 01: +0,181.185,2
Jul 28 2016 01: +0,192.828,3
Jul 29 2016 01: +0,194.965,1
Jul 31 2016 01: +0,156.577,5
Aug 01 2016 01: +0,126.664,2
Aug 02 2016 01: +0,150.518,7
Aug 03 2016 01: +0,147.525,5
Aug 04 2016 01: +0,147.215,5
Aug 05 2016 01: +0,161.652,2
Aug 06 2016 01: +0,159.13,1
Aug 07 2016 01: +0,152.779,1
Aug 08 2016 01: +0,125.973,4
Aug 09 2016 01: +0,129.794,5
Aug 10 2016 01: +0,142.802,2
Aug 11 2016 01: +0,126.77,4
Aug 12 2016 01: +0,135.937,2
Aug 13 2016 01: +0,126.823,4
Aug 14 2016 01: +0,129.57,5
Aug 15 2016 01: +0,118.777,5
Aug 16 2016 01: +0,127.564,5
Aug 17 2016 01: +0,134.553,3
Aug 18 2016 01: +0,146.675,2
Aug 19 2016 01: +0,122.983,4
Aug 20 2016 01: +0,124.274,6
Aug 21 2016 01: +0,128.527,5
Aug 22 2016 01: +0,126.437,5
Aug 23 2016 01: +0,100.794,2
Aug 24 2016 01: +0,117.143,8
Aug 25 2016 01: +0,114.204,11
Aug 26 2016 01: +0,109.897,7
Aug 27 2016 01: +0,124.404,5
Aug 28 2016 01: +0,121.675,8
Aug 29 2016 01: +0,126.794,7
Aug 30 2016 01: +0,129.65,5
Aug 31 2016 01: +0,144.82,3
Sep 01 2016 01: +0,131.666,6
Sep 02 2016 01: +0,131.104,2
Sep 03 2016 01: +0,146.11,3
Sep 04 2016 01: +0,146.605,5
Sep 05 2016 01: +0,138.95,4
Sep 06 2016 01: +0,149.877,3
Sep 07 2016 01: +0,120.22,2
Sep 08 2016 01: +0,124.982,5
Sep 09 2016 01: +0,127.332,7
Sep 10 2016 01: +0,130.706,4
Sep 11 2016 01: +0,125.858,6
Sep 12 2016 01: +0,127.536,5
Sep 13 2016 01: +0,135.996,7
Sep 14 2016 01: +0,127.951,4
Sep 15 2016 01: +0,133.438,2
Sep 16 2016 01: +0,129.069,8
Sep 17 2016 01: +0,121.732,3
Sep 18 2016 01: +0,119.834,7
Sep 19 2016 01: +0,103.5,1
Sep 20 2016 01: +0,128.723,7
Sep 21 2016 01: +0,120.53,4
Sep 22 2016 01: +0,118.809,5
Sep 23 2016 01: +0,125.269,5
Sep 24 2016 01: +0,131.498,8
Sep 25 2016 01: +0,131.987,3
Sep 26 2016 01: +0,128.801,7
Sep 27 2016 01: +0,133.241,5
Sep 28 2016 01: +0,119.01,4
Sep 29 2016 01: +0,134.351,6
Sep 30 2016 01: +0,131.719,4
Oct 01 2016 01: +0,129.887,17
Oct 02 2016 01: +0,132.636,7
Oct 03 2016 01: +0,133.268,4
Oct 04 2016 01: +0,130.304,6
Oct 05 2016 01: +0,124.719,5
Oct 06 2016 01: +0,122.732,4
Oct 07 2016 01: +0,124.118,8
Oct 08 2016 01: +0,126.627,9
Oct 09 2016 01: +0,116.491,5
Oct 10 2016 01: +0,120.036,5
Oct 11 2016 01: +0,124.57,6
Oct 12 2016 01: +0,141.144,3
Oct 13 2016 01: +0,126.193,4
Oct 14 2016 01: +0,121.528,7
Oct 15 2016 01: +0,117.385,2
Oct 16 2016 01: +0,121.81,6
Oct 17 2016 01: +0,123.052,5
Oct 18 2016 01: +0,119.159,4
Oct 19 2016 01: +0,120.961,8
Oct 20 2016 01: +0,119.167,5
Oct 21 2016 01: +0,123.247,6
Oct 22 2016 01: +0,119.428,7
Oct 23 2016 01: +0,114.73,3
Oct 24 2016 01: +0,126.611,6
Oct 25 2016 01: +0,121.498,3
Oct 26 2016 01: +0,113.618,4
Oct 27 2016 01: +0,109.786,5
Oct 28 2016 01: +0,111.661,8
Oct 29 2016 01: +0,118.416,5
Oct 30 2016 01: +0,108.78,3
Oct 31 2016 01: +0,109.235,2
Nov 01 2016 01: +0,112.182,7
Nov 02 2016 01: +0,95.84,3
Nov 03 2016 01: +0,113.242,5
Nov 04 2016 01: +0,110.33,6
Nov 05 2016 01: +0,107.94,6
Nov 06 2016 01: +0,119.566,5
Nov 07 2016 01: +0,108.629,5
Nov 08 2016 01: +0,115.147,3
Nov 09 2016 01: +0,117.243,3
Nov 10 2016 01: +0,123.265,3
Nov 11 2016 01: +0,129.137,3
Nov 12 2016 01: +0,115.728,9
Nov 13 2016 01: +0,113.433,8
Nov 14 2016 01: +0,117.539,7
Nov 15 2016 01: +0,124.448,2
Nov 16 2016 01: +0,115.918,7
Nov 18 2016 01: +0,108.126,3
Nov 19 2016 01: +0,116.4,4
Nov 20 2016 01: +0,93.347,4
Nov 21 2016 01: +0,112.421,4
Nov 22 2016 01: +0,109.105,5
Nov 23 2016 01: +0,110.871,3
Nov 24 2016 01: +0,97.174,2
Nov 25 2016 01: +0,109.138,3
Nov 26 2016 01: +0,106.432,6
Nov 27 2016 01: +0,111.24,1
Nov 28 2016 01: +0,107.154,3
Nov 29 2016 01: +0,112.138,5
Nov 30 2016 01: +0,112.828,8
Dec 01 2016 01: +0,108.76,7
Dec 02 2016 01: +0,117.078,4
Dec 03 2016 01: +0,113.678,6
Dec 04 2016 01: +0,122.93,4
Dec 05 2016 01: +0,115.932,4
Dec 06 2016 01: +0,109.056,4
Dec 07 2016 01: +0,108.993,6
Dec 08 2016 01: +0,114.511,7
Dec 09 2016 01: +0,118.042,5
Dec 10 2016 01: +0,115.673,12
Dec 11 2016 01: +0,107.177,3
Dec 12 2016 01: +0,125.52,3
Dec 13 2016 01: +0,126.5,1
Dec 14 2016 01: +0,117.445,2
Dec 15 2016 01: +0,119.867,5
Dec 16 2016 01: +0,124.342,3
Dec 17 2016 01: +0,125.646,6
Dec 18 2016 01: +0,121.871,3
Dec 19 2016 01: +0,113.185,4
Dec 20 2016 01: +0,112.132,4
Dec 21 2016 01: +0,122.633,3
Dec 22 2016 01: +0,110.153,4
Dec 23 2016 01: +0,110.745,8
Dec 24 2016 01: +0,115.426,8
Dec 25 2016 01: +0,131.96,9
Dec 26 2016 01: +0,125.674,10
Dec 27 2016 01: +0,111.745,7
Dec 28 2016 01: +0,135.829,7
Dec 29 2016 01: +0,133.424,6
Dec 30 2016 01: +0,131.562,6
Dec 31 2016 01: +0,136.733,6
Jan 01 2017 01: +0,136.858,4
Jan 02 2017 01: +0,129.971,12
Jan 03 2017 01: +0,140.867,2
Jan 04 2017 01: +0,124.677,2
Jan 05 2017 01: +0,136.226,4
Jan 06 2017 01: +0,136.311,8
Jan 07 2017 01: +0,136.64,2
Jan 08 2017 01: +0,124.738,7
Jan 09 2017 01: +0,134.501,8
Jan 10 2017 01: +0,130.382,6
Jan 11 2017 01: +0,128.654,5
Jan 12 2017 01: +0,125.772,6
Jan 13 2017 01: +0,128.597,6
Jan 14 2017 01: +0,129.37,3
Jan 15 2017 01: +0,132.783,5
Jan 16 2017 01: +0,140.257,4
Jan 17 2017 01: +0,144.225,3
Jan 18 2017 01: +0,143.144,4
Jan 19 2017 01: +0,129.615,6
Jan 20 2017 01: +0,128.224,6
Jan 21 2017 01: +0,134.137,5
Jan 22 2017 01: +0,136.138,6
Jan 23 2017 01: +0,135.083,3
Jan 24 2017 01: +0,126.883,2
Jan 25 2017 01: +0,139.58,6
Jan 26 2017 01: +0,153.947,1
Jan 27 2017 01: +0,138.829,3
Jan 28 2017 01: +0,147.415,6
Jan 29 2017 01: +0,134.776,6
Jan 30 2017 01: +0,141.408,9
Jan 31 2017 01: +0,129.769,8
Feb 01 2017 01: +0,140.907,5
Feb 02 2017 01: +0,144.861,4
Feb 03 2017 01: +0,146.902,1
Feb 04 2017 01: +0,145.999,6
Feb 05 2017 01: +0,140.646,8
Feb 06 2017 01: +0,147.698,3
Feb 07 2017 01: +0,150.26,1
Feb 08 2017 01: +0,151.928,6
Feb 09 2017 01: +0,145.672,5
Feb 10 2017 01: +0,139.558,6
Feb 11 2017 01: +0,147.804,7
Feb 12 2017 01: +0,143.311,3
Feb 13 2017 01: +0,149.724,2
Feb 14 2017 01: +0,145.085,4
Feb 15 2017 01: +0,149.948,4
Feb 16 2017 01: +0,138.17,3
Feb 17 2017 01: +0,136.225,2
Feb 18 2017 01: +0,140.876,6
Feb 19 2017 01: +0,156.315,4
Feb 20 2017 01: +0,141.416,4
Feb 21 2017 01: +0,137.577,3
Feb 22 2017 01: +0,136.797,1
Feb 23 2017 01: +0,139.93,8
Feb 24 2017 01: +0,142.501,3
Feb 25 2017 01: +0,145.186,5
Feb 26 2017 01: +0,153.411,3
Feb 27 2017 01: +0,145.49,5
Feb 28 2017 01: +0,142.996,3
Mar 01 2017 01: +0,140.706,3
Mar 02 2017 01: +0,150.219,3
Mar 03 2017 01: +0,153.229,4
Mar 04 2017 01: +0,154.344,6
Mar 05 2017 01: +0,165.387,3
Mar 06 2017 01: +0,161.682,2
Mar 07 2017 01: +0,147.857,7
Mar 08 2017 01: +0,160.754,4
Mar 09 2017 01: +0,130,1
Mar 10 2017 01: +0,148.303,4
Mar 11 2017 01: +0,164.085,7
Mar 12 2017 01: +0,147.989,3
Mar 13 2017 01: +0,150.634,4
Mar 14 2017 01: +0,162.721,4
Mar 15 2017 01: +0,160.102,4
Mar 16 2017 01: +0,152.756,2
Mar 17 2017 01: +0,152.233,3
Mar 18 2017 01: +0,160.4,2
Mar 19 2017 01: +0,139.513,3
Mar 20 2017 01: +0,154.368,3
Mar 21 2017 01: +0,149.165,5
Mar 22 2017 01: +0,152.926,7
Mar 23 2017 01: +0,155.765,3
Mar 24 2017 01: +0,145.714,9
Mar 25 2017 01: +0,153.933,3
Mar 26 2017 01: +0,150.687,3
Mar 27 2017 01: +0,139.961,2
Mar 28 2017 01: +0,146.383,4
Mar 29 2017 01: +0,131.632,2
Mar 30 2017 01: +0,137.371,5
Mar 31 2017 01: +0,121.575,7
Apr 01 2017 01: +0,136.978,6
Apr 02 2017 01: +0,141.299,4
Apr 03 2017 01: +0,139.343,3
Apr 04 2017 01: +0,143.603,3
Apr 05 2017 01: +0,145.466,1
Apr 06 2017 01: +0,135.122,6
Apr 07 2017 01: +0,145.164,6
Apr 08 2017 01: +0,146.005,5
Apr 09 2017 01: +0,133.85,6
Apr 10 2017 01: +0,144.129,2
Apr 11 2017 01: +0,143.784,3
Apr 12 2017 01: +0,147.05,1
Apr 13 2017 01: +0,141.207,2
Apr 14 2017 01: +0,144.091,2
Apr 15 2017 01: +0,120.577,9
Apr 16 2017 01: +0,134.747,7
Apr 17 2017 01: +0,138.667,4
Apr 18 2017 01: +0,139.283,8
Apr 19 2017 01: +0,151.064,4
Apr 20 2017 01: +0,144.068,5
Apr 21 2017 01: +0,145.429,3
Apr 22 2017 01: +0,150.251,4
Apr 23 2017 01: +0,140.198,3
Apr 24 2017 01: +0,147.234,9
Apr 25 2017 01: +0,149.366,2
Apr 26 2017 01: +0,147.572,4
Apr 27 2017 01: +0,152.585,3
Apr 28 2017 01: +0,152.155,5
Apr 29 2017 01: +0,141.49,3
Apr 30 2017 01: +0,148.54,3
May 01 2017 01: +0,161.018,3
May 02 2017 01: +0,154.047,5
May 03 2017 01: +0,147.57,4
May 04 2017 01: +0,137.04,1
May 05 2017 01: +0,144.274,7
May 06 2017 01: +0,151.304,2
May 07 2017 01: +0,154.922,2
May 08 2017 01: +0,145.01,1
May 09 2017 01: +0,154.686,2
May 10 2017 01: +0,155.907,5
May 11 2017 01: +0,147.213,6
May 12 2017 01: +0,154.116,4
May 14 2017 01: +0,152.92,3
May 15 2017 01: +0,146.23,5
May 16 2017 01: +0,151.958,2
May 17 2017 01: +0,143.527,3
May 18 2017 01: +0,159.095,5
May 19 2017 01: +0,146.97,2
May 20 2017 01: +0,143.318,3
May 21 2017 01: +0,139.429,5
May 22 2017 01: +0,152.607,2
May 23 2017 01: +0,156.205,2
May 24 2017 01: +0,137.823,5
May 25 2017 01: +0,133.851,6
May 26 2017 01: +0,146.793,3
May 27 2017 01: +0,140.69,6
May 28 2017 01: +0,115.387,3
May 29 2017 01: +0,126.63,5
May 30 2017 01: +0,137.874,8
May 31 2017 01: +0,148.139,4
Jun 01 2017 01: +0,142.466,3
Jun 02 2017 01: +0,142.61,9
Jun 03 2017 01: +0,152.424,2
Jun 04 2017 01: +0,149.42,2
Jun 05 2017 01: +0,148.724,4
Jun 06 2017 01: +0,155.871,3
Jun 07 2017 01: +0,149.2,1
Jun 08 2017 01: +0,143.922,3
Jun 09 2017 01: +0,147.957,4
Jun 10 2017 01: +0,147.666,6
Jun 11 2017 01: +0,134.737,7
Jun 12 2017 01: +0,149.281,4
Jun 13 2017 01: +0,149.913,3
Jun 14 2017 01: +0,147.28,1
Jun 15 2017 01: +0,144.48,2
Jun 16 2017 01: +0,142.059,7
Jun 18 2017 01: +0,145.891,2
Jun 19 2017 01: +0,136.964,10
Jun 20 2017 01: +0,156.458,1
Jun 21 2017 01: +0,125.258,1
Jun 22 2017 01: +0,135.363,10
Jun 23 2017 01: +0,140.572,4
Jun 24 2017 01: +0,128.548,2
Jun 25 2017 01: +0,145.726,2
Jun 26 2017 01: +0,126.255,2
Jun 27 2017 01: +0,124.584,7
Jun 28 2017 01: +0,124.901,5
Jun 29 2017 01: +0,137.992,1
Jun 30 2017 01: +0,137.716,5
Jul 01 2017 01: +0,134.831,3
Jul 02 2017 01: +0,129.521,3
Jul 03 2017 01: +0,128.102,6
Jul 04 2017 01: +0,130.683,4
Jul 05 2017 01: +0,144.696,3
Jul 06 2017 01: +0,142.897,3
Jul 07 2017 01: +0,138.776,7
Jul 08 2017 01: +0,138.738,2
Jul 09 2017 01: +0,125.78,1
Jul 10 2017 01: +0,135.61,2
Jul 11 2017 01: +0,144.993,1
Jul 12 2017 01: +0,147.164,3
Jul 13 2017 01: +0,146.871,4
Jul 14 2017 01: +0,136.864,3
Jul 15 2017 01: +0,149.5,1
Jul 16 2017 01: +0,131.996,3
Jul 17 2017 01: +0,140.879,4
Jul 19 2017 01: +0,139.28,4
Jul 20 2017 01: +0,141.885,6
Jul 21 2017 01: +0,137.132,4
Jul 22 2017 01: +0,157.585,2
Jul 23 2017 01: +0,136.595,2
Jul 24 2017 01: +0,144.282,3
Jul 25 2017 01: +0,142.517,6
Jul 26 2017 01: +0,155.746,5
Jul 27 2017 01: +0,149.355,4
Jul 28 2017 01: +0,164.062,3
Jul 29 2017 01: +0,153.604,9
Jul 30 2017 01: +0,148.345,3
Jul 31 2017 01: +0,144.666,7
Aug 01 2017 01: +0,154.957,4
Aug 02 2017 01: +0,162.276,4
Aug 03 2017 01: +0,155.378,4
Aug 04 2017 01: +0,150.037,4
Aug 05 2017 01: +0,151.387,7
Aug 06 2017 01: +0,162.796,2
Aug 07 2017 01: +0,152.632,10
Aug 08 2017 01: +0,156.344,3
Aug 09 2017 01: +0,162.301,5
Aug 10 2017 01: +0,175.284,3
Aug 11 2017 01: +0,165.401,6
Aug 12 2017 01: +0,145.148,4
Aug 13 2017 01: +0,161.211,5
Aug 14 2017 01: +0,150.597,2
Aug 15 2017 01: +0,160.975,5
Aug 16 2017 01: +0,152.977,4
Aug 17 2017 01: +0,163,1
Aug 18 2017 01: +0,153.668,6
Aug 19 2017 01: +0,161.129,2
Aug 20 2017 01: +0,155.477,4
Aug 21 2017 01: +0,149.496,2
Aug 22 2017 01: +0,157.887,2
Aug 23 2017 01: +0,158.509,2
Aug 24 2017 01: +0,159.93,1
Aug 26 2017 01: +0,159.22,1
Aug 27 2017 01: +0,158.738,1
Aug 28 2017 01: +0,147.697,5
Aug 30 2017 01: +0,153.571,3
Aug 31 2017 01: +0,143.591,1
Sep 01 2017 01: +0,159.59,3
Sep 02 2017 01: +0,146.943,5
Sep 03 2017 01: +0,143.621,4
Sep 04 2017 01: +0,152.63,4
Sep 05 2017 01: +0,141.73,6
Sep 06 2017 01: +0,149.971,5
Sep 07 2017 01: +0,150.092,2
Sep 08 2017 01: +0,149.566,5
Sep 09 2017 01: +0,158.244,5
Sep 10 2017 01: +0,133.489,2
Sep 11 2017 01: +0,148.029,3
Sep 12 2017 01: +0,149.317,5
Sep 13 2017 01: +0,157.502,3
Sep 14 2017 01: +0,162.463,1
Sep 15 2017 01: +0,159.747,4
Sep 16 2017 01: +0,143.658,7
Sep 17 2017 01: +0,134.34,2
Sep 18 2017 01: +0,136.33,2
Sep 19 2017 01: +0,156.787,1
Sep 20 2017 01: +0,151.931,6
Sep 21 2017 01: +0,160.147,5
Sep 22 2017 01: +0,159.053,4
Sep 23 2017 01: +0,156.954,5
Sep 24 2017 01: +0,151.183,6
Sep 25 2017 01: +0,144.539,5
Sep 26 2017 01: +0,151.474,3
Sep 27 2017 01: +0,131.94,1
Sep 28 2017 01: +0,153.661,2
Sep 29 2017 01: +0,154.056,3
Sep 30 2017 01: +0,149.923,2
Oct 01 2017 01: +0,151.206,2
Oct 02 2017 01: +0,148.172,3
Oct 03 2017 01: +0,138.075,5
Oct 04 2017 01: +0,142.818,5
Oct 05 2017 01: +0,144.59,1
Oct 06 2017 01: +0,150.249,1
Oct 07 2017 01: +0,155.413,2
Oct 08 2017 01: +0,139.053,2
Oct 09 2017 01: +0,145.94,1
Oct 10 2017 01: +0,143.744,1
Oct 11 2017 01: +0,140.583,3
Oct 12 2017 01: +0,134.828,3
Oct 13 2017 01: +0,141.432,2
Oct 14 2017 01: +0,141.463,5
Oct 15 2017 01: +0,140.016,4
Oct 16 2017 01: +0,136.449,4
Oct 18 2017 01: +0,138.217,4
Oct 19 2017 01: +0,135.18,1
Oct 20 2017 01: +0,132.385,3
Oct 21 2017 01: +0,134.809,1
Oct 22 2017 01: +0,127.626,7
Oct 23 2017 01: +0,123.63,2
Oct 24 2017 01: +0,127.897,3
Oct 25 2017 01: +0,143.867,2
Oct 26 2017 01: +0,138.235,4
Oct 27 2017 01: +0,127.918,4
Oct 28 2017 01: +0,127.052,2
Oct 29 2017 01: +0,119.447,4
Oct 30 2017 01: +0,130.312,4
Oct 31 2017 01: +0,134.343,3
Nov 01 2017 01: +0,131.341,2
Nov 03 2017 01: +0,134.488,5
Nov 04 2017 01: +0,122.2,4
Nov 05 2017 01: +0,130.268,2
Nov 06 2017 01: +0,120.667,2
Nov 07 2017 01: +0,124.534,4
Nov 08 2017 01: +0,139.255,3
Nov 09 2017 01: +0,131.522,2
Nov 10 2017 01: +0,117.634,3
Nov 11 2017 01: +0,118.975,2
Nov 12 2017 01: +0,128.622,3
Nov 13 2017 01: +0,131.173,6
Nov 14 2017 01: +0,135.012,3
Nov 15 2017 01: +0,123.137,3
Nov 16 2017 01: +0,137.098,2
Nov 17 2017 01: +0,123.085,2
Nov 18 2017 01: +0,140.856,3
Nov 19 2017 01: +0,132.539,4
Nov 21 2017 01: +0,126.981,4
Nov 22 2017 01: +0,130.75,1
Nov 23 2017 01: +0,119.98,2
Nov 24 2017 01: +0,126.652,4
Nov 25 2017 01: +0,129.822,3
Nov 26 2017 01: +0,127.695,2
Nov 27 2017 01: +0,109.49,1
Nov 28 2017 01: +0,135.283,2
Nov 29 2017 01: +0,111.63,1
Nov 30 2017 01: +0,118.687,2
Dec 01 2017 01: +0,126.697,2
Dec 02 2017 01: +0,134.37,1
Dec 03 2017 01: +0,130.166,6
Dec 04 2017 01: +0,117.31,4
Dec 05 2017 01: +0,122.266,3
Dec 06 2017 01: +0,126.031,2
Dec 07 2017 01: +0,127.231,6
Dec 08 2017 01: +0,132.114,1
Dec 09 2017 01: +0,123.78,3
Dec 10 2017 01: +0,135.156,4
Dec 11 2017 01: +0,135.16,1
Dec 13 2017 01: +0,137.882,2
Dec 14 2017 01: +0,129.884,3
Dec 15 2017 01: +0,132.77,2
Dec 16 2017 01: +0,136.944,2
Dec 17 2017 01: +0,137.311,1
Dec 18 2017 01: +0,135.375,2
Dec 20 2017 01: +0,127.109,3
Dec 21 2017 01: +0,134.18,4
Dec 22 2017 01: +0,129.223,2
Dec 23 2017 01: +0,137.617,8
Dec 24 2017 01: +0,137.357,1
Dec 25 2017 01: +0,139.187,11
Dec 26 2017 01: +0,142.687,3
Dec 27 2017 01: +0,147.414,5
Dec 28 2017 01: +0,142.899,7
Dec 29 2017 01: +0,148.572,4
Dec 30 2017 01: +0,152.67,1
Dec 31 2017 01: +0,79.816,2
Jan 01 2018 01: +0,147.507,8
Jan 02 2018 01: +0,147.315,4
Jan 03 2018 01: +0,137.28,6
Jan 04 2018 01: +0,149.894,5
Jan 05 2018 01: +0,157.598,2
Jan 06 2018 01: +0,146.324,7
Jan 07 2018 01: +0,155.614,1
Jan 08 2018 01: +0,157.219,1
Jan 09 2018 01: +0,158.282,2
Jan 10 2018 01: +0,156.136,1
Jan 11 2018 01: +0,131.813,1
Jan 12 2018 01: +0,155.775,2
Jan 13 2018 01: +0,164.264,2
Jan 14 2018 01: +0,172.5,1
Jan 15 2018 01: +0,162.381,2
Jan 16 2018 01: +0,169.889,1
Jan 17 2018 01: +0,169.033,3
Jan 18 2018 01: +0,173.738,3
Jan 20 2018 01: +0,141.604,3
Jan 21 2018 01: +0,140.516,2
Jan 22 2018 01: +0,135.618,5
Jan 23 2018 01: +0,144.385,4
Jan 24 2018 01: +0,141.126,3
Jan 25 2018 01: +0,136.015,6
Jan 26 2018 01: +0,141.118,3
Jan 27 2018 01: +0,152.18,2
Jan 28 2018 01: +0,155.676,4
Jan 29 2018 01: +0,140.987,2
Jan 30 2018 01: +0,141.442,3
Jan 31 2018 01: +0,141.026,2
Feb 01 2018 01: +0,151.966,4
Feb 02 2018 01: +0,154.538,5
Feb 03 2018 01: +0,152.995,1
Feb 04 2018 01: +0,155.694,1
Feb 05 2018 01: +0,148.798,1
Feb 06 2018 01: +0,145.119,6
Feb 07 2018 01: +0,148.749,5
Feb 08 2018 01: +0,144.397,3
Feb 09 2018 01: +0,156.529,5
Feb 10 2018 01: +0,155.227,4
Feb 11 2018 01: +0,161.691,4
Feb 12 2018 01: +0,160.012,2
Feb 13 2018 01: +0,140.485,2
Feb 14 2018 01: +0,150.001,2
Feb 15 2018 01: +0,156.751,3
Feb 16 2018 01: +0,140.722,5
Feb 17 2018 01: +0,146.927,6
Feb 18 2018 01: +0,139.839,5
Feb 19 2018 01: +0,138.471,3
Feb 20 2018 01: +0,148.75,4
Feb 21 2018 01: +0,128.992,3
Feb 22 2018 01: +0,151.91,1
Feb 23 2018 01: +0,154,1
Feb 24 2018 01: +0,152.538,3
Feb 25 2018 01: +0,153.129,1
Feb 26 2018 01: +0,144.175,3
Feb 27 2018 01: +0,140.134,4
Feb 28 2018 01: +0,152.199,2
Mar 01 2018 01: +0,144.868,4
Mar 02 2018 01: +0,151.628,5
Mar 03 2018 01: +0,145.238,3
Mar 04 2018 01: +0,148.563,1
Mar 05 2018 01: +0,137.998,1
Mar 06 2018 01: +0,130.392,3
Mar 07 2018 01: +0,149.808,4
Mar 08 2018 01: +0,154.893,5
Mar 09 2018 01: +0,159.99,1
Mar 10 2018 01: +0,131,1
Mar 11 2018 01: +0,152.249,4
Mar 12 2018 01: +0,156.632,2
Mar 13 2018 01: +0,156.715,6
Mar 14 2018 01: +0,139.828,4
Mar 15 2018 01: +0,152.538,2
Mar 17 2018 01: +0,153.56,1
Mar 18 2018 01: +0,153.529,4
Mar 20 2018 01: +0,142.998,6
Mar 21 2018 01: +0,145.9,4
Mar 22 2018 01: +0,141.974,1
Mar 23 2018 01: +0,147.047,3
Mar 25 2018 01: +0,139.491,6
Mar 26 2018 01: +0,140.016,1
Mar 27 2018 01: +0,137.898,1
Mar 28 2018 01: +0,129.986,3
Mar 29 2018 01: +0,144.337,2
Mar 30 2018 01: +0,120.98,7
Mar 31 2018 01: +0,142.236,3
Apr 01 2018 01: +0,122.571,4
Apr 02 2018 01: +0,141.271,1
Apr 03 2018 01: +0,129.729,2
Apr 04 2018 01: +0,136.257,4
Apr 05 2018 01: +0,134.555,2
Apr 06 2018 01: +0,120.357,4
Apr 07 2018 01: +0,125.684,3
Apr 08 2018 01: +0,126.883,6
Apr 09 2018 01: +0,111.132,8
Apr 10 2018 01: +0,115.859,8
Apr 11 2018 01: +0,116.623,5
Apr 12 2018 01: +0,115.24,4
Apr 13 2018 01: +0,131.44,4
Apr 14 2018 01: +0,127.455,3
Apr 15 2018 01: +0,115.713,5
Apr 16 2018 01: +0,125.344,5
Apr 17 2018 01: +0,125.904,2
Apr 18 2018 01: +0,113.033,2
Apr 19 2018 01: +0,125.034,2
Apr 20 2018 01: +0,121.039,1
Apr 21 2018 01: +0,113.454,5
Apr 22 2018 01: +0,117.501,5
Apr 23 2018 01: +0,119.58,2
Apr 24 2018 01: +0,118.142,5
Apr 25 2018 01: +0,115.162,3
Apr 26 2018 01: +0,118.898,7
Apr 27 2018 01: +0,112.822,2
Apr 28 2018 01: +0,117.132,5
Apr 29 2018 01: +0,122.528,4
Apr 30 2018 01: +0,127.78,8
May 01 2018 01: +0,117.216,3
May 02 2018 01: +0,118.765,4
May 03 2018 01: +0,124.399,6
May 04 2018 01: +0,113.491,3
May 05 2018 01: +0,117.753,5
May 06 2018 01: +0,108.522,5
May 07 2018 01: +0,126.963,6
May 08 2018 01: +0,104.78,1
May 09 2018 01: +0,112.139,3
May 10 2018 01: +0,112.499,3
May 11 2018 01: +0,118.979,4
May 12 2018 01: +0,122.296,2
May 13 2018 01: +0,134.942,1
May 14 2018 01: +0,120.275,2
May 15 2018 01: +0,126.351,1
May 16 2018 01: +0,125.556,3
May 17 2018 01: +0,111.246,5
May 18 2018 01: +0,115.092,6
May 20 2018 01: +0,111.129,2
May 21 2018 01: +0,122.336,6
May 22 2018 01: +0,101.32,2
May 23 2018 01: +0,109.54,3
May 24 2018 01: +0,116.078,6
May 25 2018 01: +0,117.91,2
May 26 2018 01: +0,116.687,3
May 27 2018 01: +0,116.032,5
May 28 2018 01: +0,118.266,5
May 30 2018 01: +0,126.687,1
May 31 2018 01: +0,117.462,3
Jun 01 2018 01: +0,115.82,2
Jun 02 2018 01: +0,111.42,4
Jun 03 2018 01: +0,112.765,2
Jun 04 2018 01: +0,116.395,4
Jun 05 2018 01: +0,116.506,3
Jun 06 2018 01: +0,121.62,2
Jun 07 2018 01: +0,118.906,3
Jun 08 2018 01: +0,112.505,3
Jun 09 2018 01: +0,112.487,2
Jun 10 2018 01: +0,104.005,2
Jun 11 2018 01: +0,99.313,8
Jun 12 2018 01: +0,102.564,6
Jun 13 2018 01: +0,98.017,2
Jun 14 2018 01: +0,100.48,5
Jun 15 2018 01: +0,104.561,7
Jun 16 2018 01: +0,103.825,5
Jun 17 2018 01: +0,109.993,1
Jun 18 2018 01: +0,99.407,8
Jun 19 2018 01: +0,99.725,8
Jun 20 2018 01: +0,100.838,3
Jun 21 2018 01: +0,109.248,2
Jun 22 2018 01: +0,98.306,6
Jun 23 2018 01: +0,104.263,11
Jun 24 2018 01: +0,104.324,5
Jun 25 2018 01: +0,92.084,3
Jun 26 2018 01: +0,93.587,5
Jun 27 2018 01: +0,101.358,4
Jun 28 2018 01: +0,95.14,8
Jun 29 2018 01: +0,96.235,6
Jun 30 2018 01: +0,93.272,7
Jul 01 2018 01: +0,102.646,6
Jul 02 2018 01: +0,99.178,5
Jul 03 2018 01: +0,99.69,3
Jul 04 2018 01: +0,93.222,5
Jul 05 2018 01: +0,101.631,6
Jul 06 2018 01: +0,104.676,5
Jul 07 2018 01: +0,106.523,4
Jul 08 2018 01: +0,108.244,6
Jul 09 2018 01: +0,108.039,6
Jul 10 2018 01: +0,107.519,9
Jul 11 2018 01: +0,107.051,4
Jul 12 2018 01: +0,115.659,4
Jul 13 2018 01: +0,116.671,3
Jul 15 2018 01: +0,117.197,4
Jul 16 2018 01: +0,110.31,8
Jul 17 2018 01: +0,112.692,5
Jul 18 2018 01: +0,110.347,8
Jul 19 2018 01: +0,115.35,4
Jul 20 2018 01: +0,109.772,2
Jul 21 2018 01: +0,115.162,6
Jul 22 2018 01: +0,111.628,5
Jul 23 2018 01: +0,103.312,3
Jul 24 2018 01: +0,111.725,8
Jul 25 2018 01: +0,109.811,8
Jul 26 2018 01: +0,113.437,4
Jul 27 2018 01: +0,115.113,9
Jul 28 2018 01: +0,118.56,2
Jul 29 2018 01: +0,115.743,7
Jul 30 2018 01: +0,115.425,5
Jul 31 2018 01: +0,115.364,3
Aug 01 2018 01: +0,116.59,3
Aug 02 2018 01: +0,115.349,3
Aug 03 2018 01: +0,119.808,4
Aug 04 2018 01: +0,115.524,8
Aug 05 2018 01: +0,116.912,7
Aug 06 2018 01: +0,112.555,6
Aug 07 2018 01: +0,117.64,6
Aug 08 2018 01: +0,113.031,5
Aug 09 2018 01: +0,115.855,7
Aug 10 2018 01: +0,112.528,5
Aug 11 2018 01: +0,103.687,5
Aug 12 2018 01: +0,111.061,4
Aug 13 2018 01: +0,108.216,7
Aug 14 2018 01: +0,110.723,4
Aug 15 2018 01: +0,114.375,6
Aug 16 2018 01: +0,109.165,3
Aug 17 2018 01: +0,115.087,6
Aug 18 2018 01: +0,114.38,8
Aug 19 2018 01: +0,110.161,5
Aug 20 2018 01: +0,108.146,6
Aug 21 2018 01: +0,113.972,5
Aug 22 2018 01: +0,116.862,3
Aug 23 2018 01: +0,115.441,5
Aug 24 2018 01: +0,116.216,10
Aug 25 2018 01: +0,119.995,3
Aug 26 2018 01: +0,117.001,5
Aug 27 2018 01: +0,115.302,3
Aug 28 2018 01: +0,112.265,8
Aug 29 2018 01: +0,117.301,4
Aug 30 2018 01: +0,115.642,4
Aug 31 2018 01: +0,111.26,11
Sep 01 2018 01: +0,121.537,5
Sep 02 2018 01: +0,116.296,7
Sep 03 2018 01: +0,113.667,5
Sep 04 2018 01: +0,116.315,3
Sep 05 2018 01: +0,117.831,3
Sep 06 2018 01: +0,108.364,7
Sep 07 2018 01: +0,119.602,5
Sep 08 2018 01: +0,119.744,5
Sep 09 2018 01: +0,119.409,6
Sep 10 2018 01: +0,119.888,5
Sep 11 2018 01: +0,113.378,2
Sep 12 2018 01: +0,122.026,5
Sep 13 2018 01: +0,122.657,4
Sep 14 2018 01: +0,120.17,2
Sep 15 2018 01: +0,121.424,4
Sep 16 2018 01: +0,121.969,7
Sep 17 2018 01: +0,123.523,6
Sep 18 2018 01: +0,120.682,4
Sep 19 2018 01: +0,119.781,5
Sep 20 2018 01: +0,122.263,5
Sep 21 2018 01: +0,121.815,2
Sep 22 2018 01: +0,116.064,6
Sep 23 2018 01: +0,129.805,5
Sep 24 2018 01: +0,129.099,6
Sep 25 2018 01: +0,117.194,3
Sep 26 2018 01: +0,119.577,6
Sep 28 2018 01: +0,130.434,8
Sep 29 2018 01: +0,126.607,5
Sep 30 2018 01: +0,125.382,5
Oct 01 2018 01: +0,135.553,7
Oct 02 2018 01: +0,144.89,1
Oct 03 2018 01: +0,128.222,2
Oct 04 2018 01: +0,133.168,5
Oct 05 2018 01: +0,131.614,3
Oct 06 2018 01: +0,131.919,5
Oct 07 2018 01: +0,122.225,7
Oct 08 2018 01: +0,122.402,3
Oct 09 2018 01: +0,129.158,4
Oct 10 2018 01: +0,131.415,7
Oct 11 2018 01: +0,133.142,2
Oct 12 2018 01: +0,131.477,7
Oct 13 2018 01: +0,136.619,4
Oct 14 2018 01: +0,135.288,5
Oct 15 2018 01: +0,135.349,4
Oct 16 2018 01: +0,134.713,5
Oct 17 2018 01: +0,132.7,3
Oct 18 2018 01: +0,124.297,4
Oct 19 2018 01: +0,132.918,4
Oct 20 2018 01: +0,136.262,6
Oct 21 2018 01: +0,134.514,3
Oct 22 2018 01: +0,132.065,7
Oct 23 2018 01: +0,139.966,1
Oct 24 2018 01: +0,132.177,6
Oct 25 2018 01: +0,137.847,3
Oct 26 2018 01: +0,132.854,4
Oct 27 2018 01: +0,125.268,4
Oct 28 2018 01: +0,124.269,5
Oct 29 2018 01: +0,133.127,5
Oct 30 2018 01: +0,133.242,6
Oct 31 2018 01: +0,139.14,2
Nov 01 2018 01: +0,134.708,3
Nov 02 2018 01: +0,130.825,2
Nov 03 2018 01: +0,142.958,3
Nov 04 2018 01: +0,139.09,1
Nov 05 2018 01: +0,129.501,9
Nov 06 2018 01: +0,131.988,3
Nov 07 2018 01: +0,133.226,2
Nov 08 2018 01: +0,134.818,4
Nov 09 2018 01: +0,139.272,3
Nov 10 2018 01: +0,131.767,3
Nov 11 2018 01: +0,132.387,3
Nov 12 2018 01: +0,128.49,2
Nov 13 2018 01: +0,137.107,1
Nov 14 2018 01: +0,129.03,4
Nov 15 2018 01: +0,132.607,2
Nov 16 2018 01: +0,128.249,5
Nov 17 2018 01: +0,136.898,4
Nov 18 2018 01: +0,137.59,1
Nov 19 2018 01: +0,126.456,2
Nov 20 2018 01: +0,134.547,3
Nov 21 2018 01: +0,132.598,6
Nov 22 2018 01: +0,125.028,3
Nov 23 2018 01: +0,132.211,1
Nov 24 2018 01: +0,132.755,4
Nov 26 2018 01: +0,119.011,5
Nov 27 2018 01: +0,118.459,3
Nov 28 2018 01: +0,131.035,1
Nov 29 2018 01: +0,112.89,1
Nov 30 2018 01: +0,122.2,2
Dec 01 2018 01: +0,116.257,4
Dec 02 2018 01: +0,119.651,5
Dec 03 2018 01: +0,120.16,2
Dec 04 2018 01: +0,121.628,2
Dec 05 2018 01: +0,117.755,2
Dec 06 2018 01: +0,126.144,4
Dec 07 2018 01: +0,112.594,2
Dec 08 2018 01: +0,124.453,5
Dec 09 2018 01: +0,125.12,1
Dec 10 2018 01: +0,116.869,2
Dec 11 2018 01: +0,127.538,1
Dec 12 2018 01: +0,115.538,4
Dec 13 2018 01: +0,128.536,2
Dec 14 2018 01: +0,119.498,5
Dec 15 2018 01: +0,118.654,5
Dec 16 2018 01: +0,126.049,6
Dec 17 2018 01: +0,125.873,7
Dec 18 2018 01: +0,133.586,2
Dec 19 2018 01: +0,126.493,4
Dec 20 2018 01: +0,117.581,5
Dec 21 2018 01: +0,99.349,5
Dec 22 2018 01: +0,124.805,2
Dec 23 2018 01: +0,128.844,8
Dec 24 2018 01: +0,126.141,7
Dec 25 2018 01: +0,130.558,5
Dec 26 2018 01: +0,131.08,4
Dec 27 2018 01: +0,131.099,7
Dec 28 2018 01: +0,134.543,3
Dec 29 2018 01: +0,131.741,5
Dec 30 2018 01: +0,126.696,11
Dec 31 2018 01: +0,131.738,4
Jan 01 2019 01: +0,128.131,4
Jan 02 2019 01: +0,113.375,2
Jan 03 2019 01: +0,127.169,5
Jan 04 2019 01: +0,129.112,5
Jan 05 2019 01: +0,131.396,8
Jan 06 2019 01: +0,139.806,2
Jan 07 2019 01: +0,133.09,7
Jan 08 2019 01: +0,128.22,3
Jan 09 2019 01: +0,128.236,6
Jan 10 2019 01: +0,127.966,2
Jan 11 2019 01: +0,141.859,6
Jan 12 2019 01: +0,135.277,5
Jan 13 2019 01: +0,136.775,6
Jan 14 2019 01: +0,139.507,4
Jan 15 2019 01: +0,145.541,2
Jan 16 2019 01: +0,133.375,6
Jan 17 2019 01: +0,144.451,2
Jan 18 2019 01: +0,139.697,4
Jan 19 2019 01: +0,143.75,2
Jan 20 2019 01: +0,144.159,6
Jan 21 2019 01: +0,140.363,4
Jan 22 2019 01: +0,104.273,3
Jan 23 2019 01: +0,136.416,7
Jan 24 2019 01: +0,126.254,1
Jan 25 2019 01: +0,148.986,5
Jan 26 2019 01: +0,140.755,3
Jan 27 2019 01: +0,139.942,2
Jan 28 2019 01: +0,126.112,2
Jan 29 2019 01: +0,136.04,7
Jan 30 2019 01: +0,145.578,9
Jan 31 2019 01: +0,138.463,2
Feb 01 2019 01: +0,133.191,5
Feb 02 2019 01: +0,150.168,1
Feb 03 2019 01: +0,149.354,8
Feb 04 2019 01: +0,141.833,5
Feb 05 2019 01: +0,145.491,2
Feb 06 2019 01: +0,146.512,6
Feb 07 2019 01: +0,153.01,1
Feb 08 2019 01: +0,139.76,4
Feb 09 2019 01: +0,141.909,3
Feb 10 2019 01: +0,141.342,6
Feb 11 2019 01: +0,147.086,3
Feb 12 2019 01: +0,147.4,4
Feb 13 2019 01: +0,134.148,3
Feb 14 2019 01: +0,140.267,4
Feb 15 2019 01: +0,148.529,3
Feb 16 2019 01: +0,144.396,4
Feb 17 2019 01: +0,147.138,4
Feb 18 2019 01: +0,145.072,2
Feb 19 2019 01: +0,137.919,5
Feb 20 2019 01: +0,142.511,2
Feb 21 2019 01: +0,144.799,6
Feb 22 2019 01: +0,143.294,4
Feb 23 2019 01: +0,133.286,2
Feb 25 2019 01: +0,138.717,5
Feb 26 2019 01: +0,143.769,4
Feb 27 2019 01: +0,133.278,3
Feb 28 2019 01: +0,138.202,4
Mar 01 2019 01: +0,135.532,4
Mar 02 2019 01: +0,142.329,6
Mar 03 2019 01: +0,138.023,6
Mar 04 2019 01: +0,157.057,1
Mar 05 2019 01: +0,133.87,1
Mar 06 2019 01: +0,158.042,2
Mar 07 2019 01: +0,141.527,6
Mar 08 2019 01: +0,146.332,5
Mar 09 2019 01: +0,153.132,2
Mar 10 2019 01: +0,146.857,7
Mar 11 2019 01: +0,143.296,3
Mar 12 2019 01: +0,142.884,5
Mar 13 2019 01: +0,159.145,1
Mar 14 2019 01: +0,149.466,6
Mar 15 2019 01: +0,150.47,2
Mar 16 2019 01: +0,151.83,2
Mar 17 2019 01: +0,148.514,7
Mar 18 2019 01: +0,151.13,6
Mar 19 2019 01: +0,159.841,5
Mar 20 2019 01: +0,163.886,1
Mar 21 2019 01: +0,151.53,4
Mar 22 2019 01: +0,150.627,6
Mar 23 2019 01: +0,154.606,4
Mar 24 2019 01: +0,150.414,2
Mar 25 2019 01: +0,147.846,1
Mar 26 2019 01: +0,152.274,5
Mar 27 2019 01: +0,147.409,3
Mar 28 2019 01: +0,144.066,2
Mar 29 2019 01: +0,127.299,2
Mar 30 2019 01: +0,139.296,3
Mar 31 2019 01: +0,145.545,7
Apr 01 2019 01: +0,138.076,6
Apr 02 2019 01: +0,144.438,5
Apr 03 2019 01: +0,141.129,4
Apr 04 2019 01: +0,148.434,1
Apr 05 2019 01: +0,140.773,9
Apr 06 2019 01: +0,143.809,8
Apr 07 2019 01: +0,152.679,3
Apr 08 2019 01: +0,147.965,4
Apr 09 2019 01: +0,153.007,1
Apr 10 2019 01: +0,143.18,3
Apr 11 2019 01: +0,148.517,2
Apr 12 2019 01: +0,146.646,5
Apr 13 2019 01: +0,156.554,2
Apr 14 2019 01: +0,152.288,6
Apr 15 2019 01: +0,150.017,5
Apr 16 2019 01: +0,154.962,2
Apr 17 2019 01: +0,168.215,5
Apr 18 2019 01: +0,146.798,1
Apr 19 2019 01: +0,151.099,3
Apr 20 2019 01: +0,161.17,6
Apr 21 2019 01: +0,155.924,3
Apr 22 2019 01: +0,140.57,3
Apr 23 2019 01: +0,152.84,4
Apr 24 2019 01: +0,158.363,4
Apr 25 2019 01: +0,157.131,4
Apr 26 2019 01: +0,150.446,2
Apr 27 2019 01: +0,146.459,6
Apr 28 2019 01: +0,154.262,4
Apr 29 2019 01: +0,141.349,2
Apr 30 2019 01: +0,161.538,4
May 01 2019 01: +0,153.304,3
May 02 2019 01: +0,144.08,4
May 03 2019 01: +0,160.001,5
May 04 2019 01: +0,159.253,4
May 05 2019 01: +0,152.496,6
May 06 2019 01: +0,167.356,3
May 07 2019 01: +0,175.091,2
May 08 2019 01: +0,142.404,1
May 09 2019 01: +0,157.714,3
May 10 2019 01: +0,161.371,2
May 11 2019 01: +0,146.446,5
May 12 2019 01: +0,144.612,6
May 13 2019 01: +0,149.512,7
May 14 2019 01: +0,148.009,2
May 15 2019 01: +0,153.641,4
May 16 2019 01: +0,156.63,1
May 17 2019 01: +0,145.858,6
May 18 2019 01: +0,145.624,2
May 19 2019 01: +0,148.996,5
May 20 2019 01: +0,150.832,5
May 21 2019 01: +0,148.458,7
May 22 2019 01: +0,161.909,3
May 23 2019 01: +0,157.087,4
May 24 2019 01: +0,152.96,4
May 25 2019 01: +0,156.773,6
May 26 2019 01: +0,159.636,6
May 27 2019 01: +0,162.886,9
May 28 2019 01: +0,153.09,1
May 29 2019 01: +0,169.895,5
May 30 2019 01: +0,150.438,1
May 31 2019 01: +0,155.094,5
Jun 01 2019 01: +0,156.522,7
Jun 02 2019 01: +0,159.379,7
Jun 03 2019 01: +0,172.927,4
Jun 04 2019 01: +0,170.384,4
Jun 05 2019 01: +0,168.006,5
Jun 06 2019 01: +0,163.717,3
Jun 07 2019 01: +0,165.972,4
Jun 08 2019 01: +0,186.321,4
Jun 09 2019 01: +0,157.056,7
Jun 10 2019 01: +0,148.465,3
Jun 11 2019 01: +0,178.286,2
Jun 12 2019 01: +0,181.877,2
Jun 13 2019 01: +0,172.491,1
Jun 14 2019 01: +0,168.212,7
Jun 15 2019 01: +0,171.247,3
Jun 16 2019 01: +0,158.206,5
Jun 17 2019 01: +0,182.502,1
Jun 18 2019 01: +0,161.678,2
Jun 19 2019 01: +0,170.514,4
Jun 20 2019 01: +0,190.352,4
Jun 21 2019 01: +0,177.438,1
Jun 22 2019 01: +0,186.016,1
Jun 23 2019 01: +0,165.18,6
Jun 24 2019 01: +0,176.24,3
Jun 25 2019 01: +0,171.428,4
Jun 26 2019 01: +0,167.79,4
Jun 27 2019 01: +0,174.462,4
Jun 28 2019 01: +0,174.956,3
Jun 29 2019 01: +0,170.006,1
Jun 30 2019 01: +0,167.826,3
Jul 01 2019 01: +0,179.001,1
Jul 02 2019 01: +0,169.028,4
Jul 03 2019 01: +0,170.674,3
Jul 04 2019 01: +0,149.5,1
Jul 05 2019 01: +0,162.538,4
Jul 06 2019 01: +0,165.077,5
Jul 07 2019 01: +0,180.518,1
Jul 08 2019 01: +0,160.981,6
Jul 09 2019 01: +0,142.574,2
Jul 10 2019 01: +0,173.906,2
Jul 11 2019 01: +0,174.796,4
Jul 12 2019 01: +0,167.45,7
Jul 13 2019 01: +0,165.365,2
Jul 14 2019 01: +0,169.345,5
Jul 15 2019 01: +0,169.365,7
Jul 16 2019 01: +0,158.002,3
Jul 17 2019 01: +0,175.261,1
Jul 18 2019 01: +0,187.94,1
Jul 19 2019 01: +0,171.594,4
Jul 20 2019 01: +0,178.081,4
Jul 21 2019 01: +0,183.817,3
Jul 22 2019 01: +0,166.19,4
Jul 23 2019 01: +0,188.638,4
Jul 24 2019 01: +0,187.184,1
Jul 25 2019 01: +0,194.999,3
Jul 26 2019 01: +0,189.191,1
Jul 27 2019 01: +0,190,1
Jul 28 2019 01: +0,172.903,9
Jul 29 2019 01: +0,183.626,1
Jul 30 2019 01: +0,167.795,8
Jul 31 2019 01: +0,193.213,2
Aug 01 2019 01: +0,185.411,4
Aug 02 2019 01: +0,166.482,2
Aug 03 2019 01: +0,173.457,3
Aug 04 2019 01: +0,178.462,4
Aug 05 2019 01: +0,192.284,3
Aug 06 2019 01: +0,183.083,3
Aug 07 2019 01: +0,180.436,5
Aug 08 2019 01: +0,187.138,3
Aug 09 2019 01: +0,172.7,1
Aug 10 2019 01: +0,178.764,5
Aug 11 2019 01: +0,186.957,4
Aug 12 2019 01: +0,189.747,3
Aug 13 2019 01: +0,178.124,3
Aug 14 2019 01: +0,190.397,3
Aug 15 2019 01: +0,165.276,2
Aug 16 2019 01: +0,184.574,6
Aug 17 2019 01: +0,192.526,4
Aug 18 2019 01: +0,185.019,3
Aug 19 2019 01: +0,171.454,3
Aug 20 2019 01: +0,172.589,2
Aug 21 2019 01: +0,178.667,3
Aug 22 2019 01: +0,183.235,1
Aug 23 2019 01: +0,186.436,4
Aug 24 2019 01: +0,172.395,5
Aug 25 2019 01: +0,183.411,3
Aug 26 2019 01: +0,169.855,4
Aug 27 2019 01: +0,180,1
Aug 28 2019 01: +0,167.086,1
Aug 29 2019 01: +0,181.029,6
Aug 30 2019 01: +0,176.861,2
Aug 31 2019 01: +0,173.064,2
Sep 01 2019 01: +0,179.715,3
Sep 02 2019 01: +0,187.79,4
Sep 03 2019 01: +0,182.486,5
Sep 04 2019 01: +0,192.889,4
Sep 05 2019 01: +0,180.303,1
Sep 06 2019 01: +0,179.078,7
Sep 07 2019 01: +0,185.87,5
Sep 08 2019 01: +0,195.501,1
Sep 09 2019 01: +0,198.285,2
Sep 10 2019 01: +0,188.076,4
Sep 12 2019 01: +0,188.07,4
Sep 13 2019 01: +0,215.434,2
Sep 14 2019 01: +0,195.778,4
Sep 15 2019 01: +0,180.331,3
Sep 16 2019 01: +0,188.972,3
Sep 17 2019 01: +0,176.926,2
Sep 18 2019 01: +0,200.609,3
Sep 19 2019 01: +0,198.766,3
Sep 20 2019 01: +0,187.352,4
Sep 21 2019 01: +0,209.13,1
Sep 22 2019 01: +0,192.812,4
Sep 24 2019 01: +0,187.815,4
Sep 25 2019 01: +0,184.182,2
Sep 26 2019 01: +0,191.653,4
Sep 27 2019 01: +0,201.005,3
Sep 28 2019 01: +0,148.32,4
Sep 29 2019 01: +0,185.72,1
Sep 30 2019 01: +0,177.41,1
Oct 01 2019 01: +0,200.242,3
Oct 02 2019 01: +0,198.386,7
Oct 03 2019 01: +0,186.439,4
Oct 04 2019 01: +0,174.668,1
Oct 05 2019 01: +0,202.245,2
Oct 06 2019 01: +0,189.755,4
Oct 07 2019 01: +0,211.37,1
Oct 08 2019 01: +0,202.013,4
Oct 09 2019 01: +0,209.478,1
Oct 10 2019 01: +0,179.75,1
Oct 11 2019 01: +0,182.908,4
Oct 12 2019 01: +0,206.692,1
Oct 13 2019 01: +0,188.19,2
Oct 14 2019 01: +0,196.648,3
Oct 15 2019 01: +0,199.862,3
Oct 17 2019 01: +0,203.399,2
Oct 18 2019 01: +0,198.584,4
Oct 19 2019 01: +0,188.609,6
Oct 20 2019 01: +0,175.017,1
Oct 21 2019 01: +0,179.84,5
Oct 22 2019 01: +0,184.075,2
Oct 23 2019 01: +0,165.838,2
Oct 24 2019 01: +0,189.99,2
Oct 25 2019 01: +0,176.68,2
Oct 26 2019 01: +0,175.507,4
Oct 27 2019 01: +0,193.59,1
Oct 29 2019 01: +0,173.277,2
Oct 30 2019 01: +0,179.743,4
Oct 31 2019 01: +0,170.019,2
Nov 01 2019 01: +0,202.673,3
Nov 02 2019 01: +0,192.232,4
Nov 03 2019 01: +0,196.607,3
Nov 04 2019 01: +0,196.762,3
Nov 07 2019 01: +0,190.5,3
Nov 10 2019 01: +0,184.878,3
Nov 11 2019 01: +0,181.108,1
Nov 12 2019 01: +0,169.169,6
Nov 13 2019 01: +0,195.271,4
Nov 14 2019 01: +0,183.797,4
Nov 15 2019 01: +0,184.72,1
Nov 16 2019 01: +0,182.619,3
Nov 17 2019 01: +0,183.14,3
Nov 18 2019 01: +0,182.85,1
Nov 19 2019 01: +0,164.155,5
Nov 20 2019 01: +0,150.726,3
Nov 21 2019 01: +0,162.483,3
Nov 22 2019 01: +0,154.119,7
Nov 23 2019 01: +0,157.424,3
Nov 24 2019 01: +0,155.578,4
Nov 25 2019 01: +0,165.127,3
Nov 26 2019 01: +0,159.3,2
Nov 27 2019 01: +0,159.612,3
Nov 28 2019 01: +0,168.698,3
Nov 29 2019 01: +0,155.033,8
Nov 30 2019 01: +0,167.899,5
Dec 01 2019 01: +0,180.101,4
Dec 02 2019 01: +0,178.02,6
Dec 03 2019 01: +0,176.998,1
Dec 04 2019 01: +0,157.571,4
Dec 05 2019 01: +0,167.955,4
Dec 06 2019 01: +0,170.325,5
Dec 07 2019 01: +0,173.255,1
Dec 08 2019 01: +0,177.944,9
Dec 09 2019 01: +0,183.153,1
Dec 10 2019 01: +0,168.539,5
Dec 11 2019 01: +0,173.362,2
Dec 12 2019 01: +0,174.971,4
Dec 13 2019 01: +0,162.318,6
Dec 14 2019 01: +0,179.93,4
Dec 15 2019 01: +0,177.922,4
Dec 16 2019 01: +0,168.053,6
Dec 17 2019 01: +0,183.856,5
Dec 18 2019 01: +0,178.534,2
Dec 19 2019 01: +0,177.967,3
Dec 20 2019 01: +0,179.836,4
Dec 21 2019 01: +0,176.757,3
Dec 22 2019 01: +0,178.112,5
Dec 23 2019 01: +0,174.657,8
Dec 24 2019 01: +0,184.986,6
Dec 25 2019 01: +0,203.705,1
Dec 26 2019 01: +0,214.515,2
Dec 27 2019 01: +0,196.444,3
Dec 28 2019 01: +0,184.654,5
Dec 29 2019 01: +0,191.687,4
Dec 30 2019 01: +0,188.214,12
Dec 31 2019 01: +0,192.496,3
Jan 01 2020 01: +0,193.288,4
Jan 02 2020 01: +0,201.319,6
Jan 03 2020 01: +0,187.814,2
Jan 04 2020 01: +0,191.843,5
Jan 05 2020 01: +0,205.304,3
Jan 06 2020 01: +0,186.485,4
Jan 07 2020 01: +0,203.482,2
Jan 08 2020 01: +0,195.119,3
Jan 09 2020 01: +0,205.38,4
Jan 10 2020 01: +0,188.891,4
Jan 11 2020 01: +0,188.04,1
Jan 12 2020 01: +0,215.482,2
Jan 13 2020 01: +0,210.632,1
Jan 14 2020 01: +0,205.58,1
Jan 15 2020 01: +0,206.395,4
Jan 16 2020 01: +0,193.769,3
Jan 17 2020 01: +0,198.531,4
Jan 18 2020 01: +0,200.292,5
Jan 19 2020 01: +0,215.138,4
Jan 20 2020 01: +0,186.259,2
Jan 21 2020 01: +0,204.395,5
Jan 22 2020 01: +0,188.686,5
Jan 23 2020 01: +0,203.458,5
Jan 24 2020 01: +0,204.76,4
Jan 25 2020 01: +0,177.335,3
Jan 26 2020 01: +0,192.795,3
Jan 27 2020 01: +0,200.27,3
Jan 28 2020 01: +0,197.427,4
Jan 29 2020 01: +0,193.844,5
Jan 30 2020 01: +0,193.163,2
Jan 31 2020 01: +0,186.739,4
Feb 01 2020 01: +0,201.445,6
Feb 02 2020 01: +0,200.577,4
Feb 03 2020 01: +0,216.763,3
Feb 04 2020 01: +0,178.885,1
Feb 05 2020 01: +0,193.248,3
Feb 06 2020 01: +0,197.394,4
Feb 07 2020 01: +0,206.31,5
Feb 08 2020 01: +0,188.282,2
Feb 09 2020 01: +0,203.216,3
Feb 10 2020 01: +0,217.295,1
Feb 11 2020 01: +0,183.595,2
Feb 12 2020 01: +0,193.301,4
Feb 13 2020 01: +0,192.038,2
Feb 15 2020 01: +0,200.02,5
Feb 16 2020 01: +0,181.41,2
Feb 17 2020 01: +0,202.936,4
Feb 18 2020 01: +0,182.672,1
Feb 19 2020 01: +0,199.215,4
Feb 20 2020 01: +0,180.906,1
Feb 21 2020 01: +0,178.469,2
Feb 22 2020 01: +0,173.293,1
Feb 23 2020 01: +0,193.593,3
Feb 24 2020 01: +0,182.257,7
Feb 25 2020 01: +0,188.95,7
Feb 26 2020 01: +0,209.744,3
Feb 27 2020 01: +0,197.266,4
Feb 28 2020 01: +0,178.791,4
Feb 29 2020 01: +0,188.337,4
Mar 01 2020 01: +0,197.317,4
Mar 02 2020 01: +0,191.018,3
Mar 03 2020 01: +0,190.787,7
Mar 04 2020 01: +0,195.012,4
Mar 05 2020 01: +0,197.656,5
Mar 06 2020 01: +0,197.855,7
Mar 07 2020 01: +0,211.372,6
Mar 08 2020 01: +0,194.744,8
Mar 09 2020 01: +0,208.867,2
Mar 10 2020 01: +0,192.681,2
Mar 11 2020 01: +0,191.243,2
Mar 12 2020 01: +0,188.308,4
Mar 13 2020 01: +0,202.747,4
Mar 14 2020 01: +0,177.1,3
Mar 15 2020 01: +0,199.788,4
Mar 16 2020 01: +0,182.95,4
Mar 17 2020 01: +0,191.594,6
Mar 18 2020 01: +0,199.45,1
Mar 19 2020 01: +0,196.861,5
Mar 20 2020 01: +0,176.25,3
Mar 21 2020 01: +0,188.8,4
Mar 22 2020 01: +0,181.29,2
Mar 23 2020 01: +0,193.061,5
Mar 24 2020 01: +0,196.349,3
Mar 25 2020 01: +0,182.036,5
Mar 26 2020 01: +0,187.723,11
Mar 27 2020 01: +0,190.733,5
Mar 28 2020 01: +0,188.879,7
Mar 29 2020 01: +0,197.864,2
Mar 31 2020 01: +0,204.742,3
Apr 01 2020 01: +0,191.489,7
Apr 02 2020 01: +0,173.958,8
Apr 03 2020 01: +0,189.472,9
Apr 04 2020 01: +0,204.993,4
Apr 05 2020 01: +0,191.537,7
Apr 06 2020 01: +0,179.461,8
Apr 07 2020 01: +0,192.324,8
Apr 08 2020 01: +0,191.369,6
Apr 09 2020 01: +0,194.558,8
Apr 10 2020 01: +0,197.378,4
Apr 11 2020 01: +0,201.463,5
Apr 12 2020 01: +0,207.355,8
Apr 13 2020 01: +0,208.309,5
Apr 14 2020 01: +0,207.649,3
Apr 15 2020 01: +0,200.1,5
Apr 16 2020 01: +0,207.635,9
Apr 17 2020 01: +0,212.342,11
Apr 18 2020 01: +0,198.101,8
Apr 19 2020 01: +0,198.133,4
Apr 20 2020 01: +0,202.642,6
Apr 21 2020 01: +0,202.883,8
Apr 22 2020 01: +0,205.978,3
Apr 23 2020 01: +0,199.077,3
Apr 24 2020 01: +0,209.726,6
Apr 25 2020 01: +0,202.346,8
Apr 26 2020 01: +0,198.427,5
Apr 27 2020 01: +0,204.075,4
Apr 28 2020 01: +0,204.538,4
Apr 29 2020 01: +0,203.632,7
Apr 30 2020 01: +0,214.192,3
May 01 2020 01: +0,204.664,7
May 02 2020 01: +0,202.584,6
May 03 2020 01: +0,210.298,5
May 04 2020 01: +0,206.351,3
May 05 2020 01: +0,208.183,5
May 06 2020 01: +0,211.961,5
May 07 2020 01: +0,213.641,5
May 08 2020 01: +0,193.55,1
May 09 2020 01: +0,204.64,5
May 10 2020 01: +0,205.974,6
May 11 2020 01: +0,217.596,6
May 12 2020 01: +0,218.593,8
May 13 2020 01: +0,212.737,8
May 14 2020 01: +0,222.849,3
May 15 2020 01: +0,218.534,4
May 16 2020 01: +0,210.898,4
May 17 2020 01: +0,212.917,3
May 18 2020 01: +0,208.254,3
May 19 2020 01: +0,209.416,2
May 20 2020 01: +0,192.118,3
May 21 2020 01: +0,218.653,5
May 22 2020 01: +0,221.314,6
May 23 2020 01: +0,222.183,5
May 24 2020 01: +0,205.837,2
May 25 2020 01: +0,211.056,4
May 26 2020 01: +0,196.879,3
May 27 2020 01: +0,202.783,7
May 28 2020 01: +0,208.731,6
May 29 2020 01: +0,198.851,3
May 30 2020 01: +0,215.802,8
May 31 2020 01: +0,210.911,8
Jun 01 2020 01: +0,216.449,3
Jun 02 2020 01: +0,197.424,4
Jun 03 2020 01: +0,207.616,4
Jun 04 2020 01: +0,205.471,6
Jun 05 2020 01: +0,212.736,7
Jun 06 2020 01: +0,191.025,4
Jun 07 2020 01: +0,211.562,9
Jun 08 2020 01: +0,209.145,2
Jun 09 2020 01: +0,191.423,1
Jun 10 2020 01: +0,194.99,5
Jun 11 2020 01: +0,212.285,10
Jun 12 2020 01: +0,210.254,3
Jun 13 2020 01: +0,214.886,3
Jun 14 2020 01: +0,223.97,1
Jun 15 2020 01: +0,204.245,3
Jun 16 2020 01: +0,201.615,2
Jun 17 2020 01: +0,201.042,2
Jun 18 2020 01: +0,151.851,3
Jun 19 2020 01: +0,211.354,4
Jun 20 2020 01: +0,189.406,3
Jun 21 2020 01: +0,191.936,4
Jun 22 2020 01: +0,201.865,5
Jun 23 2020 01: +0,193.13,2
Jun 24 2020 01: +0,188.923,7
Jun 25 2020 01: +0,191.863,5
Jun 26 2020 01: +0,203.844,3
Jun 27 2020 01: +0,201.444,5
Jun 28 2020 01: +0,192.471,5
Jun 29 2020 01: +0,210.578,2
Jun 30 2020 01: +0,187.413,4
Jul 01 2020 01: +0,190.6,9
Jul 02 2020 01: +0,196.209,4
Jul 03 2020 01: +0,198.645,3
Jul 04 2020 01: +0,201.189,5
Jul 05 2020 01: +0,194.678,7
Jul 06 2020 01: +0,196.337,5
Jul 07 2020 01: +0,190.98,5
Jul 08 2020 01: +0,204.005,3
Jul 09 2020 01: +0,200.621,4
Jul 10 2020 01: +0,197.463,2
Jul 11 2020 01: +0,187.79,4
Jul 12 2020 01: +0,213.249,3
Jul 13 2020 01: +0,219.152,5
Jul 14 2020 01: +0,205.571,3
Jul 15 2020 01: +0,212.718,1
Jul 16 2020 01: +0,204.025,3
Jul 17 2020 01: +0,209.357,3
Jul 18 2020 01: +0,209.26,6
Jul 19 2020 01: +0,215.77,6
Jul 20 2020 01: +0,231.913,3
Jul 21 2020 01: +0,210.211,2
Jul 23 2020 01: +0,211.937,6
Jul 24 2020 01: +0,232.105,2
Jul 25 2020 01: +0,212.412,3
Jul 26 2020 01: +0,210.16,2
Jul 27 2020 01: +0,210.846,4
Jul 28 2020 01: +0,210.001,1
Jul 29 2020 01: +0,221.603,2
Jul 31 2020 01: +0,206.09,5
Aug 01 2020 01: +0,217.418,4
Aug 02 2020 01: +0,222.81,3
Aug 03 2020 01: +0,223.941,2
Aug 04 2020 01: +0,215.249,3
Aug 05 2020 01: +0,227.537,4
Aug 07 2020 01: +0,198.158,3
Aug 08 2020 01: +0,200.377,3
Aug 09 2020 01: +0,228.527,3
Aug 10 2020 01: +0,223.391,1
Aug 11 2020 01: +0,239.343,7
Aug 12 2020 01: +0,217.91,2
Aug 13 2020 01: +0,235.033,5
Aug 14 2020 01: +0,236.197,3
Aug 15 2020 01: +0,210.148,5
Aug 16 2020 01: +0,228.134,5
Aug 17 2020 01: +0,238.037,3
Aug 18 2020 01: +0,227.649,3
Aug 19 2020 01: +0,207.159,2
Aug 20 2020 01: +0,201.365,3
Aug 21 2020 01: +0,210.686,4
Aug 22 2020 01: +0,220.723,7
Aug 23 2020 01: +0,225.59,1
Aug 24 2020 01: +0,220.711,2
Aug 25 2020 01: +0,213.046,3
Aug 26 2020 01: +0,209.445,3
Aug 27 2020 01: +0,211.316,2
Aug 28 2020 01: +0,194.732,1
Aug 29 2020 01: +0,225.138,2
Aug 30 2020 01: +0,200.339,3
Aug 31 2020 01: +0,218.424,2
Sep 01 2020 01: +0,215.005,4
Sep 02 2020 01: +0,211.188,3
Sep 03 2020 01: +0,229.999,1
Sep 05 2020 01: +0,185.22,1
Sep 06 2020 01: +0,197.548,2
Sep 07 2020 01: +0,209.829,5
Sep 08 2020 01: +0,200.246,4
Sep 09 2020 01: +0,194.641,3
Sep 10 2020 01: +0,185.35,1
Sep 11 2020 01: +0,232.47,1
Sep 12 2020 01: +0,202.275,6
Sep 13 2020 01: +0,205.86,4
Sep 14 2020 01: +0,209.392,2
Sep 15 2020 01: +0,208.592,5
Sep 16 2020 01: +0,215.959,3
Sep 17 2020 01: +0,194.82,1
Sep 18 2020 01: +0,216.313,4
Sep 19 2020 01: +0,196.21,1
Sep 20 2020 01: +0,200.086,3
Sep 21 2020 01: +0,204.747,6
Sep 22 2020 01: +0,205.952,6
Sep 23 2020 01: +0,208.187,5
Sep 24 2020 01: +0,216.227,2
Sep 25 2020 01: +0,207.75,2
Sep 26 2020 01: +0,198.49,4
Sep 27 2020 01: +0,213.358,5
Sep 28 2020 01: +0,204.09,6
Sep 29 2020 01: +0,202.601,4
Sep 30 2020 01: +0,214.53,2
Oct 01 2020 01: +0,207.615,6
Oct 02 2020 01: +0,212.2,2
Oct 03 2020 01: +0,213.623,7
Oct 04 2020 01: +0,212.517,5
Oct 05 2020 01: +0,206.235,4
Oct 06 2020 01: +0,221.128,3
Oct 07 2020 01: +0,211.634,4
Oct 08 2020 01: +0,201.55,5
Oct 09 2020 01: +0,207.92,3
Oct 10 2020 01: +0,227.607,3
Oct 11 2020 01: +0,222.635,3
Oct 12 2020 01: +0,214.581,5
Oct 13 2020 01: +0,202.97,1
Oct 14 2020 01: +0,212.302,2
Oct 15 2020 01: +0,220.132,4
Oct 16 2020 01: +0,212.068,2
Oct 17 2020 01: +0,214.295,4
Oct 18 2020 01: +0,215.517,3
Oct 19 2020 01: +0,225.202,2
Oct 20 2020 01: +0,225.688,5
Oct 21 2020 01: +0,211.785,1
Oct 22 2020 01: +0,210.28,5
Oct 23 2020 01: +0,218.816,3
Oct 24 2020 01: +0,232.77,1
Oct 25 2020 01: +0,207.217,3
Oct 26 2020 01: +0,214.302,4
Oct 27 2020 01: +0,217.146,3
Oct 29 2020 01: +0,210.89,3
Oct 30 2020 01: +0,207.032,2
Oct 31 2020 01: +0,237.79,1
Nov 01 2020 01: +0,211.968,3
Nov 02 2020 01: +0,216.214,2
Nov 03 2020 01: +0,203.173,3
Nov 04 2020 01: +0,230.543,3
Nov 05 2020 01: +0,202.551,3
Nov 06 2020 01: +0,199.992,5
Nov 07 2020 01: +0,204.378,5
Nov 08 2020 01: +0,200.427,6
Nov 09 2020 01: +0,202.5,2
Nov 10 2020 01: +0,222.31,2
Nov 11 2020 01: +0,202.246,3
Nov 12 2020 01: +0,206.04,2
Nov 13 2020 01: +0,214.888,5
Nov 14 2020 01: +0,204.698,6
Nov 15 2020 01: +0,212.298,6
Nov 17 2020 01: +0,208.003,4
Nov 18 2020 01: +0,212.24,1
Nov 19 2020 01: +0,206.772,2
Nov 20 2020 01: +0,199.591,2
Nov 21 2020 01: +0,223.175,4
Nov 22 2020 01: +0,224.291,4
Nov 23 2020 01: +0,202.484,4
Nov 24 2020 01: +0,202.508,2
Nov 25 2020 01: +0,208.134,5
Nov 26 2020 01: +0,189.346,5
Nov 27 2020 01: +0,200,1
Nov 28 2020 01: +0,221.511,5
Nov 29 2020 01: +0,194.97,4
Nov 30 2020 01: +0,205.695,2
Dec 01 2020 01: +0,204.167,3
Dec 02 2020 01: +0,199.769,4
Dec 03 2020 01: +0,184.708,2
Dec 04 2020 01: +0,199.032,3
Dec 05 2020 01: +0,163.884,2
Dec 06 2020 01: +0,200.834,4
Dec 07 2020 01: +0,173.002,5
Dec 08 2020 01: +0,183.031,3
Dec 09 2020 01: +0,179.596,6
Dec 10 2020 01: +0,177.816,7
Dec 11 2020 01: +0,194.062,10
Dec 12 2020 01: +0,176.781,2
Dec 13 2020 01: +0,206.863,1
Dec 14 2020 01: +0,203.015,3
Dec 15 2020 01: +0,200.823,3
Dec 16 2020 01: +0,208.647,6
Dec 17 2020 01: +0,208.904,4
Dec 18 2020 01: +0,211.301,4
Dec 19 2020 01: +0,207.163,5
Dec 20 2020 01: +0,212.968,4
Dec 21 2020 01: +0,212.549,6
Dec 22 2020 01: +0,216.253,5
Dec 23 2020 01: +0,214.115,7
Dec 24 2020 01: +0,221.454,1
Dec 25 2020 01: +0,226.964,6
Dec 26 2020 01: +0,217.507,6
Dec 27 2020 01: +0,236.68,2
Dec 28 2020 01: +0,212.073,5
Dec 29 2020 01: +0,221.632,5
Dec 30 2020 01: +0,230.682,4
Dec 31 2020 01: +0,199.71,2
Jan 01 2021 01: +0,218.389,6
Jan 02 2021 01: +0,222.369,11
Jan 03 2021 01: +0,229.627,7
Jan 04 2021 01: +0,235.388,4
Jan 05 2021 01: +0,234.076,6
Jan 06 2021 01: +0,230.986,4
Jan 07 2021 01: +0,223.185,4
Jan 08 2021 01: +0,225.572,7
Jan 09 2021 01: +0,232.01,6
Jan 10 2021 01: +0,231.523,6
Jan 11 2021 01: +0,250.509,4
Jan 12 2021 01: +0,248.471,5
Jan 13 2021 01: +0,255.316,6
Jan 14 2021 01: +0,238.834,7
Jan 15 2021 01: +0,249.512,7
Jan 16 2021 01: +0,254.07,1
Jan 17 2021 01: +0,250.262,4
Jan 18 2021 01: +0,250.99,3
Jan 19 2021 01: +0,236.562,5
Jan 20 2021 01: +0,243.34,3
Jan 21 2021 01: +0,240.209,6
Jan 22 2021 01: +0,259.477,6
Jan 23 2021 01: +0,230.439,4
Jan 24 2021 01: +0,246.773,3
Jan 25 2021 01: +0,228.313,6
Jan 26 2021 01: +0,251.089,5
Jan 27 2021 01: +0,247.824,2
Jan 28 2021 01: +0,227.877,4
Jan 29 2021 01: +0,228.684,7
Jan 30 2021 01: +0,234.808,3
Jan 31 2021 01: +0,240.61,3
Feb 01 2021 01: +0,233.937,7
Feb 02 2021 01: +0,227.833,6
Feb 03 2021 01: +0,239.529,6
Feb 04 2021 01: +0,238.623,6
Feb 05 2021 01: +0,225.083,4
Feb 06 2021 01: +0,233.239,5
Feb 07 2021 01: +0,237.88,8
Feb 08 2021 01: +0,249.686,5
Feb 09 2021 01: +0,206.42,1
Feb 10 2021 01: +0,237.577,8
Feb 11 2021 01: +0,220.686,3
Feb 12 2021 01: +0,230.957,4
Feb 13 2021 01: +0,226.327,5
Feb 14 2021 01: +0,224.974,6
Feb 15 2021 01: +0,226.323,5
Feb 16 2021 01: +0,218.695,5
Feb 17 2021 01: +0,231.514,7
Feb 18 2021 01: +0,218.313,3
Feb 19 2021 01: +0,240.204,2
Feb 20 2021 01: +0,242.721,6
Feb 21 2021 01: +0,236.125,3
Feb 22 2021 01: +0,222.432,1
Feb 23 2021 01: +0,221.42,4
Feb 24 2021 01: +0,239.617,7
Feb 25 2021 01: +0,229.097,4
Feb 26 2021 01: +0,244.215,5
Feb 27 2021 01: +0,228.484,8
Feb 28 2021 01: +0,245.431,2
Mar 01 2021 01: +0,239.595,8
Mar 02 2021 01: +0,233.285,5
Mar 03 2021 01: +0,244.39,1
Mar 04 2021 01: +0,233.053,7
Mar 05 2021 01: +0,240.065,7
Mar 06 2021 01: +0,246.016,11
Mar 07 2021 01: +0,245.778,6
Mar 08 2021 01: +0,256.261,5
Mar 09 2021 01: +0,232.236,4
Mar 10 2021 01: +0,264.853,3
Mar 11 2021 01: +0,228.845,5
Mar 12 2021 01: +0,250.181,5
Mar 13 2021 01: +0,240.992,11
Mar 14 2021 01: +0,232.892,4
Mar 15 2021 01: +0,267.933,2
Mar 16 2021 01: +0,255,1
Mar 17 2021 01: +0,252.477,6
Mar 18 2021 01: +0,256.59,2
Mar 19 2021 01: +0,253.916,8
Mar 20 2021 01: +0,229.824,4
Mar 21 2021 01: +0,268.739,3
Mar 22 2021 01: +0,247.681,8
Mar 23 2021 01: +0,269.99,1
Mar 24 2021 01: +0,261.894,6
Mar 25 2021 01: +0,259.826,4
Mar 26 2021 01: +0,262.497,3
Mar 27 2021 01: +0,254.195,3
Mar 28 2021 01: +0,254.564,2
Mar 29 2021 01: +0,275.81,3
Mar 30 2021 01: +0,268.254,3
Mar 31 2021 01: +0,250.036,7
Apr 01 2021 01: +0,256.409,4
Apr 02 2021 01: +0,258.458,5
Apr 03 2021 01: +0,259.881,5
Apr 04 2021 01: +0,276.725,7
Apr 05 2021 01: +0,262.707,3
Apr 06 2021 01: +0,265.668,4
Apr 07 2021 01: +0,255.25,1
Apr 08 2021 01: +0,266.182,3
Apr 09 2021 01: +0,251.718,7
Apr 10 2021 01: +0,264.627,3
Apr 11 2021 01: +0,251.417,5
Apr 12 2021 01: +0,241.759,9
Apr 13 2021 01: +0,245.091,9
Apr 14 2021 01: +0,254.437,3
Apr 15 2021 01: +0,275.128,3
Apr 16 2021 01: +0,261.638,5
Apr 17 2021 01: +0,262.789,5
Apr 18 2021 01: +0,245.764,3
Apr 19 2021 01: +0,270.197,3
Apr 20 2021 01: +0,257.947,3
Apr 21 2021 01: +0,267.5,1
Apr 22 2021 01: +0,244.623,5
Apr 23 2021 01: +0,260.607,5
Apr 24 2021 01: +0,266.004,5
Apr 25 2021 01: +0,259.236,5
Apr 27 2021 01: +0,283.36,1
Apr 28 2021 01: +0,265.188,2
Apr 29 2021 01: +0,256.456,3
Apr 30 2021 01: +0,251.858,6
May 01 2021 01: +0,232.04,1
May 02 2021 01: +0,266.797,5
May 03 2021 01: +0,249.7,6
May 04 2021 01: +0,264.95,6
May 05 2021 01: +0,265.71,8
May 06 2021 01: +0,215.982,1
May 07 2021 01: +0,282.605,2
May 08 2021 01: +0,242.989,2
May 09 2021 01: +0,265.504,5
May 10 2021 01: +0,262.803,3
May 11 2021 01: +0,269.334,3
May 12 2021 01: +0,263.719,5
May 13 2021 01: +0,263.016,2
May 14 2021 01: +0,251.159,6
May 15 2021 01: +0,259.908,6
May 16 2021 01: +0,271.696,7
May 17 2021 01: +0,259.584,7
May 18 2021 01: +0,268.416,5
May 19 2021 01: +0,257.44,10
May 20 2021 01: +0,269.624,7
May 21 2021 01: +0,273.442,3
May 22 2021 01: +0,270.435,4
May 23 2021 01: +0,266.95,4
May 24 2021 01: +0,257.254,3
May 25 2021 01: +0,242.678,5
May 26 2021 01: +0,264.759,2
May 27 2021 01: +0,277.929,2
May 28 2021 01: +0,270.38,4
May 29 2021 01: +0,261.674,4
May 30 2021 01: +0,257.731,3
May 31 2021 01: +0,251.461,4
Jun 01 2021 01: +0,274.661,6
Jun 02 2021 01: +0,287.902,1
Jun 03 2021 01: +0,256.01,1
Jun 04 2021 01: +0,275.524,3
Jun 06 2021 01: +0,276.744,2
Jun 07 2021 01: +0,273.861,2
Jun 08 2021 01: +0,249.724,5
Jun 09 2021 01: +0,249.397,3
Jun 10 2021 01: +0,243.926,1
Jun 11 2021 01: +0,264.013,5
Jun 12 2021 01: +0,270.046,3
Jun 13 2021 01: +0,264.433,5
Jun 14 2021 01: +0,249.034,3
Jun 15 2021 01: +0,282.563,4
Jun 16 2021 01: +0,256.753,4
Jun 18 2021 01: +0,279.176,2
Jun 19 2021 01: +0,256.841,6
Jun 20 2021 01: +0,262.129,4
Jun 21 2021 01: +0,266.093,3
Jun 22 2021 01: +0,270.519,3
Jun 23 2021 01: +0,256.065,4
Jun 24 2021 01: +0,250.75,4
Jun 25 2021 01: +0,242.041,5
Jun 26 2021 01: +0,257.972,5
Jun 27 2021 01: +0,250.745,3
Jun 28 2021 01: +0,238.39,3
Jun 30 2021 01: +0,256.697,5
Jul 01 2021 01: +0,237.697,4
Jul 03 2021 01: +0,258.583,1
Jul 04 2021 01: +0,247.856,3
Jul 05 2021 01: +0,270.985,2
Jul 07 2021 01: +0,260.196,1
Jul 08 2021 01: +0,252.102,5
Jul 09 2021 01: +0,272.264,2
Jul 10 2021 01: +0,237.42,3
Jul 11 2021 01: +0,263.08,5
Jul 13 2021 01: +0,230.704,2
Jul 14 2021 01: +0,271.55,1
Jul 15 2021 01: +0,253.273,5
Jul 16 2021 01: +0,258.693,1
Jul 17 2021 01: +0,248.959,2
Jul 18 2021 01: +0,241.924,2
Jul 19 2021 01: +0,236.343,3
Jul 20 2021 01: +0,235.255,6
Jul 21 2021 01: +0,244.101,5
Jul 22 2021 01: +0,225.445,2
Jul 23 2021 01: +0,262.82,1
Jul 24 2021 01: +0,240.349,2
Jul 25 2021 01: +0,233.219,4
Jul 26 2021 01: +0,222.628,5
Jul 27 2021 01: +0,255.878,3
Jul 28 2021 01: +0,253.338,4
Jul 29 2021 01: +0,246.92,2
Jul 30 2021 01: +0,249.991,4
Jul 31 2021 01: +0,252.779,4
Aug 01 2021 01: +0,254.203,5
Aug 03 2021 01: +0,248.616,4
Aug 04 2021 01: +0,264.083,2
Aug 05 2021 01: +0,263.941,2
Aug 06 2021 01: +0,242.306,5
Aug 07 2021 01: +0,260.374,1
Aug 08 2021 01: +0,238.441,6
Aug 09 2021 01: +0,247.634,6
Aug 10 2021 01: +0,215.296,2
Aug 11 2021 01: +0,242.107,5
Aug 13 2021 01: +0,232.656,3
Aug 14 2021 01: +0,234.846,3
Aug 15 2021 01: +0,247.672,2
Aug 16 2021 01: +0,244.12,4
Aug 17 2021 01: +0,243.839,5
Aug 18 2021 01: +0,237.016,5
Aug 19 2021 01: +0,232.346,2
Aug 20 2021 01: +0,223.319,3
Aug 21 2021 01: +0,236.402,5
Aug 22 2021 01: +0,252.531,2
Aug 24 2021 01: +0,248.886,3
Aug 25 2021 01: +0,239.678,1
Aug 26 2021 01: +0,235.128,2
Aug 27 2021 01: +0,240.305,2
Aug 28 2021 01: +0,244.594,4
Aug 29 2021 01: +0,243.47,4
Aug 30 2021 01: +0,234.732,2
Aug 31 2021 01: +0,215.44,2
Sep 01 2021 01: +0,230.756,2
Sep 02 2021 01: +0,236.876,3
Sep 03 2021 01: +0,249.981,1
Sep 04 2021 01: +0,234.535,3
Sep 05 2021 01: +0,248.815,5
Sep 06 2021 01: +0,236.864,2
Sep 07 2021 01: +0,226.575,2
Sep 08 2021 01: +0,236.305,4
Sep 09 2021 01: +0,238.335,6
Sep 10 2021 01: +0,242.528,2
Sep 11 2021 01: +0,223.5,2
Sep 12 2021 01: +0,239.874,4
Sep 13 2021 01: +0,235.445,4
Sep 14 2021 01: +0,255.499,2
Sep 16 2021 01: +0,251.494,5
Sep 17 2021 01: +0,235.707,8
Sep 18 2021 01: +0,223.084,4
Sep 19 2021 01: +0,225.075,6
Sep 20 2021 01: +0,246.247,4
Sep 21 2021 01: +0,242.16,3
Sep 22 2021 01: +0,199.788,8
Sep 23 2021 01: +0,207.459,6
Sep 24 2021 01: +0,167.68,1
Sep 25 2021 01: +0,208.027,6
Sep 26 2021 01: +0,209.092,4
Sep 27 2021 01: +0,193.375,5
Sep 28 2021 01: +0,221.537,5
Sep 29 2021 01: +0,209.102,5
Sep 30 2021 01: +0,212.293,8
Oct 01 2021 01: +0,218.063,1
Oct 02 2021 01: +0,225.464,5
Oct 03 2021 01: +0,221.694,5
Oct 04 2021 01: +0,218.338,5
Oct 05 2021 01: +0,213.391,5
Oct 06 2021 01: +0,222.407,5
Oct 07 2021 01: +0,233.434,7
Oct 08 2021 01: +0,229.271,7
Oct 09 2021 01: +0,208.71,4
Oct 10 2021 01: +0,231.71,7
Oct 11 2021 01: +0,229.614,4
Oct 12 2021 01: +0,231.976,5
Oct 13 2021 01: +0,228.637,4
Oct 14 2021 01: +0,237.551,2
Oct 15 2021 01: +0,229.207,5
Oct 16 2021 01: +0,219.846,3
Oct 17 2021 01: +0,232.925,4
Oct 18 2021 01: +0,222.729,3
Oct 19 2021 01: +0,220.443,3
Oct 20 2021 01: +0,224.229,5
Oct 21 2021 01: +0,235.701,4
Oct 22 2021 01: +0,238.546,4
Oct 23 2021 01: +0,228.531,3
Oct 24 2021 01: +0,223.955,2
Oct 25 2021 01: +0,231.552,2
Oct 26 2021 01: +0,205.837,2
Oct 27 2021 01: +0,228.295,2
Oct 28 2021 01: +0,219.283,3
Oct 29 2021 01: +0,211.865,4
Oct 30 2021 01: +0,216.408,8
Oct 31 2021 01: +0,223.852,4
Nov 01 2021 01: +0,219.048,4
Nov 02 2021 01: +0,219.253,2
Nov 03 2021 01: +0,217.445,4
Nov 04 2021 01: +0,224.003,1
Nov 05 2021 01: +0,216.894,8
Nov 06 2021 01: +0,225.816,3
Nov 07 2021 01: +0,218.208,5
Nov 08 2021 01: +0,206.307,6
Nov 09 2021 01: +0,217.439,3
Nov 10 2021 01: +0,207.707,4
Nov 11 2021 01: +0,199.323,8
Nov 12 2021 01: +0,215.845,4
Nov 13 2021 01: +0,213.077,5
Nov 14 2021 01: +0,206.38,3
Nov 15 2021 01: +0,220.109,6
Nov 16 2021 01: +0,208.253,5
Nov 17 2021 01: +0,206.073,5
Nov 18 2021 01: +0,207.212,8
Nov 19 2021 01: +0,216.776,3
Nov 20 2021 01: +0,216.737,3
Nov 21 2021 01: +0,231.136,2
Nov 22 2021 01: +0,207.139,5
Nov 23 2021 01: +0,143.645,3
Nov 24 2021 01: +0,215.966,2
Nov 25 2021 01: +0,222.22,2
Nov 26 2021 01: +0,199.979,4
Nov 27 2021 01: +0,200.872,5
Nov 28 2021 01: +0,203.245,3
Nov 29 2021 01: +0,219.877,4
Nov 30 2021 01: +0,234.328,7
Dec 01 2021 01: +0,207.879,2
Dec 02 2021 01: +0,232.285,2
Dec 03 2021 01: +0,234.527,2
Dec 04 2021 01: +0,241.144,2
Dec 05 2021 01: +0,220.179,6
Dec 06 2021 01: +0,221.153,2
Dec 07 2021 01: +0,210.466,1
Dec 08 2021 01: +0,233.068,3
Dec 09 2021 01: +0,217.519,1
Dec 10 2021 01: +0,230.284,4
Dec 11 2021 01: +0,219.352,3
Dec 12 2021 01: +0,232.81,4
Dec 13 2021 01: +0,252.303,2
Dec 14 2021 01: +0,241.469,2
Dec 15 2021 01: +0,221.286,2
Dec 16 2021 01: +0,212.317,4
Dec 17 2021 01: +0,224.253,3
Dec 18 2021 01: +0,228.101,7
Dec 19 2021 01: +0,215.398,6
Dec 20 2021 01: +0,235.345,4
Dec 22 2021 01: +0,222.189,6
Dec 23 2021 01: +0,218.695,5
Dec 24 2021 01: +0,239.701,3
Dec 25 2021 01: +0,228.291,4
Dec 26 2021 01: +0,227.335,4
Dec 27 2021 01: +0,218.872,5
Dec 28 2021 01: +0,232.996,5
Dec 29 2021 01: +0,233.623,3
Dec 30 2021 01: +0,225.193,6
Dec 31 2021 01: +0,232.218,2
Jan 01 2022 01: +0,232.828,8
Jan 02 2022 01: +0,245.105,2
Jan 03 2022 01: +0,229.003,5
Jan 04 2022 01: +0,239.264,3
Jan 05 2022 01: +0,236.192,4
Jan 06 2022 01: +0,240.08,3
Jan 07 2022 01: +0,246.468,3
Jan 08 2022 01: +0,242.686,4
Jan 09 2022 01: +0,240.293,5
Jan 10 2022 01: +0,247.8,3
Jan 11 2022 01: +0,248.388,9
Jan 12 2022 01: +0,200.07,1
Jan 13 2022 01: +0,241.083,2
Jan 14 2022 01: +0,245.146,2
Jan 15 2022 01: +0,251.598,6
Jan 16 2022 01: +0,263.907,2
Jan 17 2022 01: +0,231.281,5
Jan 19 2022 01: +0,237.441,3
Jan 20 2022 01: +0,225.46,2
Jan 21 2022 01: +0,243.628,5
Jan 22 2022 01: +0,246.518,3
Jan 23 2022 01: +0,239.469,5
Jan 24 2022 01: +0,255.422,4
Jan 25 2022 01: +0,242.262,4
Jan 26 2022 01: +0,240.349,6
Jan 27 2022 01: +0,243.237,3
Jan 28 2022 01: +0,223.906,6
Jan 29 2022 01: +0,241.223,6
Jan 30 2022 01: +0,224.074,6
Jan 31 2022 01: +0,233.522,5
Feb 01 2022 01: +0,231.234,4
Feb 02 2022 01: +0,243.676,3
Feb 03 2022 01: +0,228.122,3
Feb 04 2022 01: +0,257.176,3
Feb 05 2022 01: +0,255.826,3
Feb 06 2022 01: +0,242.48,3
Feb 07 2022 01: +0,251.283,2
Feb 08 2022 01: +0,241.629,4
Feb 09 2022 01: +0,239.149,3
Feb 10 2022 01: +0,231.54,5
Feb 11 2022 01: +0,236.313,9
Feb 12 2022 01: +0,239.663,7
Feb 13 2022 01: +0,243.443,2
Feb 14 2022 01: +0,250.549,1
Feb 15 2022 01: +0,235.516,1
Feb 16 2022 01: +0,235.324,3
Feb 17 2022 01: +0,251.11,2
Feb 18 2022 01: +0,239.829,8
Feb 19 2022 01: +0,251.112,3
Feb 20 2022 01: +0,235.932,6
Feb 21 2022 01: +0,256.393,3
Feb 22 2022 01: +0,264.72,5
Feb 23 2022 01: +0,248.889,4
Feb 24 2022 01: +0,257.37,1
Feb 25 2022 01: +0,242.468,4
Feb 26 2022 01: +0,243.225,3
Feb 27 2022 01: +0,242.984,4
Feb 28 2022 01: +0,255,1
Mar 01 2022 01: +0,240.509,6
Mar 02 2022 01: +0,233.747,4
Mar 03 2022 01: +0,239.536,3
Mar 04 2022 01: +0,235.287,3
Mar 05 2022 01: +0,245.249,7
Mar 06 2022 01: +0,263.358,3
Mar 07 2022 01: +0,226.696,4
Mar 08 2022 01: +0,248.512,4
Mar 09 2022 01: +0,242.39,1
Mar 10 2022 01: +0,247.879,1
Mar 11 2022 01: +0,249.198,3
Mar 12 2022 01: +0,247.345,5
Mar 13 2022 01: +0,256.655,9
Mar 14 2022 01: +0,260.125,2
Mar 15 2022 01: +0,242.74,1
Mar 17 2022 01: +0,246.445,2
Mar 18 2022 01: +0,253.655,6
Mar 19 2022 01: +0,260.169,3
Mar 20 2022 01: +0,255.975,4
Mar 21 2022 01: +0,258.638,6
Mar 22 2022 01: +0,261.699,3
Mar 23 2022 01: +0,251.626,4
Mar 24 2022 01: +0,270.167,5
Mar 25 2022 01: +0,258.095,2
Mar 26 2022 01: +0,258.449,2
Mar 27 2022 01: +0,274.731,3
Mar 28 2022 01: +0,245.269,2
Mar 29 2022 01: +0,261.217,2
Mar 30 2022 01: +0,277.365,2
Mar 31 2022 01: +0,272.334,3
Apr 01 2022 01: +0,251.715,2
Apr 02 2022 01: +0,261.827,2
Apr 03 2022 01: +0,268.817,2
Apr 04 2022 01: +0,267.595,2
Apr 05 2022 01: +0,261.37,1
Apr 06 2022 01: +0,278.534,2
Apr 07 2022 01: +0,274.451,1
Apr 09 2022 01: +0,271.808,5
Apr 10 2022 01: +0,268.61,3
Apr 11 2022 01: +0,274.29,3
Apr 12 2022 01: +0,270.381,2
Apr 13 2022 01: +0,269.992,4
Apr 14 2022 01: +0,261.36,1
Apr 15 2022 01: +0,271.21,1
Apr 16 2022 01: +0,274.474,3
Apr 18 2022 01: +0,281.35,2
Apr 20 2022 01: +0,287.182,6
Apr 22 2022 01: +0,275.923,3
Apr 23 2022 01: +0,302.02,4
Apr 24 2022 01: +0,289.58,2
Apr 25 2022 01: +0,286.383,5
Apr 26 2022 01: +0,306.555,2
Apr 27 2022 01: +0,278.25,4
Apr 28 2022 01: +0,267,7
Apr 29 2022 01: +0,279.155,3
Apr 30 2022 01: +0,272.759,5
May 01 2022 01: +0,272.965,4
May 02 2022 01: +0,312.506,1
May 03 2022 01: +0,285.872,2
May 04 2022 01: +0,294.14,2
May 05 2022 01: +0,277.859,4
May 06 2022 01: +0,273.092,1
May 07 2022 01: +0,291.153,3
May 08 2022 01: +0,285.771,4
May 09 2022 01: +0,253.935,2
May 10 2022 01: +0,270.275,2
May 11 2022 01: +0,273.51,4
May 12 2022 01: +0,270.342,2
May 13 2022 01: +0,264.704,2
May 14 2022 01: +0,278.157,3
May 16 2022 01: +0,249.103,2
May 17 2022 01: +0,275.513,2
May 18 2022 01: +0,281.704,3
May 19 2022 01: +0,276.007,1
May 20 2022 01: +0,260.88,3
May 21 2022 01: +0,269.765,3
May 24 2022 01: +0,302.17,1
Jun 03 2022 01: +0,302.45,1
Jun 09 2022 01: +0,258.32,1
