Mar 15 2019 01: +0,1227.774,2
Mar 16 2019 01: +0,416.598,6
Mar 17 2019 01: +0,801.192,6
Mar 18 2019 01: +0,692.201,3
Mar 20 2019 01: +0,323.21,2
Mar 21 2019 01: +0,355.28,6
Mar 22 2019 01: +0,334.278,5
Mar 23 2019 01: +0,563.973,4
Mar 24 2019 01: +0,652.546,3
Mar 25 2019 01: +0,739.456,2
Mar 26 2019 01: +0,629.929,4
Mar 27 2019 01: +0,968.14,2
Mar 28 2019 01: +0,1002.851,3
Mar 29 2019 01: +0,323.554,5
Mar 30 2019 01: +0,339.427,4
Mar 31 2019 01: +0,367.859,1
Apr 01 2019 01: +0,308.653,3
Apr 02 2019 01: +0,326.27,1
Apr 03 2019 01: +0,335.349,3
Apr 04 2019 01: +0,1036.324,4
Apr 05 2019 01: +0,1050.305,2
Apr 06 2019 01: +0,353.296,4
Apr 08 2019 01: +0,445.346,2
Apr 09 2019 01: +0,788.118,1
Apr 10 2019 01: +0,383.314,1
Apr 11 2019 01: +0,1290.94,1
Apr 12 2019 01: +0,801.72,3
Apr 13 2019 01: +0,326.593,3
Apr 14 2019 01: +0,695.036,4
Apr 15 2019 01: +0,349.403,3
Apr 16 2019 01: +0,328,1
Apr 17 2019 01: +0,350.103,3
Apr 18 2019 01: +0,344.12,1
Apr 20 2019 01: +0,314.903,3
Apr 21 2019 01: +0,351.824,3
Apr 24 2019 01: +0,333.08,3
Apr 27 2019 01: +0,755.561,3
Apr 28 2019 01: +0,302.005,2
Apr 29 2019 01: +0,400,1
Apr 30 2019 01: +0,300.58,1
May 01 2019 01: +0,319.082,2
May 02 2019 01: +0,304.615,2
May 03 2019 01: +0,354.891,4
May 04 2019 01: +0,314.459,3
May 05 2019 01: +0,304.248,3
May 06 2019 01: +0,289.657,3
May 07 2019 01: +0,358.194,2
May 08 2019 01: +0,357.953,2
May 09 2019 01: +0,412.818,2
May 10 2019 01: +0,594.858,2
May 11 2019 01: +0,337.09,2
May 12 2019 01: +0,316.25,1
May 14 2019 01: +0,297.635,1
May 15 2019 01: +0,286.703,1
May 16 2019 01: +0,319.7,4
May 18 2019 01: +0,303.908,4
May 19 2019 01: +0,340.008,1
May 20 2019 01: +0,290.026,3
May 21 2019 01: +0,365.005,2
May 22 2019 01: +0,341.062,1
May 23 2019 01: +0,324.801,3
May 24 2019 01: +0,282.57,1
May 27 2019 01: +0,311.282,3
May 29 2019 01: +0,345.32,3
May 30 2019 01: +0,385.842,1
May 31 2019 01: +0,358.18,3
Jun 01 2019 01: +0,666.103,3
Jun 02 2019 01: +0,335.004,1
Jun 05 2019 01: +0,380.999,1
Jun 06 2019 01: +0,316.813,2
Jun 07 2019 01: +0,371.357,3
Jun 08 2019 01: +0,959.737,2
Jun 09 2019 01: +0,355.162,3
Jun 11 2019 01: +0,345.87,2
Jun 13 2019 01: +0,339.406,2
Jun 14 2019 01: +0,375.066,4
Jun 15 2019 01: +0,309.93,1
Jun 16 2019 01: +0,305.626,2
Jun 17 2019 01: +0,365.313,3
Jun 18 2019 01: +0,337.518,2
Jun 19 2019 01: +0,823.105,3
Jun 20 2019 01: +0,319.038,1
Jun 21 2019 01: +0,331.254,2
Jun 22 2019 01: +0,341.222,3
Jun 23 2019 01: +0,365.954,3
Jun 25 2019 01: +0,403.962,2
Jun 26 2019 01: +0,338.032,3
Jun 27 2019 01: +0,347.266,2
Jun 28 2019 01: +0,309.957,2
Jun 30 2019 01: +0,351.179,1
Jul 01 2019 01: +0,345.504,3
Jul 03 2019 01: +0,342.338,3
Jul 04 2019 01: +0,356.497,2
Jul 07 2019 01: +0,367.418,1
Jul 08 2019 01: +0,401.759,2
Jul 09 2019 01: +0,347.043,2
Jul 10 2019 01: +0,346.482,1
Jul 11 2019 01: +0,337.811,2
Jul 14 2019 01: +0,328.447,2
Jul 15 2019 01: +0,479.34,1
Jul 16 2019 01: +0,337.686,2
Jul 17 2019 01: +0,340.233,3
Jul 18 2019 01: +0,363.159,1
Jul 19 2019 01: +0,355.194,2
Jul 20 2019 01: +0,399.843,1
Jul 21 2019 01: +0,357.58,5
Jul 22 2019 01: +0,358.905,1
Jul 23 2019 01: +0,335.8,3
Jul 24 2019 01: +0,333.9,1
Jul 25 2019 01: +0,368,1
Jul 27 2019 01: +0,364.98,1
Jul 28 2019 01: +0,338.816,3
Jul 29 2019 01: +0,300.012,1
Jul 30 2019 01: +0,344.2,2
Aug 01 2019 01: +0,368,1
Aug 02 2019 01: +0,374.591,1
Aug 03 2019 01: +0,351.468,1
Aug 04 2019 01: +0,325.931,1
Aug 05 2019 01: +0,335.916,3
Aug 06 2019 01: +0,358.491,1
Aug 07 2019 01: +0,329.731,1
Aug 08 2019 01: +0,340.369,2
Aug 09 2019 01: +0,359.784,3
Aug 10 2019 01: +0,337.795,2
Aug 12 2019 01: +0,351.255,3
Aug 13 2019 01: +0,327.872,3
Aug 14 2019 01: +0,413.091,3
Aug 16 2019 01: +0,359.813,3
Aug 17 2019 01: +0,380.005,1
Aug 18 2019 01: +0,365.681,1
Aug 19 2019 01: +0,342.218,5
Aug 20 2019 01: +0,313.122,2
Aug 21 2019 01: +0,298.877,1
Aug 22 2019 01: +0,361.854,2
Aug 23 2019 01: +0,310.245,5
Aug 24 2019 01: +0,298.998,1
Aug 25 2019 01: +0,337.715,3
Aug 27 2019 01: +0,332.22,2
Aug 29 2019 01: +0,302.934,5
Aug 30 2019 01: +0,555.719,4
Aug 31 2019 01: +0,367.052,5
Sep 01 2019 01: +0,346.873,1
Sep 02 2019 01: +0,314.79,3
Sep 03 2019 01: +0,319.635,3
Sep 05 2019 01: +0,335.87,1
Sep 06 2019 01: +0,344.759,5
Sep 07 2019 01: +0,422.725,2
Sep 08 2019 01: +0,240.563,3
Sep 10 2019 01: +0,317.169,1
Sep 11 2019 01: +0,485.073,5
Sep 12 2019 01: +0,326.06,2
Sep 13 2019 01: +0,1222.09,1
Sep 14 2019 01: +0,744.137,2
Sep 15 2019 01: +0,339.638,3
Sep 16 2019 01: +0,389.25,1
Sep 17 2019 01: +0,329.25,2
Sep 18 2019 01: +0,309.917,1
Sep 19 2019 01: +0,328.866,2
Sep 21 2019 01: +0,311.343,2
Sep 22 2019 01: +0,297.923,1
Sep 23 2019 01: +0,1690.33,1
Sep 24 2019 01: +0,339.632,2
Sep 25 2019 01: +0,362.75,1
Sep 26 2019 01: +0,314.834,1
Sep 27 2019 01: +0,278.703,2
Sep 28 2019 01: +0,403.117,2
Sep 29 2019 01: +0,504.093,4
Sep 30 2019 01: +0,341.88,5
Oct 01 2019 01: +0,333.687,2
Oct 02 2019 01: +0,358.081,2
Oct 04 2019 01: +0,336.209,5
Oct 05 2019 01: +0,619.936,3
Oct 07 2019 01: +0,633.426,5
Oct 08 2019 01: +0,359.099,3
Oct 09 2019 01: +0,406.259,3
Oct 11 2019 01: +0,787.517,2
Oct 13 2019 01: +0,843.926,2
Oct 14 2019 01: +0,415.416,2
Oct 16 2019 01: +0,318.917,3
Oct 18 2019 01: +0,343.411,4
Oct 19 2019 01: +0,384.547,6
Oct 20 2019 01: +0,322.59,5
Oct 21 2019 01: +0,326.1,2
Oct 22 2019 01: +0,352.786,4
Oct 24 2019 01: +0,350.005,2
Oct 25 2019 01: +0,404.397,2
Oct 26 2019 01: +0,345.663,3
Oct 27 2019 01: +0,373.408,1
Oct 28 2019 01: +0,329.869,3
Oct 30 2019 01: +0,329.608,2
Oct 31 2019 01: +0,342.964,4
Nov 01 2019 01: +0,354.09,2
Nov 02 2019 01: +0,335.681,3
Nov 03 2019 01: +0,621.653,4
Nov 04 2019 01: +0,356.582,1
Nov 05 2019 01: +0,305.938,2
Nov 06 2019 01: +0,453.345,6
Nov 07 2019 01: +0,326.662,1
Nov 08 2019 01: +0,324.21,2
Nov 09 2019 01: +0,528.924,3
Nov 10 2019 01: +0,496.048,4
Nov 13 2019 01: +0,497.535,4
Nov 15 2019 01: +0,667.576,4
Nov 16 2019 01: +0,330.013,1
Nov 17 2019 01: +0,349.993,1
Nov 18 2019 01: +0,313.708,2
Nov 19 2019 01: +0,333.395,3
Nov 20 2019 01: +0,271.279,5
Nov 21 2019 01: +0,300.655,1
Nov 22 2019 01: +0,252.391,1
Nov 23 2019 01: +0,341.864,4
Nov 24 2019 01: +0,263.795,3
Nov 25 2019 01: +0,318.695,3
Nov 26 2019 01: +0,306.755,2
Nov 27 2019 01: +0,288.181,3
Nov 28 2019 01: +0,264.401,2
Nov 29 2019 01: +0,1200.44,1
Nov 30 2019 01: +0,672.935,2
Dec 02 2019 01: +0,243.876,1
Dec 03 2019 01: +0,903.724,4
Dec 04 2019 01: +0,253.518,3
Dec 05 2019 01: +0,267.141,3
Dec 06 2019 01: +0,271.031,2
Dec 07 2019 01: +0,331.767,3
Dec 08 2019 01: +0,293.05,4
Dec 09 2019 01: +0,274.97,1
Dec 10 2019 01: +0,1003.142,2
Dec 11 2019 01: +0,639.688,5
Dec 12 2019 01: +0,303.975,2
Dec 13 2019 01: +0,276.715,2
Dec 14 2019 01: +0,311.202,5
Dec 15 2019 01: +0,345.846,3
Dec 16 2019 01: +0,580.621,5
Dec 17 2019 01: +0,321.802,1
Dec 18 2019 01: +0,409.517,2
Dec 19 2019 01: +0,295.857,3
Dec 21 2019 01: +0,355.227,2
Dec 22 2019 01: +0,290.859,8
Dec 23 2019 01: +0,267.018,1
Dec 24 2019 01: +0,266.54,1
Dec 25 2019 01: +0,300.714,5
Dec 27 2019 01: +0,286.564,2
Dec 28 2019 01: +0,304.316,4
Dec 29 2019 01: +0,294.337,2
Dec 30 2019 01: +0,316.135,2
Dec 31 2019 01: +0,284.777,6
Jan 01 2020 01: +0,350.71,1
Jan 02 2020 01: +0,326.735,2
Jan 03 2020 01: +0,301.939,3
Jan 04 2020 01: +0,307.519,2
Jan 05 2020 01: +0,1756.434,1
Jan 06 2020 01: +0,320.16,3
Jan 08 2020 01: +0,340.169,2
Jan 09 2020 01: +0,803.608,3
Jan 10 2020 01: +0,382.464,1
Jan 11 2020 01: +0,651.973,4
Jan 12 2020 01: +0,338.701,5
Jan 13 2020 01: +0,327.254,2
Jan 15 2020 01: +0,690.062,5
Jan 16 2020 01: +0,383.452,1
Jan 18 2020 01: +0,314.213,6
Jan 19 2020 01: +0,333.63,4
Jan 20 2020 01: +0,312.516,3
Jan 21 2020 01: +0,317.756,4
Jan 22 2020 01: +0,330.207,2
Jan 23 2020 01: +0,1019.58,2
Jan 24 2020 01: +0,338.354,1
Jan 25 2020 01: +0,350.003,1
Jan 26 2020 01: +0,322.981,6
Jan 27 2020 01: +0,316.468,3
Jan 28 2020 01: +0,361.052,4
Jan 29 2020 01: +0,321.191,6
Jan 30 2020 01: +0,336.794,4
Jan 31 2020 01: +0,342.456,2
Feb 01 2020 01: +0,355.004,1
Feb 02 2020 01: +0,331.786,3
Feb 03 2020 01: +0,324.17,2
Feb 04 2020 01: +0,343.088,3
Feb 05 2020 01: +0,358.35,4
Feb 06 2020 01: +0,320.256,3
Feb 07 2020 01: +0,350.341,3
Feb 08 2020 01: +0,350.135,6
Feb 09 2020 01: +0,328.412,1
Feb 10 2020 01: +0,328.916,3
Feb 11 2020 01: +0,319.153,7
Feb 12 2020 01: +0,329.396,4
Feb 13 2020 01: +0,299.067,5
Feb 14 2020 01: +0,343.494,3
Feb 15 2020 01: +0,380.114,6
Feb 16 2020 01: +0,317.407,3
Feb 18 2020 01: +0,329.697,4
Feb 19 2020 01: +0,363.718,4
Feb 20 2020 01: +0,929.293,2
Feb 21 2020 01: +0,320.665,8
Feb 22 2020 01: +0,338.208,4
Feb 23 2020 01: +0,321.373,4
Feb 24 2020 01: +0,325.003,3
Feb 25 2020 01: +0,336.884,2
Feb 26 2020 01: +0,342.254,1
Feb 27 2020 01: +0,726.014,3
Feb 28 2020 01: +0,319.25,3
Feb 29 2020 01: +0,295.922,1
Mar 01 2020 01: +0,308.835,6
Mar 02 2020 01: +0,799.51,3
Mar 04 2020 01: +0,236.319,5
Mar 05 2020 01: +0,323.005,2
Mar 06 2020 01: +0,296.458,1
Mar 07 2020 01: +0,320.216,5
Mar 08 2020 01: +0,416.788,6
Mar 09 2020 01: +0,431.981,2
Mar 10 2020 01: +0,599.337,4
Mar 11 2020 01: +0,360.673,3
Mar 12 2020 01: +0,314.902,5
Mar 13 2020 01: +0,357.886,2
Mar 14 2020 01: +0,527.262,6
Mar 16 2020 01: +0,361.015,1
Mar 17 2020 01: +0,298.946,6
Mar 18 2020 01: +0,333.58,4
Mar 19 2020 01: +0,279.781,3
Mar 20 2020 01: +0,336.749,2
Mar 21 2020 01: +0,271.016,6
Mar 22 2020 01: +0,273.086,4
Mar 23 2020 01: +0,279.287,4
Mar 24 2020 01: +0,285.537,5
Mar 26 2020 01: +0,339.522,2
Mar 28 2020 01: +0,491.474,7
Mar 29 2020 01: +0,284.705,3
Mar 31 2020 01: +0,302.38,6
Apr 01 2020 01: +0,664.33,4
Apr 02 2020 01: +0,294.237,3
Apr 03 2020 01: +0,285.714,7
Apr 04 2020 01: +0,277.832,8
Apr 05 2020 01: +0,271.39,6
Apr 06 2020 01: +0,319.033,4
Apr 07 2020 01: +0,288.674,5
Apr 08 2020 01: +0,283.673,3
Apr 09 2020 01: +0,557.508,2
Apr 10 2020 01: +0,447.211,10
Apr 11 2020 01: +0,274.279,8
Apr 12 2020 01: +0,290.578,6
Apr 13 2020 01: +0,283.902,6
Apr 14 2020 01: +0,311.299,7
Apr 15 2020 01: +0,286.586,5
Apr 16 2020 01: +0,301.41,8
Apr 17 2020 01: +0,313.074,6
Apr 18 2020 01: +0,290.844,8
Apr 19 2020 01: +0,299.286,7
Apr 20 2020 01: +0,293.392,5
Apr 21 2020 01: +0,304.84,5
Apr 22 2020 01: +0,331.011,6
Apr 23 2020 01: +0,306.77,5
Apr 24 2020 01: +0,508.361,10
Apr 25 2020 01: +0,323.993,3
Apr 26 2020 01: +0,286.947,3
Apr 27 2020 01: +0,336.043,3
Apr 28 2020 01: +0,300.858,6
Apr 29 2020 01: +0,321.66,4
Apr 30 2020 01: +0,287.384,6
May 01 2020 01: +0,306.978,8
May 02 2020 01: +0,341.687,8
May 03 2020 01: +0,320.18,5
May 04 2020 01: +0,301.229,5
May 05 2020 01: +0,322.825,3
May 06 2020 01: +0,327.509,9
May 07 2020 01: +0,313.429,9
May 08 2020 01: +0,334.119,4
May 09 2020 01: +0,316.956,4
May 10 2020 01: +0,426.709,6
May 11 2020 01: +0,304.426,7
May 12 2020 01: +0,325.827,6
May 13 2020 01: +0,314.339,5
May 14 2020 01: +0,297.611,5
May 15 2020 01: +0,318.313,10
May 16 2020 01: +0,314.035,1
May 17 2020 01: +0,316.4,8
May 18 2020 01: +0,284.425,3
May 19 2020 01: +0,777.151,5
May 20 2020 01: +0,291.184,7
May 21 2020 01: +0,745.353,4
May 22 2020 01: +0,297.955,4
May 23 2020 01: +0,297.092,10
May 24 2020 01: +0,290.319,5
May 25 2020 01: +0,402.815,7
May 26 2020 01: +0,625.264,4
May 27 2020 01: +0,286.631,5
May 28 2020 01: +0,279.763,3
May 29 2020 01: +0,289.986,11
May 30 2020 01: +0,439.188,6
May 31 2020 01: +0,286.878,8
Jun 01 2020 01: +0,280.728,2
Jun 02 2020 01: +0,276.842,6
Jun 03 2020 01: +0,272.103,7
Jun 04 2020 01: +0,333.796,7
Jun 05 2020 01: +0,295.354,3
Jun 06 2020 01: +0,404.28,5
Jun 07 2020 01: +0,296.145,4
Jun 08 2020 01: +0,292.408,6
Jun 09 2020 01: +0,341.15,4
Jun 10 2020 01: +0,279.54,1
Jun 11 2020 01: +0,279.65,2
Jun 12 2020 01: +0,310.725,4
Jun 13 2020 01: +0,306.907,7
Jun 14 2020 01: +0,297.917,3
Jun 15 2020 01: +0,285.758,5
Jun 16 2020 01: +0,279.996,4
Jun 17 2020 01: +0,293.228,2
Jun 18 2020 01: +0,374.015,5
Jun 19 2020 01: +0,312.039,2
Jun 20 2020 01: +0,289.019,6
Jun 21 2020 01: +0,283.486,2
Jun 22 2020 01: +0,714.044,2
Jun 23 2020 01: +0,296.12,2
Jun 24 2020 01: +0,268.575,6
Jun 25 2020 01: +0,269.405,3
Jun 26 2020 01: +0,249.806,3
Jun 27 2020 01: +0,589.116,5
Jun 28 2020 01: +0,271.563,2
Jun 29 2020 01: +0,296.997,2
Jun 30 2020 01: +0,283.357,3
Jul 01 2020 01: +0,254.18,4
Jul 02 2020 01: +0,640.756,4
Jul 03 2020 01: +0,277.911,4
Jul 04 2020 01: +0,274.254,2
Jul 05 2020 01: +0,285.184,4
Jul 06 2020 01: +0,270.913,7
Jul 07 2020 01: +0,519.956,4
Jul 08 2020 01: +0,279.188,6
Jul 09 2020 01: +0,263.063,2
Jul 10 2020 01: +0,491.761,5
Jul 11 2020 01: +0,281.457,5
Jul 12 2020 01: +0,293.825,9
Jul 13 2020 01: +0,274.01,2
Jul 14 2020 01: +0,410.996,13
Jul 15 2020 01: +0,302.396,3
Jul 16 2020 01: +0,295.667,5
Jul 17 2020 01: +0,290.571,2
Jul 18 2020 01: +0,1001.35,2
Jul 19 2020 01: +0,283.332,5
Jul 20 2020 01: +0,309.845,4
Jul 21 2020 01: +0,293.34,8
Jul 22 2020 01: +0,639.128,4
Jul 23 2020 01: +0,317.071,8
Jul 24 2020 01: +0,342.705,5
Jul 25 2020 01: +0,300.757,6
Jul 26 2020 01: +0,281.633,4
Jul 27 2020 01: +0,303.29,8
Jul 28 2020 01: +0,276.657,4
Jul 29 2020 01: +0,315.736,1
Jul 30 2020 01: +0,294.427,5
Jul 31 2020 01: +0,288.471,7
Aug 01 2020 01: +0,299.584,7
Aug 02 2020 01: +0,319.241,4
Aug 03 2020 01: +0,302.422,4
Aug 04 2020 01: +0,283.855,6
Aug 05 2020 01: +0,557.147,6
Aug 06 2020 01: +0,291.244,2
Aug 07 2020 01: +0,291.782,7
Aug 08 2020 01: +0,271.374,6
Aug 09 2020 01: +0,265.034,3
Aug 10 2020 01: +0,271.014,4
Aug 11 2020 01: +0,446.311,9
Aug 12 2020 01: +0,279.695,2
Aug 13 2020 01: +0,290.804,4
Aug 14 2020 01: +0,273.433,5
Aug 15 2020 01: +0,495.367,8
Aug 16 2020 01: +0,288.839,3
Aug 17 2020 01: +0,283.817,5
Aug 18 2020 01: +0,407.355,4
Aug 19 2020 01: +0,261.121,5
Aug 20 2020 01: +0,1214.708,3
Aug 21 2020 01: +0,275.269,2
Aug 22 2020 01: +0,262.647,5
Aug 23 2020 01: +0,258.918,6
Aug 24 2020 01: +0,297.185,2
Aug 25 2020 01: +0,256.767,7
Aug 26 2020 01: +0,253.045,5
Aug 27 2020 01: +0,496.08,6
Aug 28 2020 01: +0,267.853,8
Aug 29 2020 01: +0,251.214,3
Aug 30 2020 01: +0,276.224,5
Aug 31 2020 01: +0,274.509,2
Sep 01 2020 01: +0,239.27,6
Sep 02 2020 01: +0,273.861,4
Sep 03 2020 01: +0,243.598,2
Sep 04 2020 01: +0,244.464,9
Sep 05 2020 01: +0,250.905,7
Sep 06 2020 01: +0,1250.013,1
Sep 07 2020 01: +0,279.549,5
Sep 08 2020 01: +0,885.646,4
Sep 09 2020 01: +0,169.325,3
Sep 10 2020 01: +0,528.59,5
Sep 11 2020 01: +0,237.465,7
Sep 12 2020 01: +0,260.151,7
Sep 13 2020 01: +0,242.594,5
Sep 14 2020 01: +0,263.258,8
Sep 15 2020 01: +0,375.21,5
Sep 16 2020 01: +0,338.656,6
Sep 17 2020 01: +0,529.881,3
Sep 18 2020 01: +0,268.886,7
Sep 19 2020 01: +0,334.644,1
Sep 20 2020 01: +0,786.813,3
Sep 21 2020 01: +0,528.089,5
Sep 22 2020 01: +0,268.468,3
Sep 23 2020 01: +0,277.185,3
Sep 24 2020 01: +0,246.45,2
Sep 25 2020 01: +0,290.44,5
Sep 26 2020 01: +0,295.371,1
Sep 27 2020 01: +0,264.128,6
Sep 28 2020 01: +0,261.683,8
Sep 29 2020 01: +0,264.186,4
Sep 30 2020 01: +0,273.522,4
Oct 01 2020 01: +0,272.388,3
Oct 02 2020 01: +0,295.34,1
Oct 03 2020 01: +0,400.705,9
Oct 04 2020 01: +0,271.595,2
Oct 05 2020 01: +0,283.098,5
Oct 06 2020 01: +0,514.373,6
Oct 07 2020 01: +0,435.785,6
Oct 08 2020 01: +0,273.729,9
Oct 09 2020 01: +0,434.14,6
Oct 10 2020 01: +0,345.161,7
Oct 11 2020 01: +0,265.027,6
Oct 12 2020 01: +0,275.747,5
Oct 13 2020 01: +0,282.606,3
Oct 14 2020 01: +0,274.296,5
Oct 15 2020 01: +0,346.668,9
Oct 16 2020 01: +0,280.14,9
Oct 17 2020 01: +0,263.321,2
Oct 18 2020 01: +0,293.817,4
Oct 19 2020 01: +0,283.454,1
Oct 20 2020 01: +0,256.786,5
Oct 21 2020 01: +0,277.272,4
Oct 22 2020 01: +0,441.106,8
Oct 23 2020 01: +0,254.5,1
Oct 24 2020 01: +0,285.528,5
Oct 25 2020 01: +0,264.84,5
Oct 26 2020 01: +0,284.624,2
Oct 27 2020 01: +0,275.291,5
Oct 28 2020 01: +0,296.238,4
Oct 29 2020 01: +0,248.777,5
Oct 30 2020 01: +0,279.07,3
Oct 31 2020 01: +0,270.382,4
Nov 01 2020 01: +0,270.768,7
Nov 02 2020 01: +0,284.672,3
Nov 03 2020 01: +0,271.251,7
Nov 04 2020 01: +0,250.126,2
Nov 05 2020 01: +0,254.921,3
Nov 06 2020 01: +0,283.294,3
Nov 07 2020 01: +0,462.061,5
Nov 08 2020 01: +0,255.453,3
Nov 09 2020 01: +0,280.153,10
Nov 10 2020 01: +0,267.971,6
Nov 11 2020 01: +0,265.773,6
Nov 12 2020 01: +0,266.593,3
Nov 13 2020 01: +0,270.728,5
Nov 14 2020 01: +0,275.271,4
Nov 15 2020 01: +0,251.738,8
Nov 16 2020 01: +0,273.728,5
Nov 17 2020 01: +0,259.152,10
Nov 18 2020 01: +0,232.565,4
Nov 19 2020 01: +0,257.13,7
Nov 20 2020 01: +0,261.891,4
Nov 21 2020 01: +0,268.434,7
Nov 22 2020 01: +0,271.323,2
Nov 23 2020 01: +0,280.973,2
Nov 24 2020 01: +0,256.411,4
Nov 25 2020 01: +0,591.476,8
Nov 26 2020 01: +0,267.438,3
Nov 27 2020 01: +0,289.184,2
Nov 28 2020 01: +0,236.351,7
Nov 29 2020 01: +0,261.449,3
Nov 30 2020 01: +0,241.571,8
Dec 01 2020 01: +0,232.798,5
Dec 02 2020 01: +0,256.57,5
Dec 03 2020 01: +0,251.4,5
Dec 04 2020 01: +0,230.759,10
Dec 05 2020 01: +0,241.593,13
Dec 06 2020 01: +0,331.816,7
Dec 07 2020 01: +0,232.685,3
Dec 08 2020 01: +0,230.435,3
Dec 09 2020 01: +0,236.516,6
Dec 10 2020 01: +0,252.216,3
Dec 11 2020 01: +0,227.027,6
Dec 12 2020 01: +0,244.665,7
Dec 13 2020 01: +0,268.691,5
Dec 14 2020 01: +0,221.256,6
Dec 15 2020 01: +0,255.867,4
Dec 16 2020 01: +0,259.092,4
Dec 17 2020 01: +0,249.21,6
Dec 18 2020 01: +0,240.941,5
Dec 19 2020 01: +0,239.423,7
Dec 20 2020 01: +0,249.143,7
Dec 21 2020 01: +0,247.732,4
Dec 22 2020 01: +0,418.823,7
Dec 23 2020 01: +0,575.976,10
Dec 24 2020 01: +0,244.295,8
Dec 25 2020 01: +0,240.255,4
Dec 26 2020 01: +0,255.026,6
Dec 27 2020 01: +0,279.557,6
Dec 28 2020 01: +0,471.434,4
Dec 29 2020 01: +0,269.131,8
Dec 30 2020 01: +0,443.396,6
Dec 31 2020 01: +0,518.557,7
Jan 01 2021 01: +0,271.197,6
Jan 02 2021 01: +0,293.389,5
Jan 03 2021 01: +0,266.181,9
Jan 04 2021 01: +0,287.138,8
Jan 05 2021 01: +0,302.263,3
Jan 06 2021 01: +0,277.149,5
Jan 07 2021 01: +0,296.737,7
Jan 08 2021 01: +0,283.64,6
Jan 09 2021 01: +0,319.681,8
Jan 10 2021 01: +0,396.11,15
Jan 11 2021 01: +0,330.089,4
Jan 12 2021 01: +0,274.303,7
Jan 13 2021 01: +0,327.549,8
Jan 14 2021 01: +0,270.627,3
Jan 15 2021 01: +0,272.651,9
Jan 16 2021 01: +0,307.683,6
Jan 17 2021 01: +0,309.59,4
Jan 18 2021 01: +0,276.097,5
Jan 19 2021 01: +0,289.373,7
Jan 20 2021 01: +0,274.889,7
Jan 21 2021 01: +0,277.412,8
Jan 22 2021 01: +0,272.839,9
Jan 23 2021 01: +0,280.636,2
Jan 24 2021 01: +0,276.466,7
Jan 25 2021 01: +0,279.459,6
Jan 26 2021 01: +0,384.692,5
Jan 27 2021 01: +0,441.011,10
Jan 28 2021 01: +0,262.987,9
Jan 29 2021 01: +0,270.673,7
Jan 30 2021 01: +0,267.467,5
Jan 31 2021 01: +0,271.762,7
Feb 01 2021 01: +0,278.036,6
Feb 02 2021 01: +0,280.24,7
Feb 03 2021 01: +0,248.988,4
Feb 04 2021 01: +0,344.718,7
Feb 05 2021 01: +0,273.927,8
Feb 06 2021 01: +0,278.242,5
Feb 07 2021 01: +0,337.269,10
Feb 08 2021 01: +0,299.821,9
Feb 09 2021 01: +0,308.56,8
Feb 10 2021 01: +0,254.059,4
Feb 11 2021 01: +0,281.304,4
Feb 12 2021 01: +0,252.605,4
Feb 13 2021 01: +0,252.204,12
Feb 14 2021 01: +0,263.521,8
Feb 15 2021 01: +0,303.267,4
Feb 16 2021 01: +0,256.851,5
Feb 17 2021 01: +0,258.165,3
Feb 18 2021 01: +0,250.846,7
Feb 19 2021 01: +0,269.791,4
Feb 20 2021 01: +0,282.865,6
Feb 21 2021 01: +0,262.074,5
Feb 22 2021 01: +0,265.935,5
Feb 23 2021 01: +0,249.84,3
Feb 24 2021 01: +0,270.307,9
Feb 25 2021 01: +0,251.011,5
Feb 26 2021 01: +0,282.645,5
Feb 27 2021 01: +0,257.603,10
Feb 28 2021 01: +0,269.631,10
Mar 01 2021 01: +0,257.629,9
Mar 02 2021 01: +0,273.587,5
Mar 03 2021 01: +0,256.268,8
Mar 04 2021 01: +0,268.108,6
Mar 05 2021 01: +0,292.775,5
Mar 06 2021 01: +0,268.237,8
Mar 07 2021 01: +0,262.152,10
Mar 08 2021 01: +0,269.883,12
Mar 09 2021 01: +0,258.717,3
Mar 10 2021 01: +0,281.406,6
Mar 11 2021 01: +0,282.907,9
Mar 12 2021 01: +0,282.55,6
Mar 13 2021 01: +0,306.92,9
Mar 14 2021 01: +0,267.652,5
Mar 15 2021 01: +0,292.684,6
Mar 16 2021 01: +0,292.714,5
Mar 17 2021 01: +0,269.968,10
Mar 18 2021 01: +0,269.168,13
Mar 19 2021 01: +0,273.944,9
Mar 20 2021 01: +0,291.025,6
Mar 21 2021 01: +0,267.58,12
Mar 22 2021 01: +0,269.168,5
Mar 23 2021 01: +0,287.092,8
Mar 24 2021 01: +0,286.255,5
Mar 25 2021 01: +0,277.112,3
Mar 26 2021 01: +0,297.339,8
Mar 27 2021 01: +0,287.282,7
Mar 28 2021 01: +0,298.699,5
Mar 29 2021 01: +0,289.892,3
Mar 30 2021 01: +0,292.042,6
Mar 31 2021 01: +0,267.631,6
Apr 01 2021 01: +0,282.686,9
Apr 02 2021 01: +0,277.474,14
Apr 03 2021 01: +0,278.764,5
Apr 04 2021 01: +0,296.407,14
Apr 05 2021 01: +0,286.832,8
Apr 06 2021 01: +0,304.348,6
Apr 07 2021 01: +0,300.126,9
Apr 08 2021 01: +0,300.132,6
Apr 09 2021 01: +0,315.506,6
Apr 10 2021 01: +0,273.107,6
Apr 11 2021 01: +0,273.412,11
Apr 12 2021 01: +0,283.335,8
Apr 13 2021 01: +0,273.792,5
Apr 15 2021 01: +0,256.879,8
Apr 16 2021 01: +0,283.048,12
Apr 17 2021 01: +0,252.001,9
Apr 18 2021 01: +0,286.963,4
Apr 19 2021 01: +0,289.351,7
Apr 20 2021 01: +0,311.661,3
Apr 21 2021 01: +0,286.251,5
Apr 22 2021 01: +0,278.495,9
Apr 23 2021 01: +0,263.782,5
Apr 24 2021 01: +0,297.41,6
Apr 25 2021 01: +0,313.071,6
Apr 26 2021 01: +0,290.596,6
Apr 27 2021 01: +0,289.761,1
Apr 28 2021 01: +0,273.369,10
Apr 29 2021 01: +0,270.023,7
Apr 30 2021 01: +0,283.173,3
May 01 2021 01: +0,288.586,8
May 02 2021 01: +0,275.503,8
May 03 2021 01: +0,349.223,8
May 04 2021 01: +0,266.2,3
May 05 2021 01: +0,265.221,7
May 06 2021 01: +0,278.824,5
May 07 2021 01: +0,307.311,12
May 08 2021 01: +0,293.722,5
May 09 2021 01: +0,512.674,7
May 10 2021 01: +0,285.085,5
May 11 2021 01: +0,259.985,4
May 12 2021 01: +0,285.656,6
May 13 2021 01: +0,290.691,11
May 14 2021 01: +0,292.108,5
May 15 2021 01: +0,369.514,11
May 16 2021 01: +0,283.054,11
May 17 2021 01: +0,286.074,10
May 18 2021 01: +0,442.365,7
May 19 2021 01: +0,284.057,4
May 20 2021 01: +0,301.967,6
May 21 2021 01: +0,293.965,11
May 22 2021 01: +0,301.154,11
May 23 2021 01: +0,330.007,6
May 24 2021 01: +0,289.584,11
May 25 2021 01: +0,277.006,5
May 26 2021 01: +0,309.575,2
May 27 2021 01: +0,273.904,4
May 28 2021 01: +0,289.653,10
May 29 2021 01: +0,286.632,9
May 30 2021 01: +0,279.064,7
May 31 2021 01: +0,289.87,6
Jun 01 2021 01: +0,298.71,6
Jun 02 2021 01: +0,300.935,3
Jun 03 2021 01: +0,292.326,6
Jun 04 2021 01: +0,291.078,8
Jun 05 2021 01: +0,285.406,8
Jun 06 2021 01: +0,286.372,4
Jun 07 2021 01: +0,276.809,4
Jun 08 2021 01: +0,276.024,8
Jun 09 2021 01: +0,281.743,7
Jun 10 2021 01: +0,282.378,3
Jun 11 2021 01: +0,293.283,5
Jun 12 2021 01: +0,288.3,10
Jun 13 2021 01: +0,272.64,11
Jun 14 2021 01: +0,281.569,9
Jun 15 2021 01: +0,290.84,8
Jun 16 2021 01: +0,275.368,8
Jun 17 2021 01: +0,302.617,2
Jun 18 2021 01: +0,284.679,3
Jun 19 2021 01: +0,303.574,7
Jun 20 2021 01: +0,288.38,3
Jun 21 2021 01: +0,281.076,6
Jun 22 2021 01: +0,275.266,4
Jun 23 2021 01: +0,254.747,3
Jun 24 2021 01: +0,263.305,7
Jun 25 2021 01: +0,274.961,7
Jun 26 2021 01: +0,249.722,7
Jun 27 2021 01: +0,269.263,3
Jun 28 2021 01: +0,261.23,6
Jun 29 2021 01: +0,261.505,2
Jun 30 2021 01: +0,256.888,5
Jul 02 2021 01: +0,288.441,4
Jul 03 2021 01: +0,413.809,8
Jul 04 2021 01: +0,434.973,7
Jul 05 2021 01: +0,274.82,3
Jul 06 2021 01: +0,193.349,5
Jul 07 2021 01: +0,242.691,3
Jul 08 2021 01: +0,239.544,6
Jul 09 2021 01: +0,414.698,12
Jul 10 2021 01: +0,232.27,1
Jul 11 2021 01: +0,236.188,3
Jul 12 2021 01: +0,233,1
Jul 13 2021 01: +0,243.135,3
Jul 14 2021 01: +0,236.708,4
Jul 15 2021 01: +0,250.876,7
Jul 16 2021 01: +0,237.158,3
Jul 17 2021 01: +0,236.792,4
Jul 18 2021 01: +0,252.415,4
Jul 19 2021 01: +0,262.189,10
Jul 20 2021 01: +0,251.751,6
Jul 21 2021 01: +0,435.325,6
Jul 22 2021 01: +0,281.992,6
Jul 23 2021 01: +0,273.935,6
Jul 24 2021 01: +0,266.294,4
Jul 25 2021 01: +0,260.595,2
Jul 26 2021 01: +0,282.618,4
Jul 27 2021 01: +0,281.047,4
Jul 28 2021 01: +0,261.175,2
Jul 29 2021 01: +0,271.844,10
Jul 30 2021 01: +0,278.98,5
Jul 31 2021 01: +0,261.116,6
Aug 01 2021 01: +0,275.053,4
Aug 02 2021 01: +0,271.159,9
Aug 03 2021 01: +0,276.834,11
Aug 04 2021 01: +0,267.094,5
Aug 05 2021 01: +0,271.63,2
Aug 06 2021 01: +0,295.264,6
Aug 07 2021 01: +0,275.352,6
Aug 08 2021 01: +0,256.88,1
Aug 09 2021 01: +0,273.254,4
Aug 10 2021 01: +0,267.782,5
Aug 11 2021 01: +0,262.389,4
Aug 12 2021 01: +0,270.738,7
Aug 13 2021 01: +0,295.242,1
Aug 14 2021 01: +0,299.603,10
Aug 15 2021 01: +0,279.777,4
Aug 16 2021 01: +0,275.62,3
Aug 17 2021 01: +0,270.699,4
Aug 18 2021 01: +0,252.288,10
Aug 19 2021 01: +0,274.581,4
Aug 20 2021 01: +0,270.072,7
Aug 21 2021 01: +0,269.332,4
Aug 22 2021 01: +0,272.165,5
Aug 23 2021 01: +0,278.02,3
Aug 24 2021 01: +0,267.839,4
Aug 25 2021 01: +0,260.279,4
Aug 27 2021 01: +0,252.23,6
Aug 28 2021 01: +0,275.323,4
Aug 29 2021 01: +0,266.242,13
Aug 30 2021 01: +0,269.143,6
Aug 31 2021 01: +0,258.684,4
Sep 01 2021 01: +0,278.19,9
Sep 02 2021 01: +0,503.252,6
Sep 03 2021 01: +0,270.544,5
Sep 04 2021 01: +0,292.351,7
Sep 05 2021 01: +0,259.8,1
Sep 06 2021 01: +0,329.394,4
Sep 07 2021 01: +0,293.809,4
Sep 08 2021 01: +0,288.327,3
Sep 09 2021 01: +0,290.277,6
Sep 10 2021 01: +0,284.527,3
Sep 11 2021 01: +0,275.71,3
Sep 12 2021 01: +0,301.666,9
Sep 13 2021 01: +0,276.59,4
Sep 14 2021 01: +0,279.915,9
Sep 15 2021 01: +0,284.948,7
Sep 16 2021 01: +0,275.655,3
Sep 17 2021 01: +0,284.222,4
Sep 18 2021 01: +0,294.472,7
Sep 19 2021 01: +0,270.099,9
Sep 20 2021 01: +0,267.364,5
Sep 21 2021 01: +0,267.566,8
Sep 22 2021 01: +0,231.996,14
Sep 23 2021 01: +0,236.625,10
Sep 24 2021 01: +0,211.742,5
Sep 25 2021 01: +0,366.732,9
Sep 26 2021 01: +0,269.585,6
Sep 27 2021 01: +0,249.919,11
Sep 28 2021 01: +0,248.51,4
Sep 29 2021 01: +0,272.171,4
Sep 30 2021 01: +0,281.201,7
Oct 01 2021 01: +0,287.839,6
Oct 02 2021 01: +0,252.601,10
Oct 03 2021 01: +0,259.842,12
Oct 04 2021 01: +0,242.109,8
Oct 05 2021 01: +0,263.054,13
Oct 06 2021 01: +0,251.71,6
Oct 07 2021 01: +0,251.74,9
Oct 08 2021 01: +0,257.819,5
Oct 09 2021 01: +0,259.605,4
Oct 10 2021 01: +0,285.1,10
Oct 11 2021 01: +0,280.314,10
Oct 12 2021 01: +0,459.583,7
Oct 13 2021 01: +0,321.745,2
Oct 14 2021 01: +0,283.859,7
Oct 15 2021 01: +0,430.998,12
Oct 16 2021 01: +0,262.496,3
Oct 17 2021 01: +0,259.657,6
Oct 18 2021 01: +0,284.305,8
Oct 19 2021 01: +0,270.809,5
Oct 20 2021 01: +0,263.074,9
Oct 21 2021 01: +0,261.538,5
Oct 22 2021 01: +0,267.064,5
Oct 23 2021 01: +0,296.068,8
Oct 24 2021 01: +0,268.625,5
Oct 25 2021 01: +0,255.971,6
Oct 26 2021 01: +0,243.993,6
Oct 27 2021 01: +0,249.803,8
Oct 28 2021 01: +0,286.171,5
Oct 29 2021 01: +0,421.586,6
Oct 30 2021 01: +0,253.169,6
Oct 31 2021 01: +0,269.676,7
Nov 01 2021 01: +0,263.566,10
Nov 02 2021 01: +0,482.72,9
Nov 03 2021 01: +0,265.969,9
Nov 04 2021 01: +0,304.254,5
Nov 05 2021 01: +0,292.464,6
Nov 06 2021 01: +0,301.302,8
Nov 07 2021 01: +0,278.785,10
Nov 08 2021 01: +0,299.958,5
Nov 09 2021 01: +0,266.561,5
Nov 10 2021 01: +0,443.685,9
Nov 11 2021 01: +0,286.526,12
Nov 12 2021 01: +0,329.463,2
Nov 13 2021 01: +0,291.626,8
Nov 14 2021 01: +0,311.806,2
Nov 15 2021 01: +0,260.319,10
Nov 16 2021 01: +0,286.16,5
Nov 17 2021 01: +0,277.375,3
Nov 18 2021 01: +0,272.032,9
Nov 19 2021 01: +0,405.056,8
Nov 20 2021 01: +0,277.701,7
Nov 21 2021 01: +0,267.542,3
Nov 22 2021 01: +0,274.201,4
Nov 23 2021 01: +0,275.782,8
Nov 24 2021 01: +0,255.362,4
Nov 25 2021 01: +0,264.898,8
Nov 26 2021 01: +0,280.068,3
Nov 27 2021 01: +0,251.795,7
Nov 28 2021 01: +0,261.02,11
Nov 29 2021 01: +0,294.333,11
Nov 30 2021 01: +0,263.512,6
Dec 01 2021 01: +0,244.521,4
Dec 02 2021 01: +0,307.064,3
Dec 03 2021 01: +0,256.76,11
Dec 04 2021 01: +0,270.847,9
Dec 05 2021 01: +0,284.177,6
Dec 06 2021 01: +0,301.192,8
Dec 07 2021 01: +0,324.981,7
Dec 08 2021 01: +0,285.34,6
Dec 09 2021 01: +0,273.41,2
Dec 10 2021 01: +0,297.666,8
Dec 11 2021 01: +0,300.12,7
Dec 12 2021 01: +0,299.053,2
Dec 13 2021 01: +0,282.446,6
Dec 14 2021 01: +0,281.604,4
Dec 15 2021 01: +0,295.854,8
Dec 16 2021 01: +0,277.954,5
Dec 17 2021 01: +0,303.7,7
Dec 18 2021 01: +0,295.711,2
Dec 19 2021 01: +0,283.579,7
Dec 20 2021 01: +0,304.262,11
Dec 21 2021 01: +0,279.201,4
Dec 22 2021 01: +0,312.302,8
Dec 23 2021 01: +0,297.843,7
Dec 24 2021 01: +0,293.841,8
Dec 25 2021 01: +0,298.163,6
Dec 26 2021 01: +0,283.081,5
Dec 27 2021 01: +0,298.7,8
Dec 28 2021 01: +0,312.006,4
Dec 29 2021 01: +0,291.217,8
Dec 30 2021 01: +0,302.551,5
Dec 31 2021 01: +0,323.088,4
Jan 01 2022 01: +0,298.5,5
Jan 02 2022 01: +0,306.184,8
Jan 03 2022 01: +0,338.687,9
Jan 04 2022 01: +0,340.051,3
Jan 05 2022 01: +0,298.311,4
Jan 06 2022 01: +0,353.925,3
Jan 07 2022 01: +0,313.957,9
Jan 08 2022 01: +0,296.415,4
Jan 09 2022 01: +0,326.194,6
Jan 10 2022 01: +0,316.944,4
Jan 11 2022 01: +0,320.51,6
Jan 12 2022 01: +0,339.153,9
Jan 13 2022 01: +0,325.92,4
Jan 14 2022 01: +0,338.92,1
Jan 15 2022 01: +0,333.051,5
Jan 16 2022 01: +0,314.574,5
Jan 17 2022 01: +0,309.411,6
Jan 18 2022 01: +0,319.098,3
Jan 19 2022 01: +0,319.701,7
Jan 20 2022 01: +0,326.3,10
Jan 21 2022 01: +0,559.835,6
Jan 22 2022 01: +0,370.639,1
Jan 23 2022 01: +0,320.907,6
Jan 24 2022 01: +0,407.945,6
Jan 25 2022 01: +0,280.363,5
Jan 26 2022 01: +0,328.64,3
Jan 27 2022 01: +0,297.995,6
Jan 28 2022 01: +0,309.686,7
Jan 29 2022 01: +0,319.685,6
Jan 30 2022 01: +0,327.315,2
Jan 31 2022 01: +0,316.048,4
Feb 01 2022 01: +0,304.65,8
Feb 02 2022 01: +0,397.518,10
Feb 03 2022 01: +0,302.833,6
Feb 04 2022 01: +0,305.196,11
Feb 05 2022 01: +0,295.714,5
Feb 06 2022 01: +0,321.118,5
Feb 07 2022 01: +0,351.182,3
Feb 08 2022 01: +0,366.361,4
Feb 09 2022 01: +0,304.072,4
Feb 10 2022 01: +0,310.421,8
Feb 11 2022 01: +0,388.286,1
Feb 12 2022 01: +0,318.706,3
Feb 13 2022 01: +0,325.455,6
Feb 14 2022 01: +0,317.003,3
Feb 15 2022 01: +0,287.126,5
Feb 16 2022 01: +0,304.263,8
Feb 17 2022 01: +0,312.5,3
Feb 18 2022 01: +0,520.384,4
Feb 19 2022 01: +0,330.299,2
Feb 20 2022 01: +0,574.908,6
Feb 21 2022 01: +0,317.792,5
Feb 22 2022 01: +0,320.7,11
Feb 23 2022 01: +0,341.464,4
Feb 24 2022 01: +0,345.434,7
Feb 25 2022 01: +0,315.654,9
Feb 26 2022 01: +0,365.227,7
Feb 27 2022 01: +0,326.915,7
Feb 28 2022 01: +0,315.484,3
Mar 01 2022 01: +0,316.39,3
Mar 02 2022 01: +0,317.283,6
Mar 03 2022 01: +0,326.04,3
Mar 04 2022 01: +0,329.778,3
Mar 05 2022 01: +0,334.075,1
Mar 06 2022 01: +0,359.478,8
Mar 07 2022 01: +0,327.039,5
Mar 08 2022 01: +0,344.156,7
Mar 09 2022 01: +0,336.85,2
Mar 10 2022 01: +0,344.889,6
Mar 11 2022 01: +0,337.883,5
Mar 12 2022 01: +0,531.266,4
Mar 13 2022 01: +0,362.02,4
Mar 14 2022 01: +0,341.808,4
Mar 15 2022 01: +0,359.175,3
Mar 16 2022 01: +0,361.815,4
Mar 17 2022 01: +0,350.416,5
Mar 18 2022 01: +0,342.605,5
Mar 19 2022 01: +0,365.024,5
Mar 20 2022 01: +0,345.181,5
Mar 21 2022 01: +0,375.784,3
Mar 22 2022 01: +0,355.195,4
Mar 23 2022 01: +0,366.194,7
Mar 24 2022 01: +0,378.455,1
Mar 25 2022 01: +0,433.241,6
Mar 26 2022 01: +0,408.609,2
Mar 27 2022 01: +0,372.391,2
Mar 28 2022 01: +0,352.969,2
Mar 29 2022 01: +0,382.865,5
Mar 30 2022 01: +0,374.299,5
Mar 31 2022 01: +0,357.932,5
Apr 01 2022 01: +0,395.849,4
Apr 02 2022 01: +0,385.409,4
Apr 03 2022 01: +0,378.927,4
Apr 04 2022 01: +0,393.155,5
Apr 05 2022 01: +0,397.215,3
Apr 06 2022 01: +0,364.98,1
Apr 07 2022 01: +0,390.713,5
Apr 08 2022 01: +0,507.264,4
Apr 09 2022 01: +0,395.735,4
Apr 10 2022 01: +0,394.614,5
Apr 11 2022 01: +0,395.033,4
Apr 12 2022 01: +0,390.501,5
Apr 13 2022 01: +0,402.448,4
Apr 14 2022 01: +0,392.122,6
Apr 15 2022 01: +0,596.288,2
Apr 16 2022 01: +0,403.543,5
Apr 17 2022 01: +0,404.147,2
Apr 18 2022 01: +0,408.673,6
Apr 19 2022 01: +0,435.263,4
Apr 20 2022 01: +0,388.743,3
Apr 21 2022 01: +0,402.29,4
Apr 22 2022 01: +0,438.069,6
Apr 23 2022 01: +0,420.115,7
Apr 24 2022 01: +0,405.302,5
Apr 25 2022 01: +0,403.463,9
Apr 26 2022 01: +0,439.336,8
Apr 27 2022 01: +0,445.288,4
Apr 28 2022 01: +0,416.155,7
Apr 29 2022 01: +0,458.568,3
Apr 30 2022 01: +0,411.216,6
May 01 2022 01: +0,422.275,6
May 02 2022 01: +0,415.972,4
May 03 2022 01: +0,450.027,2
May 04 2022 01: +0,399.479,6
May 05 2022 01: +0,370.24,5
May 06 2022 01: +0,442.914,2
May 07 2022 01: +0,409.13,3
May 08 2022 01: +0,378.989,9
May 09 2022 01: +0,474.875,6
May 10 2022 01: +0,433.75,5
May 11 2022 01: +0,411.229,4
May 12 2022 01: +0,388.077,7
May 13 2022 01: +0,482.636,3
May 14 2022 01: +0,395.525,5
May 15 2022 01: +0,431.133,5
May 16 2022 01: +0,472.321,1
May 17 2022 01: +0,376.412,12
May 18 2022 01: +0,406.338,7
May 19 2022 01: +0,404.298,4
May 20 2022 01: +0,389.702,11
May 21 2022 01: +0,408.819,3
May 23 2022 01: +0,350,1
May 27 2022 01: +0,356,1
Jun 04 2022 01: +0,365.5,1
Jun 05 2022 01: +0,395.84,1
Jun 20 2022 01: +0,410.27,1
Jun 21 2022 01: +0,369.35,1
