Aug 29 2013 01: +0,92.274,1
Sep 02 2013 01: +0,105,1
Sep 03 2013 01: +0,108.41,1
Sep 06 2013 01: +0,115,1
Sep 10 2013 01: +0,132.524,1
Sep 11 2013 01: +0,188,1
Sep 14 2013 01: +0,90.846,1
Sep 26 2013 01: +0,180.449,1
Sep 28 2013 01: +0,166.267,2
Oct 08 2013 01: +0,162.929,1
Oct 09 2013 01: +0,141.682,1
Oct 20 2013 01: +0,165.09,1
Oct 23 2013 01: +0,159.83,2
Oct 28 2013 01: +0,228.12,1
Oct 30 2013 01: +0,227.72,1
Nov 03 2013 01: +0,190,1
Nov 04 2013 01: +0,235.996,1
Nov 11 2013 01: +0,196.97,1
Nov 12 2013 01: +0,202.399,1
Nov 13 2013 01: +0,200.792,1
Nov 18 2013 01: +0,188.009,2
Nov 22 2013 01: +0,245,1
Nov 30 2013 01: +0,217.609,1
Dec 01 2013 01: +0,255.13,1
Dec 03 2013 01: +0,199.452,2
Dec 04 2013 01: +0,228.306,1
Dec 13 2013 01: +0,252.435,1
Dec 16 2013 01: +0,195.01,1
Dec 17 2013 01: +0,252.88,1
Dec 20 2013 01: +0,230.468,1
Dec 21 2013 01: +0,226.505,2
Dec 25 2013 01: +0,239.955,2
Dec 28 2013 01: +0,239.9,1
Dec 30 2013 01: +0,228.36,2
Dec 31 2013 01: +0,219.936,3
Jan 01 2014 01: +0,2.215,1
Jan 06 2014 01: +0,163.16,1
Jan 07 2014 01: +0,197.072,1
Jan 09 2014 01: +0,241.835,1
Jan 15 2014 01: +0,217.286,1
Jan 17 2014 01: +0,238.611,1
Jan 19 2014 01: +0,198.594,2
Jan 20 2014 01: +0,193.915,2
Jan 21 2014 01: +0,256.889,1
Jan 22 2014 01: +0,199.783,2
Jan 24 2014 01: +0,201.73,3
Jan 26 2014 01: +0,191.686,5
Jan 27 2014 01: +0,214.382,2
Jan 28 2014 01: +0,178.488,1
Jan 30 2014 01: +0,240.099,2
Jan 31 2014 01: +0,219.65,1
Feb 02 2014 01: +0,228.069,2
Feb 04 2014 01: +0,205.644,5
Feb 07 2014 01: +0,237.651,1
Feb 08 2014 01: +0,240.327,1
Feb 10 2014 01: +0,179.611,1
Feb 11 2014 01: +0,218.581,2
Feb 12 2014 01: +0,206.79,1
Feb 13 2014 01: +0,184.689,3
Feb 16 2014 01: +0,178.972,2
Feb 17 2014 01: +0,219.744,1
Feb 18 2014 01: +0,213.9,1
Feb 19 2014 01: +0,214.156,2
Feb 20 2014 01: +0,189.078,1
Feb 21 2014 01: +0,178.13,1
Feb 22 2014 01: +0,191.889,3
Feb 23 2014 01: +0,217.343,1
Feb 25 2014 01: +0,189.75,1
Feb 26 2014 01: +0,194.323,3
Feb 27 2014 01: +0,209.989,1
Mar 01 2014 01: +0,240.913,1
Mar 05 2014 01: +0,218.107,3
Mar 08 2014 01: +0,213.99,1
Mar 09 2014 01: +0,214.502,4
Mar 11 2014 01: +0,235.75,1
Mar 13 2014 01: +0,208.922,2
Mar 16 2014 01: +0,201.063,3
Mar 17 2014 01: +0,237.079,2
Mar 20 2014 01: +0,237.316,2
Mar 21 2014 01: +0,229.494,1
Mar 23 2014 01: +0,228.846,1
Mar 24 2014 01: +0,227.755,3
Mar 25 2014 01: +0,192.797,1
Mar 27 2014 01: +0,224.139,3
Mar 29 2014 01: +0,257.089,2
Mar 30 2014 01: +0,249.21,1
Mar 31 2014 01: +0,245.025,1
Apr 01 2014 01: +0,248.665,2
Apr 02 2014 01: +0,259.09,1
Apr 04 2014 01: +0,245.32,1
Apr 05 2014 01: +0,252.398,2
Apr 08 2014 01: +0,203.548,1
Apr 09 2014 01: +0,227.491,1
Apr 10 2014 01: +0,201.886,5
Apr 12 2014 01: +0,216.91,2
Apr 14 2014 01: +0,222.215,1
Apr 15 2014 01: +0,227.16,1
Apr 16 2014 01: +0,214.175,1
Apr 17 2014 01: +0,259.99,1
Apr 19 2014 01: +0,187.963,3
Apr 20 2014 01: +0,248.46,2
Apr 21 2014 01: +0,247.487,2
Apr 22 2014 01: +0,220.69,1
Apr 24 2014 01: +0,226.836,3
Apr 25 2014 01: +0,233.087,1
Apr 27 2014 01: +0,214.57,2
Apr 28 2014 01: +0,219.313,3
Apr 29 2014 01: +0,206.729,4
Apr 30 2014 01: +0,228.445,3
May 01 2014 01: +0,240.08,4
May 03 2014 01: +0,231.067,2
May 04 2014 01: +0,223.096,1
May 05 2014 01: +0,221.599,2
May 06 2014 01: +0,217.131,3
May 07 2014 01: +0,216.109,1
May 08 2014 01: +0,226.541,2
May 09 2014 01: +0,201.859,3
May 10 2014 01: +0,172.317,5
May 11 2014 01: +0,210.01,1
May 12 2014 01: +0,202.524,2
May 13 2014 01: +0,207.681,4
May 15 2014 01: +0,195.33,1
May 16 2014 01: +0,202.82,6
May 17 2014 01: +0,199.653,5
May 18 2014 01: +0,218.595,1
May 19 2014 01: +0,198.283,2
May 20 2014 01: +0,216.74,1
May 22 2014 01: +0,200.462,2
May 23 2014 01: +0,210.188,1
May 24 2014 01: +0,193.54,2
May 25 2014 01: +0,188.092,4
May 26 2014 01: +0,110.235,2
May 27 2014 01: +0,205.746,2
May 28 2014 01: +0,202.849,2
May 29 2014 01: +0,198.726,2
May 30 2014 01: +0,202.04,4
May 31 2014 01: +0,195.664,4
Jun 02 2014 01: +0,190.743,1
Jun 04 2014 01: +0,208.776,2
Jun 05 2014 01: +0,186.73,2
Jun 06 2014 01: +0,206.206,3
Jun 07 2014 01: +0,212.838,2
Jun 08 2014 01: +0,201.756,5
Jun 09 2014 01: +0,203.43,1
Jun 11 2014 01: +0,165.335,2
Jun 12 2014 01: +0,207.465,2
Jun 13 2014 01: +0,195.61,1
Jun 14 2014 01: +0,237.241,2
Jun 15 2014 01: +0,204.69,2
Jun 16 2014 01: +0,197.751,2
Jun 17 2014 01: +0,203.725,2
Jun 18 2014 01: +0,190,1
Jun 19 2014 01: +0,209.85,1
Jun 20 2014 01: +0,210,1
Jun 22 2014 01: +0,188.38,3
Jun 23 2014 01: +0,167.503,4
Jun 24 2014 01: +0,195.315,4
Jun 26 2014 01: +0,183.785,2
Jun 29 2014 01: +0,168.031,2
Jun 30 2014 01: +0,189.58,3
Jul 01 2014 01: +0,186.844,2
Jul 02 2014 01: +0,184.373,4
Jul 04 2014 01: +0,188.992,1
Jul 05 2014 01: +0,183.143,2
Jul 07 2014 01: +0,188.805,2
Jul 08 2014 01: +0,184.557,3
Jul 09 2014 01: +0,180,1
Jul 11 2014 01: +0,187.013,5
Jul 12 2014 01: +0,206.507,3
Jul 14 2014 01: +0,187.001,2
Jul 15 2014 01: +0,156.542,1
Jul 16 2014 01: +0,189.18,3
Jul 17 2014 01: +0,195.05,2
Jul 18 2014 01: +0,195.355,2
Jul 19 2014 01: +0,202.917,4
Jul 21 2014 01: +0,204.758,3
Jul 22 2014 01: +0,190.45,1
Jul 23 2014 01: +0,217.99,1
Jul 24 2014 01: +0,175.858,2
Jul 25 2014 01: +0,186.876,2
Jul 26 2014 01: +0,199.995,1
Jul 27 2014 01: +0,170.675,1
Jul 28 2014 01: +0,189.571,6
Jul 29 2014 01: +0,186.004,2
Jul 30 2014 01: +0,201.465,4
Jul 31 2014 01: +0,207.061,1
Aug 01 2014 01: +0,222.38,1
Aug 02 2014 01: +0,189.75,1
Aug 03 2014 01: +0,187.606,3
Aug 04 2014 01: +0,196.9,4
Aug 05 2014 01: +0,167.463,2
Aug 06 2014 01: +0,192.48,1
Aug 07 2014 01: +0,196.17,2
Aug 08 2014 01: +0,211.153,3
Aug 09 2014 01: +0,214.194,2
Aug 10 2014 01: +0,200,2
Aug 11 2014 01: +0,199.95,2
Aug 12 2014 01: +0,201.997,1
Aug 13 2014 01: +0,191.5,2
Aug 14 2014 01: +0,196.938,2
Aug 15 2014 01: +0,194.028,3
Aug 16 2014 01: +0,198.26,3
Aug 17 2014 01: +0,193.18,5
Aug 18 2014 01: +0,197.342,3
Aug 19 2014 01: +0,220.937,3
Aug 20 2014 01: +0,205.743,3
Aug 21 2014 01: +0,198.986,2
Aug 22 2014 01: +0,186.586,3
Aug 23 2014 01: +0,186.15,3
Aug 24 2014 01: +0,191.597,3
Aug 25 2014 01: +0,199.685,5
Aug 26 2014 01: +0,204.111,5
Aug 27 2014 01: +0,209.916,4
Aug 28 2014 01: +0,195.488,2
Aug 29 2014 01: +0,187.315,3
Aug 30 2014 01: +0,188.934,6
Aug 31 2014 01: +0,195.929,6
Sep 01 2014 01: +0,221.775,2
Sep 02 2014 01: +0,202.716,2
Sep 03 2014 01: +0,204.625,2
Sep 04 2014 01: +0,201.865,4
Sep 05 2014 01: +0,206.98,1
Sep 06 2014 01: +0,200.349,4
Sep 07 2014 01: +0,199.36,2
Sep 08 2014 01: +0,193.679,5
Sep 09 2014 01: +0,198.805,5
Sep 10 2014 01: +0,174.031,1
Sep 11 2014 01: +0,207.579,1
Sep 12 2014 01: +0,199.064,2
Sep 13 2014 01: +0,193.103,4
Sep 14 2014 01: +0,203.389,4
Sep 15 2014 01: +0,198.677,1
Sep 16 2014 01: +0,193.846,1
Sep 17 2014 01: +0,190.466,3
Sep 18 2014 01: +0,196.562,2
Sep 19 2014 01: +0,200.52,1
Sep 20 2014 01: +0,188.454,3
Sep 21 2014 01: +0,200.006,1
Sep 22 2014 01: +0,200.006,1
Sep 23 2014 01: +0,202.576,4
Sep 24 2014 01: +0,201.121,2
Sep 25 2014 01: +0,176.343,2
Sep 26 2014 01: +0,183.724,2
Sep 27 2014 01: +0,180.76,4
Sep 28 2014 01: +0,189.872,3
Sep 29 2014 01: +0,183.997,1
Sep 30 2014 01: +0,179.148,4
Oct 01 2014 01: +0,186.32,1
Oct 02 2014 01: +0,181.256,2
Oct 03 2014 01: +0,180.305,7
Oct 04 2014 01: +0,180.323,4
Oct 05 2014 01: +0,185.478,2
Oct 07 2014 01: +0,168.24,5
Oct 08 2014 01: +0,195.14,4
Oct 09 2014 01: +0,170.024,5
Oct 10 2014 01: +0,142.618,5
Oct 11 2014 01: +0,183.419,4
Oct 12 2014 01: +0,196.244,4
Oct 13 2014 01: +0,188.947,2
Oct 14 2014 01: +0,195.504,2
Oct 15 2014 01: +0,189.99,1
Oct 16 2014 01: +0,180.111,5
Oct 17 2014 01: +0,186.744,3
Oct 19 2014 01: +0,190.008,2
Oct 21 2014 01: +0,163.903,3
Oct 22 2014 01: +0,88.955,2
Oct 23 2014 01: +0,167.757,3
Oct 24 2014 01: +0,179.848,1
Oct 25 2014 01: +0,178.745,7
Oct 26 2014 01: +0,176.301,5
Oct 27 2014 01: +0,183.726,2
Oct 28 2014 01: +0,178.82,4
Oct 29 2014 01: +0,202.086,3
Oct 31 2014 01: +0,158.376,4
Nov 01 2014 01: +0,173.304,8
Nov 02 2014 01: +0,163.001,2
Nov 03 2014 01: +0,153.209,3
Nov 04 2014 01: +0,165.964,3
Nov 05 2014 01: +0,162.792,3
Nov 06 2014 01: +0,153.81,2
Nov 07 2014 01: +0,160.081,4
Nov 08 2014 01: +0,159.75,7
Nov 09 2014 01: +0,157.9,4
Nov 10 2014 01: +0,162.521,8
Nov 11 2014 01: +0,160.957,4
Nov 12 2014 01: +0,156.089,3
Nov 13 2014 01: +0,144.9,1
Nov 14 2014 01: +0,154.498,2
Nov 15 2014 01: +0,163.766,8
Nov 16 2014 01: +0,160.115,3
Nov 17 2014 01: +0,168.266,2
Nov 18 2014 01: +0,162.811,4
Nov 19 2014 01: +0,167.461,3
Nov 20 2014 01: +0,81.514,2
Nov 21 2014 01: +0,124.29,6
Nov 22 2014 01: +0,156.42,1
Nov 23 2014 01: +0,148.959,3
Nov 24 2014 01: +0,154.015,1
Nov 25 2014 01: +0,144.397,1
Nov 26 2014 01: +0,139.619,3
Nov 27 2014 01: +0,142.331,3
Nov 28 2014 01: +0,147.41,4
Nov 29 2014 01: +0,171.608,1
Nov 30 2014 01: +0,135.878,5
Dec 01 2014 01: +0,143.117,6
Dec 02 2014 01: +0,151.709,5
Dec 03 2014 01: +0,162.752,2
Dec 04 2014 01: +0,143.335,2
Dec 05 2014 01: +0,154.044,4
Dec 06 2014 01: +0,159.884,3
Dec 07 2014 01: +0,165.054,3
Dec 08 2014 01: +0,132.121,6
Dec 09 2014 01: +0,160.235,3
Dec 10 2014 01: +0,162.64,1
Dec 11 2014 01: +0,160.528,4
Dec 12 2014 01: +0,158.994,2
Dec 13 2014 01: +0,145.03,3
Dec 14 2014 01: +0,161.003,6
Dec 16 2014 01: +0,171.893,3
Dec 17 2014 01: +0,192.417,1
Dec 18 2014 01: +0,156.941,5
Dec 19 2014 01: +0,164.41,6
Dec 20 2014 01: +0,85.913,2
Dec 21 2014 01: +0,157.618,3
Dec 22 2014 01: +0,168.063,5
Dec 23 2014 01: +0,190.697,2
Dec 24 2014 01: +0,175.256,7
Dec 25 2014 01: +0,174.884,10
Dec 26 2014 01: +0,188.906,6
Dec 27 2014 01: +0,197.76,4
Dec 28 2014 01: +0,196.413,3
Dec 29 2014 01: +0,194.232,7
Dec 30 2014 01: +0,183.086,3
Dec 31 2014 01: +0,192.37,4
Jan 01 2015 01: +0,183.765,4
Jan 02 2015 01: +0,195.913,5
Jan 03 2015 01: +0,194.322,5
Jan 04 2015 01: +0,197.069,4
Jan 05 2015 01: +0,173.006,7
Jan 06 2015 01: +0,186.564,3
Jan 07 2015 01: +0,182.958,5
Jan 08 2015 01: +0,188.964,3
Jan 09 2015 01: +0,173.518,4
Jan 10 2015 01: +0,160.95,6
Jan 11 2015 01: +0,182.637,4
Jan 12 2015 01: +0,167.942,3
Jan 13 2015 01: +0,167.977,6
Jan 14 2015 01: +0,172.26,8
Jan 15 2015 01: +0,169.87,3
Jan 16 2015 01: +0,168.923,7
Jan 17 2015 01: +0,176.204,4
Jan 18 2015 01: +0,158.365,4
Jan 19 2015 01: +0,159.297,7
Jan 20 2015 01: +0,163.519,8
Jan 21 2015 01: +0,164.907,3
Jan 22 2015 01: +0,147.673,2
Jan 23 2015 01: +0,161.604,8
Jan 24 2015 01: +0,164.534,6
Jan 25 2015 01: +0,154.639,3
Jan 26 2015 01: +0,169.388,7
Jan 27 2015 01: +0,170.319,3
Jan 28 2015 01: +0,132.265,6
Jan 29 2015 01: +0,166.337,1
Jan 30 2015 01: +0,162.37,3
Jan 31 2015 01: +0,158.32,10
Feb 01 2015 01: +0,154.518,6
Feb 02 2015 01: +0,152.687,8
Feb 03 2015 01: +0,165.697,6
Feb 04 2015 01: +0,156.256,5
Feb 05 2015 01: +0,153.977,8
Feb 06 2015 01: +0,160.751,8
Feb 07 2015 01: +0,161.511,4
Feb 08 2015 01: +0,169.184,3
Feb 09 2015 01: +0,156.29,6
Feb 10 2015 01: +0,158.614,3
Feb 11 2015 01: +0,167.33,5
Feb 12 2015 01: +0,171.175,7
Feb 14 2015 01: +0,162.182,5
Feb 15 2015 01: +0,165.684,4
Feb 16 2015 01: +0,151.368,4
Feb 17 2015 01: +0,144.463,4
Feb 18 2015 01: +0,159.33,7
Feb 19 2015 01: +0,152.817,3
Feb 20 2015 01: +0,158.088,4
Feb 21 2015 01: +0,162.52,6
Feb 22 2015 01: +0,171.375,5
Feb 23 2015 01: +0,159.191,1
Feb 24 2015 01: +0,164.571,3
Feb 25 2015 01: +0,156.593,4
Feb 26 2015 01: +0,161.926,1
Feb 27 2015 01: +0,157.778,5
Feb 28 2015 01: +0,168.272,4
Mar 01 2015 01: +0,175,1
Mar 02 2015 01: +0,162.662,4
Mar 03 2015 01: +0,174.406,1
Mar 04 2015 01: +0,167.685,6
Mar 05 2015 01: +0,156.688,2
Mar 06 2015 01: +0,165.929,6
Mar 07 2015 01: +0,164.247,3
Mar 08 2015 01: +0,166.078,6
Mar 09 2015 01: +0,167.726,5
Mar 10 2015 01: +0,148.313,5
Mar 11 2015 01: +0,170.507,3
Mar 12 2015 01: +0,163.402,2
Mar 13 2015 01: +0,156.015,3
Mar 14 2015 01: +0,154.829,4
Mar 15 2015 01: +0,155.999,1
Mar 16 2015 01: +0,147.816,6
Mar 17 2015 01: +0,149.525,3
Mar 18 2015 01: +0,155.044,8
Mar 19 2015 01: +0,160.803,2
Mar 20 2015 01: +0,157.989,5
Mar 21 2015 01: +0,161.739,8
Mar 22 2015 01: +0,162.439,5
Mar 23 2015 01: +0,152.397,7
Mar 24 2015 01: +0,162.9,1
Mar 25 2015 01: +0,163.271,7
Mar 26 2015 01: +0,167.422,3
Mar 27 2015 01: +0,163.173,5
Mar 28 2015 01: +0,159.678,5
Mar 29 2015 01: +0,162.784,7
Mar 30 2015 01: +0,178.69,3
Mar 31 2015 01: +0,174.258,3
Apr 01 2015 01: +0,156.753,4
Apr 02 2015 01: +0,155.483,5
Apr 03 2015 01: +0,163.597,9
Apr 04 2015 01: +0,172.34,2
Apr 05 2015 01: +0,163.753,8
Apr 06 2015 01: +0,166.992,6
Apr 07 2015 01: +0,163.172,4
Apr 08 2015 01: +0,164.837,6
Apr 09 2015 01: +0,156.214,1
Apr 10 2015 01: +0,165.547,4
Apr 11 2015 01: +0,160.997,1
Apr 12 2015 01: +0,160.924,6
Apr 13 2015 01: +0,157.383,6
Apr 14 2015 01: +0,158.092,4
Apr 15 2015 01: +0,145.446,3
Apr 16 2015 01: +0,137.85,9
Apr 17 2015 01: +0,141.531,5
Apr 18 2015 01: +0,139.942,5
Apr 19 2015 01: +0,137.55,1
Apr 20 2015 01: +0,133.296,9
Apr 21 2015 01: +0,133.076,7
Apr 22 2015 01: +0,130.765,8
Apr 23 2015 01: +0,141.706,3
Apr 24 2015 01: +0,139.41,8
Apr 25 2015 01: +0,148.905,2
Apr 26 2015 01: +0,136.073,6
Apr 27 2015 01: +0,140.961,2
Apr 28 2015 01: +0,148.346,7
Apr 29 2015 01: +0,138.923,6
Apr 30 2015 01: +0,139.186,4
May 01 2015 01: +0,118.788,14
May 02 2015 01: +0,147.072,7
May 03 2015 01: +0,143.389,7
May 04 2015 01: +0,142.215,7
May 05 2015 01: +0,133.388,4
May 06 2015 01: +0,140.962,10
May 07 2015 01: +0,145.469,6
May 08 2015 01: +0,144.2,10
May 09 2015 01: +0,147.538,6
May 10 2015 01: +0,156.529,7
May 11 2015 01: +0,156.796,3
May 12 2015 01: +0,151.845,6
May 13 2015 01: +0,150.278,8
May 14 2015 01: +0,151.986,6
May 15 2015 01: +0,157.997,9
May 16 2015 01: +0,169.999,7
May 17 2015 01: +0,152.838,4
May 18 2015 01: +0,149.263,10
May 19 2015 01: +0,143.542,4
May 20 2015 01: +0,150.134,5
May 21 2015 01: +0,144.142,9
May 22 2015 01: +0,157.465,5
May 23 2015 01: +0,160.049,4
May 24 2015 01: +0,148.948,7
May 25 2015 01: +0,146.137,9
May 26 2015 01: +0,147.879,6
May 27 2015 01: +0,135.934,6
May 28 2015 01: +0,139.464,8
May 29 2015 01: +0,136.871,9
May 30 2015 01: +0,140.663,10
May 31 2015 01: +0,163.054,5
Jun 01 2015 01: +0,154.489,5
Jun 02 2015 01: +0,149.156,7
Jun 03 2015 01: +0,155.307,5
Jun 04 2015 01: +0,149.275,7
Jun 05 2015 01: +0,149.098,12
Jun 06 2015 01: +0,149.879,7
Jun 07 2015 01: +0,143.712,3
Jun 08 2015 01: +0,147.757,5
Jun 09 2015 01: +0,145.949,6
Jun 10 2015 01: +0,144.133,4
Jun 11 2015 01: +0,144.376,5
Jun 12 2015 01: +0,139.184,9
Jun 13 2015 01: +0,136.158,8
Jun 14 2015 01: +0,144.703,7
Jun 15 2015 01: +0,151.864,4
Jun 16 2015 01: +0,142.17,6
Jun 17 2015 01: +0,139.187,6
Jun 18 2015 01: +0,143.002,3
Jun 19 2015 01: +0,141.085,12
Jun 20 2015 01: +0,141.724,7
Jun 21 2015 01: +0,154.417,7
Jun 22 2015 01: +0,148.541,7
Jun 23 2015 01: +0,151.36,3
Jun 24 2015 01: +0,139.991,4
Jun 25 2015 01: +0,118.91,5
Jun 26 2015 01: +0,148.108,8
Jun 27 2015 01: +0,153.368,5
Jun 28 2015 01: +0,147.939,7
Jun 29 2015 01: +0,149.828,8
Jun 30 2015 01: +0,154.492,7
Jul 01 2015 01: +0,151.246,8
Jul 02 2015 01: +0,163.446,8
Jul 03 2015 01: +0,165.258,6
Jul 04 2015 01: +0,147.847,2
Jul 05 2015 01: +0,155.744,5
Jul 06 2015 01: +0,154.277,7
Jul 07 2015 01: +0,156.899,10
Jul 08 2015 01: +0,163.879,5
Jul 09 2015 01: +0,153.438,4
Jul 10 2015 01: +0,164.037,5
Jul 11 2015 01: +0,162.302,4
Jul 12 2015 01: +0,156.928,4
Jul 13 2015 01: +0,162.475,5
Jul 14 2015 01: +0,165.191,3
Jul 15 2015 01: +0,164.583,6
Jul 16 2015 01: +0,159.691,5
Jul 17 2015 01: +0,152.808,3
Jul 18 2015 01: +0,154.969,6
Jul 19 2015 01: +0,154.397,9
Jul 20 2015 01: +0,167.026,4
Jul 21 2015 01: +0,158.459,7
Jul 22 2015 01: +0,142.423,5
Jul 23 2015 01: +0,130.99,7
Jul 24 2015 01: +0,156.897,4
Jul 25 2015 01: +0,155.061,4
Jul 26 2015 01: +0,162.095,4
Jul 27 2015 01: +0,157.964,3
Jul 28 2015 01: +0,153.165,2
Jul 29 2015 01: +0,163.948,4
Jul 30 2015 01: +0,158.374,3
Jul 31 2015 01: +0,162.233,3
Aug 01 2015 01: +0,157.755,5
Aug 02 2015 01: +0,163.468,7
Aug 03 2015 01: +0,160.885,6
Aug 04 2015 01: +0,169.125,3
Aug 05 2015 01: +0,164.307,2
Aug 06 2015 01: +0,156.636,5
Aug 07 2015 01: +0,165.219,7
Aug 08 2015 01: +0,154.055,6
Aug 09 2015 01: +0,157.09,7
Aug 10 2015 01: +0,162.668,6
Aug 11 2015 01: +0,167.641,5
Aug 12 2015 01: +0,170.036,4
Aug 14 2015 01: +0,150.117,4
Aug 15 2015 01: +0,146.414,7
Aug 16 2015 01: +0,156.147,11
Aug 17 2015 01: +0,150.062,4
Aug 18 2015 01: +0,145.275,9
Aug 19 2015 01: +0,154.908,3
Aug 20 2015 01: +0,137.306,3
Aug 21 2015 01: +0,144.474,4
Aug 22 2015 01: +0,142.659,8
Aug 23 2015 01: +0,148.829,9
Aug 24 2015 01: +0,156.881,4
Aug 25 2015 01: +0,161.188,5
Aug 26 2015 01: +0,150.042,6
Aug 27 2015 01: +0,160.179,10
Aug 28 2015 01: +0,154.673,8
Aug 29 2015 01: +0,159.952,8
Aug 30 2015 01: +0,159.999,2
Aug 31 2015 01: +0,162.865,9
Sep 01 2015 01: +0,161.976,5
Sep 02 2015 01: +0,161.707,6
Sep 03 2015 01: +0,173.969,5
Sep 04 2015 01: +0,173.199,1
Sep 05 2015 01: +0,175.957,6
Sep 06 2015 01: +0,168.797,2
Sep 07 2015 01: +0,153.913,5
Sep 08 2015 01: +0,162.719,7
Sep 09 2015 01: +0,179.216,5
Sep 10 2015 01: +0,179.117,1
Sep 11 2015 01: +0,175.295,4
Sep 12 2015 01: +0,179.91,5
Sep 13 2015 01: +0,173.922,2
Sep 14 2015 01: +0,155.25,5
Sep 15 2015 01: +0,165.207,4
Sep 16 2015 01: +0,159.025,3
Sep 17 2015 01: +0,176.84,4
Sep 18 2015 01: +0,168.295,2
Sep 19 2015 01: +0,165.542,5
Sep 20 2015 01: +0,163.714,3
Sep 21 2015 01: +0,130.737,6
Sep 22 2015 01: +0,158.795,9
Sep 23 2015 01: +0,164.907,6
Sep 24 2015 01: +0,165.552,4
Sep 25 2015 01: +0,167.212,10
Sep 26 2015 01: +0,172.476,3
Sep 27 2015 01: +0,166.862,5
Sep 28 2015 01: +0,180.7,5
Sep 29 2015 01: +0,159.903,2
Sep 30 2015 01: +0,173.7,4
Oct 01 2015 01: +0,173.77,3
Oct 02 2015 01: +0,176.368,5
Oct 03 2015 01: +0,172.259,6
Oct 04 2015 01: +0,167.446,5
Oct 05 2015 01: +0,175.582,4
Oct 06 2015 01: +0,179.652,2
Oct 07 2015 01: +0,179.162,2
Oct 08 2015 01: +0,194.333,4
Oct 09 2015 01: +0,195.304,3
Oct 10 2015 01: +0,193.23,6
Oct 11 2015 01: +0,190.596,3
Oct 12 2015 01: +0,197.613,2
Oct 13 2015 01: +0,189.145,3
Oct 14 2015 01: +0,192.175,1
Oct 15 2015 01: +0,165.138,4
Oct 16 2015 01: +0,167.106,6
Oct 17 2015 01: +0,170.055,5
Oct 18 2015 01: +0,156.326,9
Oct 19 2015 01: +0,169.8,6
Oct 20 2015 01: +0,173.942,3
Oct 21 2015 01: +0,177.783,3
Oct 22 2015 01: +0,182.71,1
Oct 23 2015 01: +0,158.746,3
Oct 24 2015 01: +0,160.023,5
Oct 25 2015 01: +0,156.412,7
Oct 26 2015 01: +0,158.318,9
Oct 27 2015 01: +0,159.306,4
Oct 28 2015 01: +0,160.117,5
Oct 29 2015 01: +0,159.282,4
Oct 30 2015 01: +0,157.461,8
Oct 31 2015 01: +0,162.686,9
Nov 01 2015 01: +0,166.534,4
Nov 02 2015 01: +0,158.986,8
Nov 03 2015 01: +0,162.156,5
Nov 04 2015 01: +0,132.25,1
Nov 05 2015 01: +0,161.087,4
Nov 06 2015 01: +0,150.883,6
Nov 07 2015 01: +0,161.842,9
Nov 08 2015 01: +0,158.257,7
Nov 09 2015 01: +0,161,1
Nov 10 2015 01: +0,152.531,6
Nov 11 2015 01: +0,142.057,7
Nov 12 2015 01: +0,155.34,4
Nov 13 2015 01: +0,157.228,4
Nov 14 2015 01: +0,164.57,2
Nov 15 2015 01: +0,151.477,6
Nov 16 2015 01: +0,156.596,2
Nov 17 2015 01: +0,154.17,1
Nov 18 2015 01: +0,153.422,8
Nov 19 2015 01: +0,151.299,3
Nov 20 2015 01: +0,127.427,4
Nov 21 2015 01: +0,148.79,5
Nov 22 2015 01: +0,162.499,3
Nov 23 2015 01: +0,153.947,1
Nov 24 2015 01: +0,155.415,4
Nov 25 2015 01: +0,154.433,6
Nov 26 2015 01: +0,154.842,2
Nov 27 2015 01: +0,154.066,7
Nov 28 2015 01: +0,157.254,4
Nov 29 2015 01: +0,162.633,7
Nov 30 2015 01: +0,161.211,2
Dec 01 2015 01: +0,163.758,2
Dec 02 2015 01: +0,150.471,4
Dec 03 2015 01: +0,158.916,4
Dec 04 2015 01: +0,166.694,5
Dec 05 2015 01: +0,154.429,3
Dec 06 2015 01: +0,166.169,4
Dec 07 2015 01: +0,167.914,6
Dec 08 2015 01: +0,169.378,4
Dec 09 2015 01: +0,161.622,4
Dec 10 2015 01: +0,157.595,2
Dec 11 2015 01: +0,154.573,7
Dec 12 2015 01: +0,151.814,4
Dec 13 2015 01: +0,160.926,4
Dec 14 2015 01: +0,141.941,2
Dec 15 2015 01: +0,154.57,2
Dec 16 2015 01: +0,153.279,4
Dec 17 2015 01: +0,148.935,5
Dec 18 2015 01: +0,155.338,6
Dec 19 2015 01: +0,156.818,3
Dec 20 2015 01: +0,168.028,2
Dec 21 2015 01: +0,144.528,4
Dec 22 2015 01: +0,155.059,5
Dec 23 2015 01: +0,139.763,6
Dec 24 2015 01: +0,159.416,7
Dec 25 2015 01: +0,170.531,7
Dec 26 2015 01: +0,167.339,5
Dec 27 2015 01: +0,170.476,8
Dec 28 2015 01: +0,160.758,4
Dec 29 2015 01: +0,163.309,7
Dec 30 2015 01: +0,180.281,4
Dec 31 2015 01: +0,180.24,3
Jan 01 2016 01: +0,176.255,3
Jan 02 2016 01: +0,157.863,4
Jan 03 2016 01: +0,164.864,2
Jan 04 2016 01: +0,163.689,3
Jan 05 2016 01: +0,162.442,2
Jan 06 2016 01: +0,160.215,2
Jan 07 2016 01: +0,156.511,4
Jan 08 2016 01: +0,163.618,6
Jan 09 2016 01: +0,161.663,6
Jan 10 2016 01: +0,158.908,9
Jan 11 2016 01: +0,165.164,5
Jan 12 2016 01: +0,171.265,3
Jan 13 2016 01: +0,162.913,4
Jan 14 2016 01: +0,154.219,4
Jan 15 2016 01: +0,163.422,4
Jan 16 2016 01: +0,148.289,7
Jan 17 2016 01: +0,152.417,8
Jan 18 2016 01: +0,169.522,3
Jan 19 2016 01: +0,164.164,3
Jan 20 2016 01: +0,164.631,1
Jan 21 2016 01: +0,147.762,2
Jan 22 2016 01: +0,168.816,2
Jan 23 2016 01: +0,160.678,4
Jan 24 2016 01: +0,177.174,3
Jan 25 2016 01: +0,140.844,5
Jan 26 2016 01: +0,151.333,5
Jan 27 2016 01: +0,157.805,3
Jan 28 2016 01: +0,152.373,1
Jan 29 2016 01: +0,156.905,5
Jan 30 2016 01: +0,157.695,8
Jan 31 2016 01: +0,156.585,4
Feb 01 2016 01: +0,147.987,5
Feb 02 2016 01: +0,155.293,6
Feb 03 2016 01: +0,159.155,3
Feb 04 2016 01: +0,159.161,4
Feb 05 2016 01: +0,164.281,3
Feb 06 2016 01: +0,145.51,5
Feb 07 2016 01: +0,147.631,5
Feb 08 2016 01: +0,142.85,2
Feb 09 2016 01: +0,138.202,7
Feb 10 2016 01: +0,122.41,2
Feb 11 2016 01: +0,137.975,7
Feb 12 2016 01: +0,150.794,7
Feb 13 2016 01: +0,138.361,5
Feb 14 2016 01: +0,144.54,4
Feb 15 2016 01: +0,143.925,6
Feb 16 2016 01: +0,139.524,4
Feb 17 2016 01: +0,151.452,10
Feb 18 2016 01: +0,148.564,6
Feb 19 2016 01: +0,140.399,7
Feb 20 2016 01: +0,143.929,5
Feb 21 2016 01: +0,141.324,9
Feb 22 2016 01: +0,137.71,5
Feb 23 2016 01: +0,142.66,9
Feb 24 2016 01: +0,141.875,3
Feb 25 2016 01: +0,127.748,4
Feb 26 2016 01: +0,147.443,4
Feb 27 2016 01: +0,145.414,8
Feb 28 2016 01: +0,149.149,5
Feb 29 2016 01: +0,152.353,7
Mar 01 2016 01: +0,144.726,5
Mar 02 2016 01: +0,149.225,4
Mar 03 2016 01: +0,141.6,2
Mar 04 2016 01: +0,149.338,11
Mar 05 2016 01: +0,154.593,5
Mar 06 2016 01: +0,154.814,6
Mar 07 2016 01: +0,144.74,4
Mar 08 2016 01: +0,146.325,9
Mar 09 2016 01: +0,139.254,3
Mar 10 2016 01: +0,155.052,7
Mar 11 2016 01: +0,160.207,4
Mar 12 2016 01: +0,146.982,2
Mar 13 2016 01: +0,140.556,6
Mar 14 2016 01: +0,151.579,4
Mar 15 2016 01: +0,150.738,3
Mar 16 2016 01: +0,152.896,4
Mar 17 2016 01: +0,145.298,7
Mar 18 2016 01: +0,155.708,5
Mar 19 2016 01: +0,157.909,5
Mar 20 2016 01: +0,148.259,2
Mar 21 2016 01: +0,164.791,4
Mar 23 2016 01: +0,150.647,3
Mar 24 2016 01: +0,161.944,5
Mar 25 2016 01: +0,155.039,3
Mar 26 2016 01: +0,150.103,7
Mar 27 2016 01: +0,150.148,5
Mar 28 2016 01: +0,156.713,5
Mar 29 2016 01: +0,147.68,2
Mar 30 2016 01: +0,164.524,3
Mar 31 2016 01: +0,158.489,10
Apr 01 2016 01: +0,151.736,6
Apr 02 2016 01: +0,160.119,5
Apr 03 2016 01: +0,153.854,5
Apr 04 2016 01: +0,151.497,6
Apr 05 2016 01: +0,158.502,6
Apr 06 2016 01: +0,163.821,5
Apr 07 2016 01: +0,175.97,3
Apr 08 2016 01: +0,175.463,5
Apr 09 2016 01: +0,147.79,2
Apr 10 2016 01: +0,161.491,3
Apr 11 2016 01: +0,165.092,4
Apr 12 2016 01: +0,171.816,3
Apr 13 2016 01: +0,168.062,1
Apr 14 2016 01: +0,165.121,3
Apr 15 2016 01: +0,182.242,3
Apr 16 2016 01: +0,171.32,1
Apr 17 2016 01: +0,170.476,2
Apr 18 2016 01: +0,158.085,5
Apr 19 2016 01: +0,175.326,3
Apr 20 2016 01: +0,173.865,4
Apr 21 2016 01: +0,178.99,2
Apr 22 2016 01: +0,176.142,4
Apr 23 2016 01: +0,149.7,3
Apr 24 2016 01: +0,169.787,5
Apr 25 2016 01: +0,162.595,3
Apr 26 2016 01: +0,174.807,2
Apr 27 2016 01: +0,158.827,5
Apr 28 2016 01: +0,190.642,3
Apr 29 2016 01: +0,191.836,2
Apr 30 2016 01: +0,184.618,4
May 01 2016 01: +0,178.65,8
May 02 2016 01: +0,179.616,1
May 04 2016 01: +0,177.926,6
May 05 2016 01: +0,177.936,1
May 06 2016 01: +0,173.688,4
May 07 2016 01: +0,177.494,4
May 08 2016 01: +0,178.86,3
May 09 2016 01: +0,177.325,2
May 10 2016 01: +0,178.641,4
May 12 2016 01: +0,154.238,3
May 13 2016 01: +0,175.572,7
May 14 2016 01: +0,172.773,3
May 15 2016 01: +0,171.001,2
May 16 2016 01: +0,76.818,2
May 17 2016 01: +0,175,1
May 18 2016 01: +0,166.859,4
May 20 2016 01: +0,161.181,4
May 21 2016 01: +0,160.64,3
May 22 2016 01: +0,161.99,8
May 24 2016 01: +0,143.2,1
May 25 2016 01: +0,163.694,5
May 26 2016 01: +0,140.642,3
May 27 2016 01: +0,151.466,7
May 28 2016 01: +0,166.35,1
May 29 2016 01: +0,166.545,3
May 30 2016 01: +0,166.377,3
May 31 2016 01: +0,169.741,1
Jun 01 2016 01: +0,164.137,2
Jun 02 2016 01: +0,148.055,2
Jun 03 2016 01: +0,144.18,1
Jun 04 2016 01: +0,158.844,5
Jun 05 2016 01: +0,163.877,2
Jun 06 2016 01: +0,157.746,3
Jun 07 2016 01: +0,130.007,1
Jun 08 2016 01: +0,145.757,2
Jun 09 2016 01: +0,149.778,2
Jun 10 2016 01: +0,154.162,6
Jun 11 2016 01: +0,155.008,1
Jun 12 2016 01: +0,159.17,5
Jun 13 2016 01: +0,154.457,6
Jun 14 2016 01: +0,127.12,1
Jun 15 2016 01: +0,164.07,1
Jun 16 2016 01: +0,165.858,1
Jun 17 2016 01: +0,157.195,1
Jun 18 2016 01: +0,189.995,1
Jun 19 2016 01: +0,149.627,3
Jun 20 2016 01: +0,154.97,1
Jun 21 2016 01: +0,145.482,1
Jun 22 2016 01: +0,149.881,2
Jun 23 2016 01: +0,142.063,4
Jun 24 2016 01: +0,139.656,2
Jun 25 2016 01: +0,131.93,2
Jun 26 2016 01: +0,127.624,3
Jun 29 2016 01: +0,121.547,3
Jun 30 2016 01: +0,136.647,3
Jul 01 2016 01: +0,130.811,3
Jul 02 2016 01: +0,116.938,3
Jul 03 2016 01: +0,115.917,4
Jul 04 2016 01: +0,136.908,1
Jul 05 2016 01: +0,142.555,3
Jul 06 2016 01: +0,130.502,1
Jul 07 2016 01: +0,130.197,6
Jul 08 2016 01: +0,133.163,8
Jul 09 2016 01: +0,142.288,4
Jul 10 2016 01: +0,142.226,3
Jul 11 2016 01: +0,146.589,1
Jul 12 2016 01: +0,140.639,2
Jul 13 2016 01: +0,144.13,1
Jul 14 2016 01: +0,135.347,4
Jul 15 2016 01: +0,120.015,1
Jul 16 2016 01: +0,136.188,3
Jul 17 2016 01: +0,134.085,5
Jul 18 2016 01: +0,145.756,3
Jul 19 2016 01: +0,146.387,2
Jul 20 2016 01: +0,150.468,2
Jul 21 2016 01: +0,143.718,3
Jul 22 2016 01: +0,144.14,2
Jul 23 2016 01: +0,119.97,1
Jul 24 2016 01: +0,137.169,3
Jul 25 2016 01: +0,147.23,1
Jul 26 2016 01: +0,120.045,1
Jul 27 2016 01: +0,141.901,2
Jul 28 2016 01: +0,135.141,4
Jul 29 2016 01: +0,134.861,3
Jul 31 2016 01: +0,125.069,3
Aug 01 2016 01: +0,135.928,2
Aug 03 2016 01: +0,131.957,3
Aug 04 2016 01: +0,125.403,4
Aug 05 2016 01: +0,132.552,1
Aug 06 2016 01: +0,134.041,3
Aug 08 2016 01: +0,121.933,2
Aug 09 2016 01: +0,116.113,3
Aug 11 2016 01: +0,118.565,4
Aug 12 2016 01: +0,108.984,2
Aug 13 2016 01: +0,119.274,4
Aug 14 2016 01: +0,99.686,2
Aug 15 2016 01: +0,114.25,3
Aug 16 2016 01: +0,120.309,5
Aug 17 2016 01: +0,109.842,4
Aug 18 2016 01: +0,110.005,1
Aug 19 2016 01: +0,127.414,3
Aug 20 2016 01: +0,108.057,3
Aug 22 2016 01: +0,122.101,1
Aug 23 2016 01: +0,112.257,3
Aug 24 2016 01: +0,105.787,5
Aug 25 2016 01: +0,108.891,4
Aug 26 2016 01: +0,105.929,7
Aug 27 2016 01: +0,113.899,5
Aug 28 2016 01: +0,115.738,5
Aug 29 2016 01: +0,116.214,2
Aug 30 2016 01: +0,126.223,3
Aug 31 2016 01: +0,131.4,3
Sep 01 2016 01: +0,117.642,5
Sep 02 2016 01: +0,118.788,1
Sep 03 2016 01: +0,86.383,3
Sep 04 2016 01: +0,132.682,2
Sep 05 2016 01: +0,120.018,1
Sep 06 2016 01: +0,126.429,2
Sep 07 2016 01: +0,94.244,5
Sep 08 2016 01: +0,94.01,1
Sep 09 2016 01: +0,123.448,3
Sep 11 2016 01: +0,117.056,2
Sep 12 2016 01: +0,123.569,3
Sep 13 2016 01: +0,124.318,2
Sep 14 2016 01: +0,123.921,1
Sep 15 2016 01: +0,127.007,1
Sep 16 2016 01: +0,120.566,5
Sep 17 2016 01: +0,121.405,4
Sep 18 2016 01: +0,118.37,4
Sep 19 2016 01: +0,122.217,3
Sep 20 2016 01: +0,125.171,5
Sep 21 2016 01: +0,124.515,4
Sep 22 2016 01: +0,133.465,1
Sep 23 2016 01: +0,126.107,4
Sep 26 2016 01: +0,130.264,2
Sep 27 2016 01: +0,123.758,2
Sep 29 2016 01: +0,131.172,5
Sep 30 2016 01: +0,128.953,4
Oct 01 2016 01: +0,125.2,3
Oct 02 2016 01: +0,128.503,1
Oct 03 2016 01: +0,119.614,3
Oct 04 2016 01: +0,126.627,5
Oct 05 2016 01: +0,125.697,3
Oct 07 2016 01: +0,128.857,2
Oct 08 2016 01: +0,122.913,3
Oct 09 2016 01: +0,122.089,2
Oct 10 2016 01: +0,127.675,2
Oct 11 2016 01: +0,129.988,2
Oct 12 2016 01: +0,106.8,1
Oct 13 2016 01: +0,125.44,1
Oct 14 2016 01: +0,113,1
Oct 15 2016 01: +0,115.957,5
Oct 16 2016 01: +0,117.954,3
Oct 17 2016 01: +0,123.4,1
Oct 18 2016 01: +0,117.441,3
Oct 19 2016 01: +0,126.538,3
Oct 21 2016 01: +0,126.756,3
Oct 22 2016 01: +0,115.92,2
Oct 23 2016 01: +0,100,1
Oct 24 2016 01: +0,115,1
Oct 25 2016 01: +0,103.12,1
Oct 26 2016 01: +0,114.23,2
Oct 27 2016 01: +0,113.313,2
Oct 28 2016 01: +0,113.994,5
Oct 29 2016 01: +0,111.636,4
Oct 30 2016 01: +0,118.972,2
Oct 31 2016 01: +0,118.036,1
Nov 01 2016 01: +0,125.94,2
Nov 02 2016 01: +0,112.692,3
Nov 03 2016 01: +0,126.731,1
Nov 04 2016 01: +0,109.328,2
Nov 05 2016 01: +0,119.57,2
Nov 06 2016 01: +0,124.777,2
Nov 07 2016 01: +0,117.463,2
Nov 08 2016 01: +0,102.82,1
Nov 09 2016 01: +0,124.521,3
Nov 11 2016 01: +0,108.642,3
Nov 12 2016 01: +0,118.702,4
Nov 14 2016 01: +0,113.864,5
Nov 15 2016 01: +0,122.833,1
Nov 16 2016 01: +0,109.045,2
Nov 17 2016 01: +0,111.782,4
Nov 18 2016 01: +0,121.114,1
Nov 19 2016 01: +0,112.14,1
Nov 20 2016 01: +0,99.78,1
Nov 21 2016 01: +0,106.592,3
Nov 22 2016 01: +0,101.634,6
Nov 23 2016 01: +0,104.92,2
Nov 24 2016 01: +0,101.444,5
Nov 25 2016 01: +0,101.803,4
Nov 26 2016 01: +0,103.434,6
Nov 27 2016 01: +0,100.513,3
Nov 28 2016 01: +0,99.012,2
Nov 29 2016 01: +0,100.423,5
Nov 30 2016 01: +0,108.586,3
Dec 01 2016 01: +0,90,1
Dec 02 2016 01: +0,114.073,4
Dec 03 2016 01: +0,100.256,3
Dec 04 2016 01: +0,106.112,6
Dec 05 2016 01: +0,100.895,2
Dec 06 2016 01: +0,115.19,3
Dec 07 2016 01: +0,115.655,3
Dec 09 2016 01: +0,111.641,5
Dec 10 2016 01: +0,115.405,1
Dec 11 2016 01: +0,112.044,6
Dec 13 2016 01: +0,104.955,2
Dec 14 2016 01: +0,114.789,5
Dec 16 2016 01: +0,114.734,7
Dec 17 2016 01: +0,119.816,2
Dec 18 2016 01: +0,115.73,2
Dec 19 2016 01: +0,114.164,3
Dec 20 2016 01: +0,104.372,2
Dec 21 2016 01: +0,115.983,1
Dec 22 2016 01: +0,106.33,3
Dec 23 2016 01: +0,117.91,1
Dec 24 2016 01: +0,117.25,7
Dec 25 2016 01: +0,121.958,8
Dec 26 2016 01: +0,118.541,5
Dec 27 2016 01: +0,133.797,8
Dec 28 2016 01: +0,118.531,5
Dec 29 2016 01: +0,119.192,5
Dec 30 2016 01: +0,134.363,3
Jan 01 2017 01: +0,123.745,6
Jan 02 2017 01: +0,124.774,4
Jan 04 2017 01: +0,126.736,4
Jan 05 2017 01: +0,126.137,2
Jan 06 2017 01: +0,119.019,5
Jan 07 2017 01: +0,123.812,4
Jan 08 2017 01: +0,133.846,2
Jan 09 2017 01: +0,133.585,4
Jan 10 2017 01: +0,148.579,4
Jan 11 2017 01: +0,142.784,5
Jan 12 2017 01: +0,138.855,4
Jan 13 2017 01: +0,131.229,3
Jan 14 2017 01: +0,145.785,1
Jan 15 2017 01: +0,148.926,2
Jan 16 2017 01: +0,132.557,5
Jan 17 2017 01: +0,137.474,1
Jan 18 2017 01: +0,147.781,2
Jan 19 2017 01: +0,141.746,2
Jan 20 2017 01: +0,147.089,2
Jan 21 2017 01: +0,147.41,1
Jan 23 2017 01: +0,140.482,1
Jan 24 2017 01: +0,132.429,2
Jan 25 2017 01: +0,134.157,4
Jan 26 2017 01: +0,130.5,1
Jan 27 2017 01: +0,140.067,3
Jan 28 2017 01: +0,141.38,1
Jan 29 2017 01: +0,136.52,4
Jan 30 2017 01: +0,133.529,2
Jan 31 2017 01: +0,129.978,2
Feb 02 2017 01: +0,140.821,5
Feb 03 2017 01: +0,142.487,3
Feb 04 2017 01: +0,142.752,3
Feb 05 2017 01: +0,126.335,2
Feb 06 2017 01: +0,144.498,7
Feb 07 2017 01: +0,140.334,3
Feb 08 2017 01: +0,147.091,4
Feb 09 2017 01: +0,151.967,3
Feb 10 2017 01: +0,154.74,1
Feb 11 2017 01: +0,135.575,3
Feb 12 2017 01: +0,153.613,4
Feb 13 2017 01: +0,158.09,3
Feb 14 2017 01: +0,139.35,7
Feb 15 2017 01: +0,139.19,1
Feb 16 2017 01: +0,143.039,7
Feb 17 2017 01: +0,152.917,5
Feb 18 2017 01: +0,159.893,2
Feb 19 2017 01: +0,155.466,2
Feb 20 2017 01: +0,144.299,4
Feb 21 2017 01: +0,139.117,3
Feb 22 2017 01: +0,136.519,7
Feb 23 2017 01: +0,146.761,1
Feb 24 2017 01: +0,154.303,2
Feb 25 2017 01: +0,145.44,4
Feb 26 2017 01: +0,146.898,3
Feb 27 2017 01: +0,141.821,5
Feb 28 2017 01: +0,155.297,3
Mar 01 2017 01: +0,147.057,4
Mar 02 2017 01: +0,152.896,3
Mar 03 2017 01: +0,153.662,4
Mar 04 2017 01: +0,147.801,1
Mar 05 2017 01: +0,148.663,6
Mar 06 2017 01: +0,147.014,4
Mar 07 2017 01: +0,149.998,3
Mar 08 2017 01: +0,145.072,1
Mar 09 2017 01: +0,150.585,3
Mar 10 2017 01: +0,155.027,1
Mar 11 2017 01: +0,156.31,2
Mar 12 2017 01: +0,158.373,2
Mar 13 2017 01: +0,146.772,3
Mar 14 2017 01: +0,142.089,2
Mar 15 2017 01: +0,146.923,3
Mar 16 2017 01: +0,151.01,2
Mar 17 2017 01: +0,146.122,4
Mar 18 2017 01: +0,138.619,2
Mar 19 2017 01: +0,139.675,2
Mar 20 2017 01: +0,140.011,1
Mar 21 2017 01: +0,140.432,2
Mar 22 2017 01: +0,156.273,5
Mar 24 2017 01: +0,155.246,2
Mar 26 2017 01: +0,161.94,1
Mar 27 2017 01: +0,160.9,1
Mar 28 2017 01: +0,146.965,2
Mar 29 2017 01: +0,131.362,2
Mar 31 2017 01: +0,151.007,1
Apr 01 2017 01: +0,146.933,1
Apr 02 2017 01: +0,158.523,2
Apr 03 2017 01: +0,159.425,1
Apr 04 2017 01: +0,160.249,2
Apr 06 2017 01: +0,161.215,1
Apr 07 2017 01: +0,145.872,3
Apr 08 2017 01: +0,156.06,1
Apr 10 2017 01: +0,161.188,2
Apr 11 2017 01: +0,135.9,1
Apr 12 2017 01: +0,146.272,1
Apr 13 2017 01: +0,144.464,3
Apr 14 2017 01: +0,149.999,1
Apr 15 2017 01: +0,143.338,2
Apr 16 2017 01: +0,146.304,4
Apr 17 2017 01: +0,142.437,4
Apr 18 2017 01: +0,154.342,2
Apr 19 2017 01: +0,161.27,2
Apr 21 2017 01: +0,155.04,1
Apr 22 2017 01: +0,166.911,1
Apr 23 2017 01: +0,139.278,3
Apr 24 2017 01: +0,141.827,4
Apr 25 2017 01: +0,143.863,2
Apr 26 2017 01: +0,137.244,5
Apr 27 2017 01: +0,144.127,3
Apr 28 2017 01: +0,144.151,2
Apr 29 2017 01: +0,147.156,1
Apr 30 2017 01: +0,149.606,7
May 01 2017 01: +0,162.82,5
May 02 2017 01: +0,148.203,3
May 04 2017 01: +0,165.416,1
May 06 2017 01: +0,141.82,1
May 07 2017 01: +0,156.117,1
May 10 2017 01: +0,138.585,2
May 11 2017 01: +0,151.965,4
May 12 2017 01: +0,157.986,1
May 13 2017 01: +0,155.005,2
May 14 2017 01: +0,165.004,1
May 18 2017 01: +0,161.772,2
May 19 2017 01: +0,130.93,1
May 20 2017 01: +0,136.82,1
May 21 2017 01: +0,150.78,1
May 22 2017 01: +0,151.918,2
May 23 2017 01: +0,160.58,1
May 24 2017 01: +0,153.002,1
May 25 2017 01: +0,162.226,1
May 26 2017 01: +0,162.382,2
May 27 2017 01: +0,152.859,2
May 28 2017 01: +0,133.2,1
May 29 2017 01: +0,160,1
May 30 2017 01: +0,147.45,3
May 31 2017 01: +0,166.907,1
Jun 02 2017 01: +0,167.48,1
Jun 07 2017 01: +0,170.92,1
Jun 08 2017 01: +0,180.6,1
Jun 10 2017 01: +0,150.683,2
Jun 11 2017 01: +0,151.769,1
Jun 12 2017 01: +0,165.25,1
Jun 13 2017 01: +0,148.05,1
Jun 16 2017 01: +0,140.012,1
Jun 17 2017 01: +0,136.543,1
Jun 18 2017 01: +0,146.465,2
Jun 19 2017 01: +0,143.206,2
Jun 20 2017 01: +0,137.426,1
Jun 21 2017 01: +0,165.186,1
Jun 22 2017 01: +0,137.087,1
Jun 24 2017 01: +0,121.77,2
Jun 25 2017 01: +0,152.931,1
Jun 26 2017 01: +0,159.642,1
Jun 27 2017 01: +0,144.592,1
Jun 29 2017 01: +0,136.981,3
Jun 30 2017 01: +0,169.464,3
Jul 02 2017 01: +0,166.749,1
Jul 03 2017 01: +0,144.19,1
Jul 04 2017 01: +0,164.68,1
Jul 06 2017 01: +0,142.027,1
Jul 07 2017 01: +0,148.466,3
Jul 08 2017 01: +0,145.624,2
Jul 09 2017 01: +0,161.575,4
Jul 10 2017 01: +0,167.014,1
Jul 11 2017 01: +0,144,1
Jul 12 2017 01: +0,161,1
Jul 13 2017 01: +0,139.04,1
Jul 15 2017 01: +0,140.84,2
Jul 16 2017 01: +0,141.402,2
Jul 18 2017 01: +0,156.242,2
Jul 19 2017 01: +0,142.359,3
Jul 20 2017 01: +0,155.694,4
Jul 21 2017 01: +0,157.792,2
Jul 22 2017 01: +0,159.845,1
Jul 23 2017 01: +0,157.98,1
Jul 24 2017 01: +0,146.776,2
Jul 25 2017 01: +0,147.087,2
Jul 26 2017 01: +0,160.63,1
Jul 27 2017 01: +0,172.711,1
Jul 28 2017 01: +0,147.589,1
Jul 29 2017 01: +0,146.813,1
Jul 30 2017 01: +0,155.502,5
Jul 31 2017 01: +0,183.766,2
Aug 03 2017 01: +0,155.367,4
Aug 04 2017 01: +0,150.948,3
Aug 07 2017 01: +0,165.944,1
Aug 09 2017 01: +0,157.034,3
Aug 10 2017 01: +0,161.933,1
Aug 12 2017 01: +0,169.957,3
Aug 13 2017 01: +0,173.159,2
Aug 16 2017 01: +0,170.376,2
Aug 17 2017 01: +0,169.225,2
Aug 19 2017 01: +0,169.214,1
Aug 20 2017 01: +0,155.919,3
Aug 22 2017 01: +0,153.559,2
Aug 23 2017 01: +0,172.361,1
Aug 24 2017 01: +0,168.5,4
Aug 28 2017 01: +0,151.556,2
Aug 31 2017 01: +0,171.42,3
Sep 01 2017 01: +0,177.48,1
Sep 03 2017 01: +0,176.49,3
Sep 05 2017 01: +0,205.087,1
Sep 13 2017 01: +0,193.585,3
Sep 14 2017 01: +0,152.45,1
Sep 15 2017 01: +0,200.26,1
Sep 18 2017 01: +0,174.129,3
Sep 19 2017 01: +0,187.738,3
Sep 22 2017 01: +0,150.969,2
Sep 25 2017 01: +0,165,1
Sep 26 2017 01: +0,179.998,2
Sep 29 2017 01: +0,184.279,1
Sep 30 2017 01: +0,179.37,1
Oct 01 2017 01: +0,164.035,1
Oct 04 2017 01: +0,175.155,1
Oct 06 2017 01: +0,148.855,2
Oct 08 2017 01: +0,175.705,1
Oct 09 2017 01: +0,172.432,1
Oct 13 2017 01: +0,171.61,1
Oct 14 2017 01: +0,171.456,1
Oct 15 2017 01: +0,171.815,2
Oct 18 2017 01: +0,142.29,1
Oct 20 2017 01: +0,135.909,1
Oct 21 2017 01: +0,151.261,2
Oct 23 2017 01: +0,160.897,3
Oct 24 2017 01: +0,154.8,1
Oct 25 2017 01: +0,157.008,2
Oct 26 2017 01: +0,165.057,2
Oct 27 2017 01: +0,138.082,1
Oct 29 2017 01: +0,134.98,1
Oct 30 2017 01: +0,134.287,1
Oct 31 2017 01: +0,149.897,3
Nov 01 2017 01: +0,150.969,1
Nov 03 2017 01: +0,152.922,1
Nov 05 2017 01: +0,144.391,2
Nov 09 2017 01: +0,137.997,2
Nov 10 2017 01: +0,152.368,1
Nov 11 2017 01: +0,131.615,1
Nov 12 2017 01: +0,149.898,2
Nov 13 2017 01: +0,152.249,2
Nov 14 2017 01: +0,149.29,1
Nov 15 2017 01: +0,149.499,1
Nov 17 2017 01: +0,126,1
Nov 18 2017 01: +0,127.22,1
Nov 20 2017 01: +0,150.35,1
Nov 22 2017 01: +0,148.75,2
Nov 23 2017 01: +0,143.805,3
Nov 26 2017 01: +0,147.869,2
Nov 28 2017 01: +0,147.078,1
Nov 29 2017 01: +0,154.935,1
Dec 02 2017 01: +0,159.932,2
Dec 03 2017 01: +0,165.51,3
Dec 04 2017 01: +0,118.57,1
Dec 05 2017 01: +0,145.906,4
Dec 06 2017 01: +0,162.548,2
Dec 07 2017 01: +0,162.506,2
Dec 08 2017 01: +0,139.496,1
Dec 12 2017 01: +0,170.004,1
Dec 16 2017 01: +0,162.47,1
Dec 17 2017 01: +0,140,1
Dec 21 2017 01: +0,166.644,1
Dec 25 2017 01: +0,149.8,1
Dec 26 2017 01: +0,151.269,3
Dec 28 2017 01: +0,164.74,3
Dec 30 2017 01: +0,151.378,2
Dec 31 2017 01: +0,170.093,2
Jan 01 2018 01: +0,165,1
Jan 03 2018 01: +0,148.224,5
Jan 04 2018 01: +0,151.517,2
Jan 05 2018 01: +0,164.75,4
Jan 06 2018 01: +0,170.625,2
Jan 07 2018 01: +0,183.425,2
Jan 08 2018 01: +0,144.99,1
Jan 09 2018 01: +0,150.533,2
Jan 10 2018 01: +0,178.998,1
Jan 11 2018 01: +0,120.25,1
Jan 14 2018 01: +0,165.382,3
Jan 15 2018 01: +0,168.384,1
Jan 17 2018 01: +0,158.545,1
Jan 18 2018 01: +0,164.627,2
Jan 19 2018 01: +0,157.595,2
Jan 20 2018 01: +0,165.386,3
Jan 21 2018 01: +0,173.667,2
Jan 22 2018 01: +0,140.642,1
Jan 23 2018 01: +0,146.629,1
Jan 24 2018 01: +0,156.692,3
Jan 25 2018 01: +0,166.077,2
Jan 27 2018 01: +0,150.706,2
Jan 28 2018 01: +0,153.805,2
Jan 31 2018 01: +0,171.938,2
Feb 02 2018 01: +0,153.938,1
Feb 03 2018 01: +0,175.38,2
Feb 05 2018 01: +0,183.009,1
Feb 07 2018 01: +0,165.794,3
Feb 08 2018 01: +0,165.243,6
Feb 09 2018 01: +0,171.167,1
Feb 11 2018 01: +0,173.964,3
Feb 12 2018 01: +0,151.24,1
Feb 13 2018 01: +0,146.2,1
Feb 14 2018 01: +0,140.686,2
Feb 15 2018 01: +0,169.306,2
Feb 16 2018 01: +0,151.483,2
Feb 17 2018 01: +0,164.14,4
Feb 18 2018 01: +0,169.763,2
Feb 19 2018 01: +0,154.036,2
Feb 20 2018 01: +0,160.62,2
Feb 21 2018 01: +0,160.296,1
Feb 22 2018 01: +0,163.358,3
Feb 25 2018 01: +0,178.373,3
Feb 28 2018 01: +0,162.824,5
Mar 04 2018 01: +0,177.862,1
Mar 05 2018 01: +0,169.791,1
Mar 07 2018 01: +0,159.874,2
Mar 09 2018 01: +0,147.57,1
Mar 10 2018 01: +0,155.477,2
Mar 12 2018 01: +0,183.646,1
Mar 13 2018 01: +0,178.998,1
Mar 14 2018 01: +0,154.326,2
Mar 15 2018 01: +0,178.57,2
Mar 18 2018 01: +0,173.367,1
Mar 21 2018 01: +0,160.878,2
Mar 23 2018 01: +0,170.918,1
Mar 24 2018 01: +0,176.175,2
Mar 25 2018 01: +0,179.037,1
Mar 28 2018 01: +0,176.782,1
Apr 01 2018 01: +0,118.769,4
Apr 02 2018 01: +0,161.833,1
Apr 03 2018 01: +0,150.006,1
Apr 04 2018 01: +0,143.126,2
Apr 06 2018 01: +0,121.923,2
Apr 08 2018 01: +0,122.961,2
Apr 09 2018 01: +0,136.874,3
Apr 10 2018 01: +0,131.203,1
Apr 11 2018 01: +0,137.983,1
Apr 13 2018 01: +0,132.41,4
Apr 14 2018 01: +0,131.666,4
Apr 15 2018 01: +0,144.14,3
Apr 17 2018 01: +0,142.049,3
Apr 19 2018 01: +0,144.324,1
Apr 21 2018 01: +0,135.001,1
Apr 22 2018 01: +0,144.966,5
Apr 24 2018 01: +0,138.724,1
Apr 25 2018 01: +0,143.663,4
Apr 26 2018 01: +0,156.403,2
Apr 28 2018 01: +0,138.584,3
Apr 29 2018 01: +0,141.674,2
May 01 2018 01: +0,139.242,1
May 02 2018 01: +0,126.585,3
May 03 2018 01: +0,132.071,2
May 04 2018 01: +0,129.032,3
May 05 2018 01: +0,138.939,2
May 06 2018 01: +0,130.114,2
May 07 2018 01: +0,134.759,2
May 08 2018 01: +0,127.205,2
May 10 2018 01: +0,135.054,2
May 11 2018 01: +0,119.859,2
May 13 2018 01: +0,141.815,3
May 16 2018 01: +0,130.062,1
May 17 2018 01: +0,135.918,1
May 18 2018 01: +0,125.454,2
May 19 2018 01: +0,134.924,2
May 20 2018 01: +0,126.745,3
May 21 2018 01: +0,136.21,1
May 22 2018 01: +0,113.005,1
May 23 2018 01: +0,132.247,1
May 25 2018 01: +0,132.169,2
May 26 2018 01: +0,133.343,3
May 28 2018 01: +0,120.165,2
May 29 2018 01: +0,135.121,1
May 30 2018 01: +0,136.573,2
May 31 2018 01: +0,130.976,3
Jun 01 2018 01: +0,143.23,1
Jun 02 2018 01: +0,143.33,1
Jun 03 2018 01: +0,130.252,3
Jun 04 2018 01: +0,132.598,3
Jun 05 2018 01: +0,128.147,2
Jun 07 2018 01: +0,129.749,1
Jun 10 2018 01: +0,137.983,1
Jun 12 2018 01: +0,121.665,2
Jun 13 2018 01: +0,125.048,3
Jun 14 2018 01: +0,119.275,2
Jun 15 2018 01: +0,127.452,2
Jun 16 2018 01: +0,120.757,1
Jun 18 2018 01: +0,111.996,1
Jun 20 2018 01: +0,109.618,3
Jun 21 2018 01: +0,112.314,2
Jun 22 2018 01: +0,110.342,4
Jun 23 2018 01: +0,106.266,5
Jun 24 2018 01: +0,108.495,4
Jun 25 2018 01: +0,112.074,2
Jun 26 2018 01: +0,105.107,1
Jun 27 2018 01: +0,105.586,2
Jun 28 2018 01: +0,114.752,1
Jun 29 2018 01: +0,115,1
Jun 30 2018 01: +0,116.942,1
Jul 01 2018 01: +0,112.824,1
Jul 02 2018 01: +0,114.7,2
Jul 03 2018 01: +0,118.736,2
Jul 05 2018 01: +0,130.067,2
Jul 06 2018 01: +0,132.394,1
Jul 07 2018 01: +0,105,1
Jul 08 2018 01: +0,131.286,1
Jul 10 2018 01: +0,135.261,1
Jul 11 2018 01: +0,113.532,1
Jul 12 2018 01: +0,111.533,1
Jul 13 2018 01: +0,135.611,3
Jul 15 2018 01: +0,137.246,2
Jul 16 2018 01: +0,120.385,1
Jul 17 2018 01: +0,139.923,1
Jul 18 2018 01: +0,136.005,2
Jul 19 2018 01: +0,139.863,1
Jul 23 2018 01: +0,139.122,2
Jul 26 2018 01: +0,115.004,1
Jul 30 2018 01: +0,145.831,1
Jul 31 2018 01: +0,148.34,1
Aug 01 2018 01: +0,133.305,2
Aug 02 2018 01: +0,151.54,1
Aug 06 2018 01: +0,135.733,3
Aug 07 2018 01: +0,133.865,3
Aug 12 2018 01: +0,131.206,3
Aug 14 2018 01: +0,118.962,2
Aug 15 2018 01: +0,131.021,3
Aug 17 2018 01: +0,131.635,3
Aug 18 2018 01: +0,132.611,2
Aug 19 2018 01: +0,140.992,2
Aug 20 2018 01: +0,142.755,2
Aug 23 2018 01: +0,139.145,1
Aug 24 2018 01: +0,137.53,2
Aug 25 2018 01: +0,131.763,3
Aug 26 2018 01: +0,140.381,1
Aug 28 2018 01: +0,123.373,2
Aug 29 2018 01: +0,139.623,1
Aug 30 2018 01: +0,127.105,1
Aug 31 2018 01: +0,149.131,1
Sep 01 2018 01: +0,120.75,1
Sep 02 2018 01: +0,138.477,5
Sep 03 2018 01: +0,133.588,1
Sep 05 2018 01: +0,141.022,1
Sep 08 2018 01: +0,156.03,1
Sep 09 2018 01: +0,129.233,2
Sep 11 2018 01: +0,159.989,1
Sep 12 2018 01: +0,155.21,2
Sep 14 2018 01: +0,149.483,1
Sep 15 2018 01: +0,134.4,3
Sep 16 2018 01: +0,146.766,1
Sep 17 2018 01: +0,132.016,3
Sep 18 2018 01: +0,140.474,2
Sep 19 2018 01: +0,142.972,2
Sep 20 2018 01: +0,147.424,1
Sep 22 2018 01: +0,126.93,1
Sep 23 2018 01: +0,127.5,3
Sep 24 2018 01: +0,153.426,2
Sep 25 2018 01: +0,160.956,1
Sep 26 2018 01: +0,160.983,1
Sep 27 2018 01: +0,163.263,4
Sep 28 2018 01: +0,153.807,2
Sep 29 2018 01: +0,150.123,3
Oct 01 2018 01: +0,150.65,1
Oct 02 2018 01: +0,153.539,2
Oct 03 2018 01: +0,161.263,1
Oct 05 2018 01: +0,138.2,1
Oct 06 2018 01: +0,146.393,1
Oct 07 2018 01: +0,157.381,2
Oct 09 2018 01: +0,150.146,1
Oct 10 2018 01: +0,152.292,4
Oct 11 2018 01: +0,148.385,2
Oct 13 2018 01: +0,142.308,2
Oct 14 2018 01: +0,133.72,1
Oct 15 2018 01: +0,154.983,2
Oct 16 2018 01: +0,144.003,1
Oct 17 2018 01: +0,135.323,1
Oct 19 2018 01: +0,159.989,1
Oct 20 2018 01: +0,145.858,2
Oct 21 2018 01: +0,149.766,3
Oct 23 2018 01: +0,151.036,3
Oct 24 2018 01: +0,148.996,1
Oct 25 2018 01: +0,143.929,3
Oct 27 2018 01: +0,153.124,1
Oct 30 2018 01: +0,152.005,1
Oct 31 2018 01: +0,128.87,1
Nov 02 2018 01: +0,146.264,2
Nov 03 2018 01: +0,142.276,3
Nov 06 2018 01: +0,152.628,2
Nov 07 2018 01: +0,154.914,2
Nov 08 2018 01: +0,145.049,1
Nov 10 2018 01: +0,101.41,1
Nov 11 2018 01: +0,149.954,1
Nov 12 2018 01: +0,156.473,1
Nov 13 2018 01: +0,158.741,1
Nov 17 2018 01: +0,152.073,2
Nov 18 2018 01: +0,170.394,1
Nov 20 2018 01: +0,140.931,2
Nov 22 2018 01: +0,128.98,1
Nov 24 2018 01: +0,147.062,4
Nov 25 2018 01: +0,151.425,1
Nov 26 2018 01: +0,143.46,1
Nov 27 2018 01: +0,147.29,1
Nov 29 2018 01: +0,152.056,1
Nov 30 2018 01: +0,152.916,1
Dec 01 2018 01: +0,157.75,1
Dec 03 2018 01: +0,142.989,2
Dec 05 2018 01: +0,141.27,2
Dec 06 2018 01: +0,148.262,2
Dec 09 2018 01: +0,160.83,3
Dec 10 2018 01: +0,149.795,2
Dec 13 2018 01: +0,128.413,2
Dec 14 2018 01: +0,140.784,1
Dec 16 2018 01: +0,141.856,2
Dec 17 2018 01: +0,142.964,2
Dec 18 2018 01: +0,149.98,1
Dec 19 2018 01: +0,139.46,2
Dec 20 2018 01: +0,137.939,1
Dec 22 2018 01: +0,148.279,2
Dec 24 2018 01: +0,151.325,2
Dec 25 2018 01: +0,153.44,1
Dec 26 2018 01: +0,174.78,2
Dec 27 2018 01: +0,152.231,2
Dec 28 2018 01: +0,125.3,2
Dec 29 2018 01: +0,168.004,1
Dec 30 2018 01: +0,160,1
Dec 31 2018 01: +0,163.07,1
Jan 02 2019 01: +0,153.587,1
Jan 03 2019 01: +0,150.83,2
Jan 04 2019 01: +0,160.339,1
Jan 07 2019 01: +0,166.732,3
Jan 09 2019 01: +0,171.245,2
Jan 10 2019 01: +0,158.378,2
Jan 13 2019 01: +0,157.738,2
Jan 14 2019 01: +0,172.111,2
Jan 15 2019 01: +0,170.939,1
Jan 17 2019 01: +0,184.43,1
Jan 19 2019 01: +0,143.106,3
Jan 22 2019 01: +0,181.774,1
Jan 26 2019 01: +0,160.968,3
Jan 27 2019 01: +0,166.071,2
Jan 28 2019 01: +0,168.233,2
Jan 29 2019 01: +0,170.409,1
Jan 30 2019 01: +0,167.87,1
Jan 31 2019 01: +0,180.138,1
Feb 02 2019 01: +0,154.258,1
Feb 04 2019 01: +0,185.152,2
Feb 05 2019 01: +0,159.134,1
Feb 09 2019 01: +0,145.54,1
Feb 11 2019 01: +0,157.531,2
Feb 12 2019 01: +0,167.209,2
Feb 15 2019 01: +0,180.635,1
Feb 16 2019 01: +0,176.977,1
Feb 17 2019 01: +0,161.517,2
Feb 18 2019 01: +0,129.63,1
Feb 20 2019 01: +0,172.479,1
Feb 26 2019 01: +0,174.276,1
Feb 27 2019 01: +0,158.705,5
Feb 28 2019 01: +0,161.248,2
Mar 01 2019 01: +0,156.444,3
Mar 02 2019 01: +0,163.596,1
Mar 03 2019 01: +0,163.973,4
Mar 04 2019 01: +0,169.869,1
Mar 05 2019 01: +0,169.718,2
Mar 06 2019 01: +0,162.585,2
Mar 07 2019 01: +0,169.532,1
Mar 08 2019 01: +0,175.24,3
Mar 09 2019 01: +0,146.92,3
Mar 10 2019 01: +0,185.15,1
Mar 12 2019 01: +0,169.016,1
Mar 15 2019 01: +0,168.213,2
Mar 16 2019 01: +0,173.058,3
Mar 17 2019 01: +0,167.924,3
Mar 18 2019 01: +0,182.799,3
Mar 19 2019 01: +0,167.522,3
Mar 20 2019 01: +0,158.797,1
Mar 21 2019 01: +0,181.392,1
Mar 22 2019 01: +0,183.85,1
Mar 23 2019 01: +0,179.778,2
Mar 24 2019 01: +0,167.87,5
Mar 26 2019 01: +0,192.21,1
Mar 29 2019 01: +0,160.32,3
Mar 30 2019 01: +0,165.406,2
Mar 31 2019 01: +0,177.3,2
Apr 02 2019 01: +0,179.169,1
Apr 03 2019 01: +0,150.034,1
Apr 04 2019 01: +0,168.363,1
Apr 07 2019 01: +0,158.988,5
Apr 10 2019 01: +0,178.666,1
Apr 12 2019 01: +0,176.817,2
Apr 13 2019 01: +0,180.94,1
Apr 16 2019 01: +0,187.796,1
Apr 17 2019 01: +0,154.769,1
Apr 20 2019 01: +0,169.623,1
Apr 22 2019 01: +0,180.864,1
Apr 24 2019 01: +0,171.469,2
Apr 25 2019 01: +0,185.328,1
Apr 28 2019 01: +0,190.564,2
May 04 2019 01: +0,188.204,2
May 08 2019 01: +0,171.8,1
May 09 2019 01: +0,158.921,1
May 11 2019 01: +0,143.141,1
May 12 2019 01: +0,157.55,1
May 14 2019 01: +0,165.241,2
May 15 2019 01: +0,191.999,1
May 16 2019 01: +0,197.305,2
May 19 2019 01: +0,176.783,3
May 22 2019 01: +0,160.914,1
May 24 2019 01: +0,190.276,1
May 25 2019 01: +0,184.394,3
May 26 2019 01: +0,178.187,2
May 27 2019 01: +0,162.19,1
May 29 2019 01: +0,178.34,3
Jun 01 2019 01: +0,185.907,4
Jun 02 2019 01: +0,192.33,1
Jun 04 2019 01: +0,169.832,4
Jun 05 2019 01: +0,180.721,1
Jun 07 2019 01: +0,192.97,1
Jun 08 2019 01: +0,189.279,2
Jun 09 2019 01: +0,192.762,2
Jun 11 2019 01: +0,186.053,1
Jun 13 2019 01: +0,178.752,1
Jun 14 2019 01: +0,180.031,3
Jun 15 2019 01: +0,172.112,3
Jun 18 2019 01: +0,194.798,1
Jun 21 2019 01: +0,204.041,1
Jun 22 2019 01: +0,181.006,3
Jun 23 2019 01: +0,170.589,1
Jun 24 2019 01: +0,172.818,1
Jun 25 2019 01: +0,204.923,1
Jun 26 2019 01: +0,196.379,1
Jun 27 2019 01: +0,184.615,3
Jun 28 2019 01: +0,204.7,1
Jun 29 2019 01: +0,204.48,1
Jul 01 2019 01: +0,186.803,2
Jul 04 2019 01: +0,192.438,2
Jul 05 2019 01: +0,172.59,1
Jul 06 2019 01: +0,205.204,1
Jul 07 2019 01: +0,208.995,2
Jul 10 2019 01: +0,212.323,1
Jul 12 2019 01: +0,189.909,3
Jul 13 2019 01: +0,211.953,2
Jul 15 2019 01: +0,215.401,3
Jul 16 2019 01: +0,183.85,1
Jul 18 2019 01: +0,182.756,1
Jul 20 2019 01: +0,221.848,1
Jul 21 2019 01: +0,182.185,2
Jul 22 2019 01: +0,198.865,3
Jul 24 2019 01: +0,182.85,1
Jul 26 2019 01: +0,194.652,5
Jul 27 2019 01: +0,205.447,4
Jul 28 2019 01: +0,196.43,3
Jul 30 2019 01: +0,218.438,2
Aug 02 2019 01: +0,200.007,1
Aug 05 2019 01: +0,219.12,1
Aug 07 2019 01: +0,200.97,1
Aug 08 2019 01: +0,167.318,1
Aug 11 2019 01: +0,209.981,1
Aug 13 2019 01: +0,212.784,2
Aug 21 2019 01: +0,190.364,1
Aug 22 2019 01: +0,212.59,2
Aug 26 2019 01: +0,221.219,1
Aug 28 2019 01: +0,239.968,1
Aug 29 2019 01: +0,215.008,2
Aug 31 2019 01: +0,199.397,2
Sep 03 2019 01: +0,240.373,3
Sep 07 2019 01: +0,207.473,2
Sep 10 2019 01: +0,219.943,1
Sep 12 2019 01: +0,224.929,1
Sep 13 2019 01: +0,203.106,1
Sep 15 2019 01: +0,207.938,2
Sep 16 2019 01: +0,211.906,3
Sep 17 2019 01: +0,238.343,1
Sep 19 2019 01: +0,236.011,2
Sep 20 2019 01: +0,214.882,2
Sep 23 2019 01: +0,214.64,2
Sep 24 2019 01: +0,202.263,2
Sep 27 2019 01: +0,223.933,1
Sep 28 2019 01: +0,233.01,1
Sep 29 2019 01: +0,201.241,2
Sep 30 2019 01: +0,222.168,1
Oct 03 2019 01: +0,181.663,1
Oct 04 2019 01: +0,221.171,1
Oct 05 2019 01: +0,207.553,2
Oct 06 2019 01: +0,217.722,2
Oct 08 2019 01: +0,202.668,2
Oct 09 2019 01: +0,207.14,1
Oct 12 2019 01: +0,220.007,1
Oct 14 2019 01: +0,234.053,1
Oct 15 2019 01: +0,238.648,2
Oct 16 2019 01: +0,221.478,1
Oct 17 2019 01: +0,207.58,2
Oct 18 2019 01: +0,235.766,2
Oct 19 2019 01: +0,192.08,1
Oct 20 2019 01: +0,187.032,1
Oct 21 2019 01: +0,186.952,2
Oct 23 2019 01: +0,220.959,1
Oct 25 2019 01: +0,211.765,1
Oct 26 2019 01: +0,182.02,1
Oct 28 2019 01: +0,210.869,2
Oct 30 2019 01: +0,161.817,1
Oct 31 2019 01: +0,191.67,3
Nov 01 2019 01: +0,179.366,1
Nov 02 2019 01: +0,192.942,4
Nov 03 2019 01: +0,209.798,2
Nov 05 2019 01: +0,179.35,1
Nov 07 2019 01: +0,186.992,1
Nov 09 2019 01: +0,180.722,1
Nov 14 2019 01: +0,198.077,2
Nov 15 2019 01: +0,187.088,1
Nov 16 2019 01: +0,225.497,1
Nov 17 2019 01: +0,191.944,2
Nov 18 2019 01: +0,211.203,1
Nov 21 2019 01: +0,147.064,1
Nov 23 2019 01: +0,190.231,1
Nov 24 2019 01: +0,200.005,1
Nov 27 2019 01: +0,197.43,1
Nov 28 2019 01: +0,197.755,3
Nov 30 2019 01: +0,203.236,1
Dec 02 2019 01: +0,187.251,2
Dec 03 2019 01: +0,157.732,1
Dec 04 2019 01: +0,191.41,1
Dec 05 2019 01: +0,179.78,1
Dec 06 2019 01: +0,154.92,1
Dec 08 2019 01: +0,194.685,2
Dec 10 2019 01: +0,181.838,2
Dec 13 2019 01: +0,217.72,1
Dec 17 2019 01: +0,176.317,1
Dec 20 2019 01: +0,204.827,2
Dec 25 2019 01: +0,204.768,2
Dec 27 2019 01: +0,223.062,2
Dec 29 2019 01: +0,250.793,1
Jan 01 2020 01: +0,255.013,1
Jan 02 2020 01: +0,241.869,1
Jan 07 2020 01: +0,225.11,1
Jan 10 2020 01: +0,233.056,2
Jan 11 2020 01: +0,225.444,1
Jan 13 2020 01: +0,255.596,1
Jan 14 2020 01: +0,270.92,1
Jan 17 2020 01: +0,233.508,3
Jan 20 2020 01: +0,239.707,3
Jan 21 2020 01: +0,245.418,1
Jan 22 2020 01: +0,233.172,1
Jan 24 2020 01: +0,249.578,2
Jan 25 2020 01: +0,208.678,2
Jan 26 2020 01: +0,242.571,1
Jan 27 2020 01: +0,208.22,1
Jan 31 2020 01: +0,202.764,1
Feb 01 2020 01: +0,227.906,1
Feb 02 2020 01: +0,235.321,2
Feb 03 2020 01: +0,232.509,1
Feb 06 2020 01: +0,197.13,1
Feb 07 2020 01: +0,240.574,2
Feb 10 2020 01: +0,229.853,1
Feb 12 2020 01: +0,201.76,1
Feb 13 2020 01: +0,227.834,2
Feb 15 2020 01: +0,218.83,2
Feb 16 2020 01: +0,200.667,1
Feb 17 2020 01: +0,237.368,1
Feb 19 2020 01: +0,229.151,2
Feb 20 2020 01: +0,197.74,1
Feb 21 2020 01: +0,232.896,1
Feb 23 2020 01: +0,196.82,1
Feb 26 2020 01: +0,220.38,3
Feb 28 2020 01: +0,233.339,2
Feb 29 2020 01: +0,196.142,1
Mar 01 2020 01: +0,204.892,3
Mar 02 2020 01: +0,188.982,1
Mar 03 2020 01: +0,198.38,2
Mar 08 2020 01: +0,210.869,2
Mar 09 2020 01: +0,232.606,1
Mar 10 2020 01: +0,207.088,2
Mar 14 2020 01: +0,232.517,1
Mar 15 2020 01: +0,221.58,1
Mar 20 2020 01: +0,206.877,1
Mar 21 2020 01: +0,201.099,2
Mar 22 2020 01: +0,218.357,2
Mar 23 2020 01: +0,228.43,1
Mar 24 2020 01: +0,219.077,1
Mar 25 2020 01: +0,192.741,2
Mar 26 2020 01: +0,210.591,1
Mar 27 2020 01: +0,223.869,3
Mar 28 2020 01: +0,227.038,1
Mar 29 2020 01: +0,210,1
Apr 01 2020 01: +0,205.612,1
Apr 02 2020 01: +0,213.429,1
Apr 04 2020 01: +0,229.43,1
Apr 07 2020 01: +0,214.29,1
Apr 08 2020 01: +0,184.102,1
Apr 09 2020 01: +0,222.806,2
Apr 11 2020 01: +0,237.31,1
Apr 14 2020 01: +0,194.499,1
Apr 15 2020 01: +0,232.775,1
Apr 18 2020 01: +0,224.607,1
Apr 19 2020 01: +0,207.562,2
Apr 20 2020 01: +0,219.046,2
Apr 21 2020 01: +0,215.844,4
Apr 22 2020 01: +0,221.207,2
Apr 23 2020 01: +0,245.605,1
Apr 25 2020 01: +0,207.251,2
Apr 28 2020 01: +0,242.787,1
Apr 29 2020 01: +0,234.403,3
Apr 30 2020 01: +0,213.279,2
May 01 2020 01: +0,226.824,3
May 02 2020 01: +0,241.362,1
May 03 2020 01: +0,240.466,1
May 04 2020 01: +0,241.502,1
May 05 2020 01: +0,261.334,1
May 08 2020 01: +0,229.117,2
May 10 2020 01: +0,231.554,1
May 12 2020 01: +0,232.627,2
May 13 2020 01: +0,249.829,1
May 14 2020 01: +0,229.084,3
May 15 2020 01: +0,234.892,2
May 18 2020 01: +0,212.146,1
May 20 2020 01: +0,240.263,1
May 23 2020 01: +0,246.812,1
May 24 2020 01: +0,231.049,2
May 25 2020 01: +0,250.64,1
May 27 2020 01: +0,233.133,2
May 28 2020 01: +0,220.53,1
May 29 2020 01: +0,198.467,1
May 31 2020 01: +0,232.891,3
Jun 01 2020 01: +0,250.845,1
Jun 02 2020 01: +0,211.189,1
Jun 03 2020 01: +0,225.984,3
Jun 05 2020 01: +0,253.822,7
Jun 07 2020 01: +0,228.513,2
Jun 09 2020 01: +0,214.533,3
Jun 16 2020 01: +0,207.086,1
Jun 17 2020 01: +0,207.05,1
Jun 20 2020 01: +0,231.981,1
Jun 21 2020 01: +0,206.753,1
Jun 23 2020 01: +0,231.249,1
Jun 24 2020 01: +0,232.263,2
Jun 26 2020 01: +0,231.91,1
Jun 29 2020 01: +0,238.052,1
Jul 06 2020 01: +0,253.298,1
Jul 08 2020 01: +0,253.24,1
Jul 13 2020 01: +0,255.08,1
Jul 14 2020 01: +0,242.717,2
Jul 18 2020 01: +0,234.11,1
Jul 20 2020 01: +0,239.386,1
Jul 22 2020 01: +0,254.901,2
Jul 25 2020 01: +0,226.259,1
Jul 27 2020 01: +0,273.36,1
Aug 08 2020 01: +0,224.56,1
Aug 12 2020 01: +0,219.459,2
Aug 16 2020 01: +0,236.841,1
Aug 17 2020 01: +0,214.844,1
Aug 18 2020 01: +0,273.24,1
Aug 21 2020 01: +0,224.25,1
Aug 22 2020 01: +0,199.58,1
Aug 25 2020 01: +0,197.01,1
Aug 27 2020 01: +0,216.706,2
Aug 28 2020 01: +0,219.992,1
Aug 30 2020 01: +0,204.88,1
Sep 02 2020 01: +0,244.866,2
Sep 03 2020 01: +0,244.467,2
Sep 04 2020 01: +0,205.891,1
Sep 05 2020 01: +0,243.291,1
Sep 07 2020 01: +0,271.57,1
Sep 11 2020 01: +0,263.017,1
Sep 12 2020 01: +0,193.29,1
Sep 15 2020 01: +0,243.37,1
Sep 18 2020 01: +0,236.648,2
Sep 21 2020 01: +0,244.905,1
Sep 22 2020 01: +0,214.615,2
Sep 29 2020 01: +0,215.843,3
Sep 30 2020 01: +0,216.344,1
Oct 01 2020 01: +0,240.495,1
Oct 02 2020 01: +0,235.206,3
Oct 03 2020 01: +0,213.99,1
Oct 04 2020 01: +0,228.355,1
Oct 05 2020 01: +0,263.229,1
Oct 08 2020 01: +0,256.788,1
Oct 09 2020 01: +0,216.35,1
Oct 11 2020 01: +0,257.853,1
Oct 12 2020 01: +0,214.33,1
Oct 13 2020 01: +0,203.57,1
Oct 16 2020 01: +0,256.108,1
Oct 17 2020 01: +0,240.175,1
Oct 20 2020 01: +0,256.153,1
Oct 26 2020 01: +0,237.272,2
Oct 29 2020 01: +0,230,1
Oct 30 2020 01: +0,239.46,1
Oct 31 2020 01: +0,246.58,1
Nov 01 2020 01: +0,232.548,2
Nov 04 2020 01: +0,213.99,1
Nov 05 2020 01: +0,250,1
Nov 08 2020 01: +0,217.2,1
Nov 10 2020 01: +0,271.478,1
Nov 20 2020 01: +0,207.642,1
Nov 22 2020 01: +0,210.46,1
Nov 23 2020 01: +0,219.028,1
Nov 24 2020 01: +0,244.736,2
Nov 25 2020 01: +0,228.885,2
Nov 30 2020 01: +0,239.01,1
Dec 01 2020 01: +0,248.2,1
Dec 04 2020 01: +0,220.978,2
Dec 06 2020 01: +0,219.468,2
Dec 08 2020 01: +0,238.956,1
Dec 10 2020 01: +0,217.943,1
Dec 11 2020 01: +0,237.574,1
Dec 12 2020 01: +0,246.109,2
Dec 13 2020 01: +0,250.779,1
Dec 16 2020 01: +0,255.385,1
Dec 18 2020 01: +0,255.952,1
Dec 20 2020 01: +0,240.047,2
Dec 23 2020 01: +0,232.765,3
Dec 24 2020 01: +0,268.836,1
Dec 25 2020 01: +0,247.736,2
Dec 26 2020 01: +0,242.967,2
Dec 28 2020 01: +0,256.094,2
Dec 29 2020 01: +0,269.684,2
Dec 30 2020 01: +0,269.539,1
Dec 31 2020 01: +0,234.729,1
Jan 01 2021 01: +0,245.417,1
Jan 02 2021 01: +0,274.266,2
Jan 03 2021 01: +0,259.541,1
Jan 04 2021 01: +0,250.775,4
Jan 05 2021 01: +0,244.727,1
Jan 07 2021 01: +0,277.97,1
Jan 09 2021 01: +0,273.175,2
Jan 10 2021 01: +0,288.643,2
Jan 12 2021 01: +0,290.187,8
Jan 13 2021 01: +0,321.4,1
Jan 15 2021 01: +0,315.873,1
Jan 17 2021 01: +0,273.963,2
Jan 21 2021 01: +0,291.348,1
Jan 22 2021 01: +0,249.738,1
Jan 24 2021 01: +0,292.105,1
Jan 25 2021 01: +0,292.117,1
Jan 27 2021 01: +0,248.71,1
Jan 29 2021 01: +0,281.128,2
Feb 02 2021 01: +0,301.15,1
Feb 04 2021 01: +0,259.084,1
Feb 08 2021 01: +0,262.866,2
Feb 09 2021 01: +0,276.952,1
Feb 12 2021 01: +0,281.789,1
Feb 13 2021 01: +0,295.781,2
Feb 14 2021 01: +0,315.619,1
Feb 19 2021 01: +0,249.85,1
Feb 21 2021 01: +0,256.33,1
Feb 23 2021 01: +0,225.832,1
Feb 24 2021 01: +0,283.466,1
Feb 25 2021 01: +0,281.754,1
Feb 26 2021 01: +0,287.711,2
Feb 27 2021 01: +0,315.02,1
Feb 28 2021 01: +0,246.02,1
Mar 03 2021 01: +0,256.41,1
Mar 05 2021 01: +0,295.933,3
Mar 06 2021 01: +0,287.654,2
Mar 08 2021 01: +0,295.078,1
Mar 10 2021 01: +0,304.773,1
Mar 12 2021 01: +0,303.817,1
Mar 13 2021 01: +0,298.364,3
Mar 16 2021 01: +0,268.12,1
Mar 17 2021 01: +0,266.85,1
Mar 18 2021 01: +0,279.168,2
Mar 19 2021 01: +0,304.045,1
Mar 21 2021 01: +0,303.75,2
Mar 22 2021 01: +0,312.397,1
Mar 23 2021 01: +0,315.18,1
Mar 24 2021 01: +0,314.746,1
Mar 25 2021 01: +0,271.709,1
Mar 26 2021 01: +0,276.46,3
Mar 27 2021 01: +0,290.108,2
Mar 30 2021 01: +0,279.85,1
Mar 31 2021 01: +0,314.576,1
Apr 01 2021 01: +0,283.68,1
Apr 02 2021 01: +0,289.05,1
Apr 04 2021 01: +0,330.015,1
Apr 05 2021 01: +0,354.282,1
Apr 07 2021 01: +0,299.06,1
Apr 09 2021 01: +0,287.748,2
Apr 11 2021 01: +0,306.255,2
Apr 15 2021 01: +0,312.928,2
Apr 17 2021 01: +0,289.62,1
Apr 18 2021 01: +0,329.111,2
Apr 20 2021 01: +0,276.75,1
Apr 21 2021 01: +0,289.39,1
Apr 22 2021 01: +0,312.014,1
Apr 23 2021 01: +0,293.686,2
Apr 24 2021 01: +0,306.957,1
Apr 30 2021 01: +0,300.206,3
May 03 2021 01: +0,277.81,1
May 04 2021 01: +0,299.227,2
May 05 2021 01: +0,309.321,2
May 07 2021 01: +0,285.48,1
May 11 2021 01: +0,282.86,1
May 12 2021 01: +0,307.303,1
May 13 2021 01: +0,241.78,1
May 14 2021 01: +0,283.38,1
May 16 2021 01: +0,333.21,1
May 17 2021 01: +0,308.32,2
May 19 2021 01: +0,299.506,1
May 20 2021 01: +0,300,1
May 22 2021 01: +0,339.735,2
May 24 2021 01: +0,326.778,2
May 25 2021 01: +0,356.837,1
May 26 2021 01: +0,300.95,1
May 30 2021 01: +0,300,1
Jun 03 2021 01: +0,343.796,1
Jun 04 2021 01: +0,296.21,1
Jun 06 2021 01: +0,295.78,1
Jun 08 2021 01: +0,396.499,1
Jun 12 2021 01: +0,373.41,1
Jun 13 2021 01: +0,296.3,1
Jun 17 2021 01: +0,293.483,1
Jun 19 2021 01: +0,323.439,2
Jun 21 2021 01: +0,325.61,1
Jun 24 2021 01: +0,303.882,3
Jun 27 2021 01: +0,340.224,1
Jun 30 2021 01: +0,276,1
Jul 04 2021 01: +0,278,1
Jul 07 2021 01: +0,323.59,1
Jul 09 2021 01: +0,276.036,1
Jul 13 2021 01: +0,316.585,1
Jul 14 2021 01: +0,317.485,1
Jul 17 2021 01: +0,270.31,1
Jul 24 2021 01: +0,271.012,3
Jul 25 2021 01: +0,272.8,1
Jul 29 2021 01: +0,271.57,1
Jul 30 2021 01: +0,327.734,1
Jul 31 2021 01: +0,275.77,1
Aug 02 2021 01: +0,314.783,1
Aug 04 2021 01: +0,278.96,1
Aug 08 2021 01: +0,241.5,1
Aug 10 2021 01: +0,400.003,1
Aug 16 2021 01: +0,248.322,1
Aug 17 2021 01: +0,263.208,3
Aug 18 2021 01: +0,258.093,1
Aug 19 2021 01: +0,321.873,1
Aug 21 2021 01: +0,299.04,1
Aug 24 2021 01: +0,272.678,1
Aug 25 2021 01: +0,270.123,1
Aug 26 2021 01: +0,311.02,1
Aug 27 2021 01: +0,254.85,1
Aug 29 2021 01: +0,322.795,1
Aug 30 2021 01: +0,265.41,2
Aug 31 2021 01: +0,318.53,1
Sep 02 2021 01: +0,271.268,1
Sep 05 2021 01: +0,312.338,1
Sep 06 2021 01: +0,327.011,1
Sep 07 2021 01: +0,270.17,1
Sep 08 2021 01: +0,260.63,1
Sep 10 2021 01: +0,266.45,1
Sep 15 2021 01: +0,257.265,2
Sep 17 2021 01: +0,297.068,1
Sep 18 2021 01: +0,264.521,1
Sep 19 2021 01: +0,293.392,3
Sep 24 2021 01: +0,224.267,2
Sep 26 2021 01: +0,304.801,1
Sep 30 2021 01: +0,221.92,1
Oct 03 2021 01: +0,295.92,1
Oct 04 2021 01: +0,291.085,1
Oct 06 2021 01: +0,240.5,1
Oct 09 2021 01: +0,248.09,1
Oct 10 2021 01: +0,272.469,1
Oct 13 2021 01: +0,288.461,1
Oct 14 2021 01: +0,290.005,1
Oct 15 2021 01: +0,277.329,2
Oct 16 2021 01: +0,284.368,2
Oct 17 2021 01: +0,253.741,1
Oct 18 2021 01: +0,293.272,2
Oct 20 2021 01: +0,294.371,3
Oct 23 2021 01: +0,267.687,1
Oct 26 2021 01: +0,280.591,2
Oct 29 2021 01: +0,277.392,2
Oct 30 2021 01: +0,276.002,1
Oct 31 2021 01: +0,293.4,1
Nov 01 2021 01: +0,294.151,1
Nov 02 2021 01: +0,249.98,1
Nov 05 2021 01: +0,292.212,2
Nov 06 2021 01: +0,262.447,1
Nov 07 2021 01: +0,265.722,1
Nov 14 2021 01: +0,256.969,1
Nov 15 2021 01: +0,254.388,2
Nov 16 2021 01: +0,290.32,1
Nov 18 2021 01: +0,279.141,1
Nov 21 2021 01: +0,241.787,2
Nov 22 2021 01: +0,287.851,1
Nov 26 2021 01: +0,288.049,2
Nov 28 2021 01: +0,289.873,1
Nov 29 2021 01: +0,236.94,1
Dec 03 2021 01: +0,234.54,1
Dec 06 2021 01: +0,247.16,1
Dec 07 2021 01: +0,246.1,1
Dec 10 2021 01: +0,250.56,1
Dec 13 2021 01: +0,250.573,1
Dec 17 2021 01: +0,271.517,2
Dec 18 2021 01: +0,285.93,1
Dec 21 2021 01: +0,269.174,1
Dec 25 2021 01: +0,284.432,2
Dec 27 2021 01: +0,300.101,1
Dec 30 2021 01: +0,279.99,1
Jan 02 2022 01: +0,288.62,1
Jan 04 2022 01: +0,288.182,1
Jan 05 2022 01: +0,264.8,1
Jan 06 2022 01: +0,269.99,1
Jan 07 2022 01: +0,299.58,1
Jan 08 2022 01: +0,261.482,2
Jan 09 2022 01: +0,298.82,1
Jan 10 2022 01: +0,271.09,1
Jan 13 2022 01: +0,273.36,1
Jan 15 2022 01: +0,253.13,1
Jan 16 2022 01: +0,271.21,1
Jan 18 2022 01: +0,283.085,2
Jan 21 2022 01: +0,325.928,1
Jan 22 2022 01: +0,340.58,1
Jan 27 2022 01: +0,259.213,2
Jan 29 2022 01: +0,314.25,1
Jan 31 2022 01: +0,286.995,1
Feb 02 2022 01: +0,344.93,1
Feb 04 2022 01: +0,266.41,1
Feb 06 2022 01: +0,267.42,1
Feb 08 2022 01: +0,342.72,1
Feb 11 2022 01: +0,344.999,1
Feb 12 2022 01: +0,337.731,1
Feb 16 2022 01: +0,317.747,3
Feb 17 2022 01: +0,340.972,1
Feb 19 2022 01: +0,276.339,1
Feb 20 2022 01: +0,308.257,2
Feb 22 2022 01: +0,307.68,3
Feb 24 2022 01: +0,346.426,1
Mar 01 2022 01: +0,280.76,1
Mar 03 2022 01: +0,335.168,1
Mar 04 2022 01: +0,330.004,1
Mar 05 2022 01: +0,323.213,2
Mar 06 2022 01: +0,310.971,2
Mar 07 2022 01: +0,354.438,1
Mar 09 2022 01: +0,285.685,1
Mar 10 2022 01: +0,362.438,1
Mar 18 2022 01: +0,377.23,1
Mar 19 2022 01: +0,350.298,1
Mar 20 2022 01: +0,377.605,1
Mar 21 2022 01: +0,377.72,1
Mar 28 2022 01: +0,391.213,1
Mar 30 2022 01: +0,366.077,2
Apr 06 2022 01: +0,393.424,1
Apr 13 2022 01: +0,402.5,1
Apr 15 2022 01: +0,421.216,1
Apr 30 2022 01: +0,378.13,1
May 01 2022 01: +0,388.527,3
May 03 2022 01: +0,415.687,1
May 07 2022 01: +0,342.4,1
May 08 2022 01: +0,401.729,1
May 14 2022 01: +0,383.114,2
May 15 2022 01: +0,341.777,1
May 18 2022 01: +0,363.18,1
May 20 2022 01: +0,363.237,1
May 30 2022 01: +0,372.125,1
