Jun 24 2016 01: +0,400.353,1
Jul 01 2016 01: +0,399.21,1
Jul 05 2016 01: +0,398.094,1
Jul 11 2016 01: +0,400,1
Jul 15 2016 01: +0,370.1,1
Jul 16 2016 01: +0,400,1
Jul 20 2016 01: +0,400,1
Jul 21 2016 01: +0,441.6,1
Jul 22 2016 01: +0,396,1
Jul 23 2016 01: +0,409.14,1
Jul 26 2016 01: +0,400,1
Jul 27 2016 01: +0,395.063,2
Jul 28 2016 01: +0,399.996,1
Jul 29 2016 01: +0,428.69,1
Jul 30 2016 01: +0,400,2
Aug 03 2016 01: +0,400.94,2
Aug 04 2016 01: +0,351.82,1
Aug 09 2016 01: +0,431.625,5
Aug 10 2016 01: +0,479.78,2
Aug 14 2016 01: +0,399.31,1
Aug 15 2016 01: +0,401.52,2
Aug 16 2016 01: +0,400.74,1
Aug 17 2016 01: +0,396.594,1
Aug 18 2016 01: +0,472.69,1
Aug 19 2016 01: +0,400.002,2
Aug 21 2016 01: +0,386.828,3
Aug 22 2016 01: +0,405.55,6
Aug 23 2016 01: +0,476.115,2
Aug 24 2016 01: +0,398.993,4
Aug 25 2016 01: +0,415.516,5
Aug 26 2016 01: +0,406.618,1
Aug 27 2016 01: +0,405.175,2
Aug 29 2016 01: +0,368.777,1
Aug 30 2016 01: +0,406.984,5
Aug 31 2016 01: +0,401.466,1
Sep 02 2016 01: +0,377.787,2
Sep 03 2016 01: +0,402.063,4
Sep 04 2016 01: +0,414.596,2
Sep 05 2016 01: +0,402.85,3
Sep 06 2016 01: +0,433.741,2
Sep 07 2016 01: +0,399.998,1
Sep 08 2016 01: +0,394.641,4
Sep 09 2016 01: +0,477.164,1
Sep 10 2016 01: +0,403.876,1
Sep 12 2016 01: +0,426.022,3
Sep 13 2016 01: +0,422.169,3
Sep 14 2016 01: +0,414.408,3
Sep 15 2016 01: +0,381.234,1
Sep 17 2016 01: +0,402.113,1
Sep 18 2016 01: +0,393.404,3
Sep 19 2016 01: +0,379.792,2
Sep 20 2016 01: +0,400.825,2
Sep 21 2016 01: +0,400.004,1
Sep 22 2016 01: +0,397.976,2
Sep 23 2016 01: +0,403.344,1
Sep 24 2016 01: +0,397.219,1
Sep 25 2016 01: +0,421.445,2
Sep 26 2016 01: +0,388.815,3
Sep 27 2016 01: +0,387.229,3
Sep 28 2016 01: +0,391.328,2
Sep 29 2016 01: +0,393.567,1
Sep 30 2016 01: +0,409.303,2
Oct 01 2016 01: +0,387.37,3
Oct 02 2016 01: +0,385.691,1
Oct 03 2016 01: +0,363.921,2
Oct 04 2016 01: +0,343.78,4
Oct 05 2016 01: +0,401.296,3
Oct 06 2016 01: +0,389.667,3
Oct 07 2016 01: +0,386.151,3
Oct 08 2016 01: +0,386.07,3
Oct 09 2016 01: +0,382.675,1
Oct 10 2016 01: +0,409.101,4
Oct 12 2016 01: +0,400.001,1
Oct 14 2016 01: +0,383.305,2
Oct 17 2016 01: +0,389.996,2
Oct 19 2016 01: +0,399.669,3
Oct 20 2016 01: +0,392.138,1
Oct 22 2016 01: +0,390.749,1
Oct 25 2016 01: +0,371.158,1
Oct 26 2016 01: +0,357.12,1
Oct 29 2016 01: +0,360.14,1
Oct 30 2016 01: +0,312.835,2
Oct 31 2016 01: +0,411.047,2
Nov 01 2016 01: +0,394.91,2
Nov 02 2016 01: +0,400,1
Nov 03 2016 01: +0,384.311,3
Nov 04 2016 01: +0,237.999,1
Nov 06 2016 01: +0,394.037,1
Nov 11 2016 01: +0,377.272,1
Nov 12 2016 01: +0,380.855,2
Nov 13 2016 01: +0,379.77,1
Nov 14 2016 01: +0,345,1
Nov 17 2016 01: +0,384.455,1
Nov 19 2016 01: +0,384.14,2
Nov 20 2016 01: +0,349.186,3
Nov 21 2016 01: +0,401.405,1
Nov 23 2016 01: +0,367.97,1
Nov 25 2016 01: +0,369,1
Nov 27 2016 01: +0,378.305,1
Nov 28 2016 01: +0,381.4,1
Nov 29 2016 01: +0,400,1
Nov 30 2016 01: +0,367.773,2
Dec 01 2016 01: +0,360,1
Dec 04 2016 01: +0,344.538,3
Dec 05 2016 01: +0,382.87,2
Dec 06 2016 01: +0,354.372,3
Dec 09 2016 01: +0,354.774,1
Dec 10 2016 01: +0,419,1
Dec 11 2016 01: +0,390.071,4
Dec 12 2016 01: +0,400.576,1
Dec 15 2016 01: +0,366.44,1
Dec 16 2016 01: +0,382.38,1
Dec 18 2016 01: +0,359.992,1
Dec 20 2016 01: +0,385.799,3
Dec 21 2016 01: +0,365.125,2
Dec 22 2016 01: +0,375.841,1
Dec 23 2016 01: +0,368.024,2
Dec 24 2016 01: +0,400,1
Dec 25 2016 01: +0,360.091,3
Dec 26 2016 01: +0,400.007,2
Dec 28 2016 01: +0,374.641,4
Dec 30 2016 01: +0,386.872,2
Dec 31 2016 01: +0,374.957,1
Jan 01 2017 01: +0,359.019,1
Jan 02 2017 01: +0,370.248,2
Jan 03 2017 01: +0,406.121,2
Jan 04 2017 01: +0,386.717,2
Jan 06 2017 01: +0,387.5,5
Jan 07 2017 01: +0,379.535,1
Jan 09 2017 01: +0,360.003,1
Jan 11 2017 01: +0,264.04,1
Jan 12 2017 01: +0,371.342,4
Jan 13 2017 01: +0,392.106,4
Jan 14 2017 01: +0,399.987,1
Jan 15 2017 01: +0,306.696,1
Jan 16 2017 01: +0,308.483,1
Jan 17 2017 01: +0,379.546,2
Jan 18 2017 01: +0,376.972,4
Jan 19 2017 01: +0,383.64,1
Jan 21 2017 01: +0,383.1,1
Jan 22 2017 01: +0,368.4,1
Jan 23 2017 01: +0,359.745,1
Jan 26 2017 01: +0,364.999,1
Jan 27 2017 01: +0,375,2
Jan 28 2017 01: +0,399.42,2
Jan 30 2017 01: +0,399.734,2
Jan 31 2017 01: +0,304.91,1
Feb 01 2017 01: +0,384.878,2
Feb 02 2017 01: +0,386.976,2
Feb 04 2017 01: +0,362.25,1
Feb 06 2017 01: +0,380.407,2
Feb 07 2017 01: +0,389.829,2
Feb 08 2017 01: +0,396.52,1
Feb 09 2017 01: +0,384.237,1
Feb 11 2017 01: +0,402.975,3
Feb 12 2017 01: +0,400.004,1
Feb 13 2017 01: +0,416.945,2
Feb 15 2017 01: +0,401.081,5
Feb 18 2017 01: +0,399.99,1
Feb 20 2017 01: +0,367.471,1
Feb 23 2017 01: +0,390.525,2
Feb 24 2017 01: +0,409.274,3
Feb 25 2017 01: +0,399.996,1
Feb 26 2017 01: +0,381.63,1
Feb 27 2017 01: +0,381.167,2
Mar 01 2017 01: +0,405.493,2
Mar 03 2017 01: +0,372.98,1
Mar 06 2017 01: +0,380.03,1
Mar 09 2017 01: +0,397.213,3
Mar 10 2017 01: +0,399.99,1
Mar 11 2017 01: +0,381.12,1
Mar 12 2017 01: +0,382.801,1
Mar 13 2017 01: +0,366.177,2
Mar 15 2017 01: +0,398.849,2
Mar 16 2017 01: +0,400,1
Mar 19 2017 01: +0,400,1
Mar 20 2017 01: +0,386.613,1
Mar 25 2017 01: +0,384.783,3
Apr 04 2017 01: +0,400,1
Apr 05 2017 01: +0,383.196,1
Apr 06 2017 01: +0,399.048,2
Apr 07 2017 01: +0,411.289,1
Apr 09 2017 01: +0,400.004,1
Apr 11 2017 01: +0,381.525,1
Apr 15 2017 01: +0,389.13,2
Apr 17 2017 01: +0,372.79,1
Apr 18 2017 01: +0,399.997,2
Apr 19 2017 01: +0,400.005,1
Apr 29 2017 01: +0,399.998,1
Apr 30 2017 01: +0,390.854,2
May 03 2017 01: +0,544.744,1
May 04 2017 01: +0,400.004,1
May 05 2017 01: +0,523.327,4
May 06 2017 01: +0,459.524,3
May 07 2017 01: +0,504.345,1
May 10 2017 01: +0,410.338,2
May 11 2017 01: +0,427.721,4
May 12 2017 01: +0,432.65,2
May 14 2017 01: +0,487.413,3
May 16 2017 01: +0,510.255,1
May 17 2017 01: +0,500.008,1
May 18 2017 01: +0,460.176,2
May 22 2017 01: +0,424.243,2
May 24 2017 01: +0,410.021,2
May 25 2017 01: +0,452.195,2
May 26 2017 01: +0,420.716,1
May 28 2017 01: +0,485.81,1
May 29 2017 01: +0,415.24,1
May 30 2017 01: +0,449.229,2
May 31 2017 01: +0,555.166,2
Jun 02 2017 01: +0,437.67,2
Jun 04 2017 01: +0,298.862,3
Jun 05 2017 01: +0,436.502,3
Jun 06 2017 01: +0,467.86,3
Jun 07 2017 01: +0,466.218,2
Jun 08 2017 01: +0,492.326,1
Jun 09 2017 01: +0,469.329,1
Jun 10 2017 01: +0,474.495,1
Jun 11 2017 01: +0,480.923,2
Jun 12 2017 01: +0,481.752,1
Jun 13 2017 01: +0,497.901,1
Jun 16 2017 01: +0,466.11,1
Jun 17 2017 01: +0,460,1
Jun 18 2017 01: +0,407,1
Jun 19 2017 01: +0,434.71,2
Jun 20 2017 01: +0,442.571,3
Jun 22 2017 01: +0,472.65,1
Jun 24 2017 01: +0,427.86,2
Jun 25 2017 01: +0,374.99,1
Jun 26 2017 01: +0,445.433,2
Jun 27 2017 01: +0,440.262,1
Jun 28 2017 01: +0,422.67,1
Jun 30 2017 01: +0,460.45,2
Jul 01 2017 01: +0,413.613,3
Jul 03 2017 01: +0,390,1
Jul 04 2017 01: +0,464.486,1
Jul 05 2017 01: +0,442.116,3
Jul 06 2017 01: +0,238.025,2
Jul 07 2017 01: +0,450.007,1
Jul 09 2017 01: +0,425.909,5
Jul 10 2017 01: +0,445.145,1
Jul 11 2017 01: +0,431.337,2
Jul 13 2017 01: +0,451.234,1
Jul 14 2017 01: +0,434.096,2
Jul 15 2017 01: +0,451.662,1
Jul 16 2017 01: +0,451.305,1
Jul 17 2017 01: +0,447.005,1
Jul 18 2017 01: +0,449.725,3
Jul 19 2017 01: +0,411.418,2
Jul 20 2017 01: +0,408.379,2
Jul 21 2017 01: +0,361.36,1
Jul 22 2017 01: +0,439,1
Jul 23 2017 01: +0,423.929,4
Jul 24 2017 01: +0,485.757,3
Jul 25 2017 01: +0,438.019,1
Jul 26 2017 01: +0,422.284,4
Jul 27 2017 01: +0,439.67,1
Jul 28 2017 01: +0,462.055,2
Jul 29 2017 01: +0,447.931,2
Jul 30 2017 01: +0,466.09,1
Aug 01 2017 01: +0,415.684,3
Aug 02 2017 01: +0,468.448,5
Aug 03 2017 01: +0,411.055,2
Aug 04 2017 01: +0,502.51,1
Aug 05 2017 01: +0,458.515,5
Aug 06 2017 01: +0,420.59,2
Aug 07 2017 01: +0,493.993,3
Aug 08 2017 01: +0,455.33,2
Aug 10 2017 01: +0,433.762,4
Aug 12 2017 01: +0,512.676,2
Aug 13 2017 01: +0,394.171,3
Aug 14 2017 01: +0,424.998,2
Aug 15 2017 01: +0,442.949,3
Aug 16 2017 01: +0,471.062,2
Aug 17 2017 01: +0,399.42,2
Aug 18 2017 01: +0,437.772,3
Aug 19 2017 01: +0,422.987,5
Aug 20 2017 01: +0,449.653,3
Aug 21 2017 01: +0,448.501,1
Aug 22 2017 01: +0,469.985,1
Aug 23 2017 01: +0,472.277,1
Aug 24 2017 01: +0,459.13,1
Aug 25 2017 01: +0,458.231,2
Aug 26 2017 01: +0,414.765,3
Aug 27 2017 01: +0,406.9,1
Aug 28 2017 01: +0,411.312,1
Aug 29 2017 01: +0,476.888,1
Aug 30 2017 01: +0,440.028,1
Sep 02 2017 01: +0,525.01,1
Sep 03 2017 01: +0,393.66,1
Sep 05 2017 01: +0,463.87,1
Sep 06 2017 01: +0,475.29,1
Sep 09 2017 01: +0,439.416,4
Sep 10 2017 01: +0,473.027,2
Sep 11 2017 01: +0,468.542,3
Sep 12 2017 01: +0,444.916,3
Sep 13 2017 01: +0,471.04,1
Sep 14 2017 01: +0,475.72,1
Sep 15 2017 01: +0,421.948,3
Sep 16 2017 01: +0,441.508,1
Sep 17 2017 01: +0,479.51,1
Sep 19 2017 01: +0,406.884,1
Sep 21 2017 01: +0,457.692,1
Sep 22 2017 01: +0,488.75,1
Sep 23 2017 01: +0,450.003,1
Sep 24 2017 01: +0,444.464,5
Sep 25 2017 01: +0,397.003,1
Sep 26 2017 01: +0,458.53,2
Sep 28 2017 01: +0,405.883,4
Sep 30 2017 01: +0,428.12,1
Oct 01 2017 01: +0,429.069,1
Oct 02 2017 01: +0,400.55,2
Oct 04 2017 01: +0,385.167,3
Oct 05 2017 01: +0,397.763,2
Oct 06 2017 01: +0,414.57,3
Oct 07 2017 01: +0,409.991,1
Oct 08 2017 01: +0,405.007,2
Oct 09 2017 01: +0,408.468,2
Oct 11 2017 01: +0,378.036,1
Oct 12 2017 01: +0,434.802,3
Oct 13 2017 01: +0,444.037,3
Oct 14 2017 01: +0,449.608,1
Oct 15 2017 01: +0,419.148,3
Oct 16 2017 01: +0,440.613,1
Oct 18 2017 01: +0,438.49,1
Oct 19 2017 01: +0,448.758,3
Oct 20 2017 01: +0,490.951,1
Oct 21 2017 01: +0,475.304,3
Oct 22 2017 01: +0,457.497,1
Oct 23 2017 01: +0,456.345,3
Oct 25 2017 01: +0,459.47,1
Oct 26 2017 01: +0,446.87,1
Oct 27 2017 01: +0,458.454,1
Oct 28 2017 01: +0,400.921,2
Oct 29 2017 01: +0,441.65,1
Oct 30 2017 01: +0,454.107,2
Nov 01 2017 01: +0,407.359,2
Nov 02 2017 01: +0,405.297,2
Nov 03 2017 01: +0,409.452,2
Nov 05 2017 01: +0,360,1
Nov 06 2017 01: +0,361.95,1
Nov 07 2017 01: +0,401.296,3
Nov 08 2017 01: +0,405.368,2
Nov 09 2017 01: +0,449.817,3
Nov 10 2017 01: +0,443.79,1
Nov 11 2017 01: +0,445.997,1
Nov 12 2017 01: +0,361.65,1
Nov 13 2017 01: +0,441.752,1
Nov 14 2017 01: +0,439.308,1
Nov 16 2017 01: +0,415.696,2
Nov 17 2017 01: +0,403.81,4
Nov 19 2017 01: +0,403.216,2
Nov 21 2017 01: +0,386.987,4
Nov 22 2017 01: +0,432.85,2
Nov 23 2017 01: +0,421.117,2
Nov 24 2017 01: +0,413.09,1
Nov 26 2017 01: +0,379.118,4
Nov 27 2017 01: +0,379.947,4
Nov 29 2017 01: +0,391.146,2
Nov 30 2017 01: +0,457.904,2
Dec 02 2017 01: +0,361.837,1
Dec 04 2017 01: +0,386.486,2
Dec 05 2017 01: +0,404.616,2
Dec 06 2017 01: +0,407.5,1
Dec 08 2017 01: +0,411.109,1
Dec 09 2017 01: +0,403.706,1
Dec 10 2017 01: +0,377.258,2
Dec 11 2017 01: +0,398.612,1
Dec 12 2017 01: +0,422.366,1
Dec 13 2017 01: +0,377.604,2
Dec 15 2017 01: +0,400.97,1
Dec 16 2017 01: +0,400.962,3
Dec 17 2017 01: +0,381.215,3
Dec 18 2017 01: +0,340.538,1
Dec 19 2017 01: +0,392.189,2
Dec 20 2017 01: +0,375.86,2
Dec 21 2017 01: +0,369.618,4
Dec 23 2017 01: +0,394.761,1
Dec 24 2017 01: +0,448.59,1
Dec 25 2017 01: +0,407.636,3
Dec 26 2017 01: +0,423.075,2
Dec 27 2017 01: +0,441.627,2
Dec 28 2017 01: +0,402.309,3
Dec 29 2017 01: +0,446.545,3
Dec 30 2017 01: +0,428.589,3
Dec 31 2017 01: +0,464.926,1
Jan 01 2018 01: +0,431.129,2
Jan 04 2018 01: +0,387.543,2
Jan 05 2018 01: +0,448.053,2
Jan 06 2018 01: +0,428.056,5
Jan 07 2018 01: +0,442.65,1
Jan 09 2018 01: +0,438.437,3
Jan 11 2018 01: +0,448.085,1
Jan 12 2018 01: +0,449.24,1
Jan 13 2018 01: +0,479.549,2
Jan 15 2018 01: +0,455.578,3
Jan 16 2018 01: +0,404.081,1
Jan 17 2018 01: +0,372.15,1
Jan 18 2018 01: +0,463.217,1
Jan 19 2018 01: +0,397.932,3
Jan 20 2018 01: +0,473.415,1
Jan 21 2018 01: +0,459.827,1
Jan 22 2018 01: +0,429.879,2
Jan 23 2018 01: +0,464.731,1
Jan 24 2018 01: +0,464.219,1
Jan 26 2018 01: +0,454.474,3
Jan 27 2018 01: +0,456.452,2
Jan 28 2018 01: +0,465.445,3
Jan 29 2018 01: +0,481.267,2
Jan 30 2018 01: +0,456.545,1
Jan 31 2018 01: +0,383.771,1
Feb 02 2018 01: +0,462.036,4
Feb 03 2018 01: +0,417.219,2
Feb 04 2018 01: +0,471.754,3
Feb 05 2018 01: +0,440.495,1
Feb 06 2018 01: +0,470.121,2
Feb 07 2018 01: +0,448.5,1
Feb 08 2018 01: +0,459.999,2
Feb 09 2018 01: +0,400,1
Feb 10 2018 01: +0,415.5,2
Feb 11 2018 01: +0,436.099,1
Feb 13 2018 01: +0,415.253,3
Feb 14 2018 01: +0,459.36,1
Feb 15 2018 01: +0,472.748,1
Feb 16 2018 01: +0,449.931,2
Feb 17 2018 01: +0,464.698,3
Feb 18 2018 01: +0,422.841,2
Feb 20 2018 01: +0,456.434,2
Feb 21 2018 01: +0,427.794,3
Feb 22 2018 01: +0,417.982,3
Feb 23 2018 01: +0,420.885,2
Feb 24 2018 01: +0,439.898,2
Feb 25 2018 01: +0,399.05,1
Feb 26 2018 01: +0,436.541,2
Feb 27 2018 01: +0,393.718,1
Mar 01 2018 01: +0,462.432,2
Mar 02 2018 01: +0,424.375,3
Mar 03 2018 01: +0,460,1
Mar 04 2018 01: +0,483.355,3
Mar 05 2018 01: +0,471.658,1
Mar 07 2018 01: +0,405.24,2
Mar 08 2018 01: +0,399.364,1
Mar 09 2018 01: +0,440.815,3
Mar 10 2018 01: +0,445.159,1
Mar 11 2018 01: +0,440.88,2
Mar 12 2018 01: +0,505.406,3
Mar 13 2018 01: +0,509.899,1
Mar 14 2018 01: +0,459.802,1
Mar 16 2018 01: +0,506.891,1
Mar 17 2018 01: +0,446.606,2
Mar 20 2018 01: +0,565.879,1
Mar 21 2018 01: +0,303.148,1
Mar 23 2018 01: +0,522.866,1
Mar 25 2018 01: +0,514.189,1
Mar 26 2018 01: +0,515.824,2
Mar 29 2018 01: +0,521.673,1
Mar 30 2018 01: +0,396.542,6
Mar 31 2018 01: +0,352.526,2
Apr 01 2018 01: +0,365.705,2
Apr 02 2018 01: +0,344.011,1
Apr 03 2018 01: +0,364.513,4
Apr 04 2018 01: +0,389.918,2
Apr 05 2018 01: +0,385.602,1
Apr 06 2018 01: +0,366.797,4
Apr 07 2018 01: +0,341.643,3
Apr 08 2018 01: +0,376.6,3
Apr 09 2018 01: +0,330.981,3
Apr 10 2018 01: +0,360.99,5
Apr 11 2018 01: +0,376.576,3
Apr 12 2018 01: +0,351.36,5
Apr 13 2018 01: +0,338.921,2
Apr 14 2018 01: +0,351.811,4
Apr 15 2018 01: +0,380.534,3
Apr 16 2018 01: +0,350.043,6
Apr 17 2018 01: +0,331.256,5
Apr 18 2018 01: +0,354.461,3
Apr 19 2018 01: +0,367.436,2
Apr 20 2018 01: +0,315.594,2
Apr 21 2018 01: +0,360.723,2
Apr 22 2018 01: +0,354.785,3
Apr 23 2018 01: +0,346.775,1
Apr 24 2018 01: +0,308.907,1
Apr 25 2018 01: +0,348.556,4
Apr 26 2018 01: +0,307.808,1
Apr 27 2018 01: +0,335.885,2
Apr 28 2018 01: +0,367.869,3
Apr 29 2018 01: +0,338.964,4
Apr 30 2018 01: +0,349.862,2
May 01 2018 01: +0,334.478,4
May 02 2018 01: +0,345,1
May 03 2018 01: +0,347.65,1
May 04 2018 01: +0,359.822,5
May 05 2018 01: +0,354.599,4
May 06 2018 01: +0,405.284,3
May 07 2018 01: +0,369.499,1
May 08 2018 01: +0,348.717,3
May 09 2018 01: +0,390.98,3
May 11 2018 01: +0,375,1
May 13 2018 01: +0,352.356,2
May 14 2018 01: +0,361.404,2
May 15 2018 01: +0,350.256,2
May 16 2018 01: +0,350.275,2
May 17 2018 01: +0,349.992,1
May 18 2018 01: +0,370.014,1
May 19 2018 01: +0,369.561,5
May 20 2018 01: +0,295.816,1
May 21 2018 01: +0,375.446,2
May 22 2018 01: +0,394.52,1
May 24 2018 01: +0,398.582,2
May 25 2018 01: +0,372.476,3
May 26 2018 01: +0,357.444,3
May 27 2018 01: +0,371.303,2
May 28 2018 01: +0,369.172,3
May 29 2018 01: +0,345.48,4
May 30 2018 01: +0,373.445,1
May 31 2018 01: +0,389.621,3
Jun 01 2018 01: +0,435.716,2
Jun 02 2018 01: +0,347.981,3
Jun 04 2018 01: +0,335.449,5
Jun 05 2018 01: +0,333.104,3
Jun 06 2018 01: +0,364.998,1
Jun 07 2018 01: +0,347.968,3
Jun 08 2018 01: +0,360.008,1
Jun 09 2018 01: +0,347.765,4
Jun 10 2018 01: +0,350,1
Jun 12 2018 01: +0,267.89,6
Jun 13 2018 01: +0,299.748,5
Jun 14 2018 01: +0,305.466,1
Jun 15 2018 01: +0,310.818,4
Jun 16 2018 01: +0,291.058,4
Jun 17 2018 01: +0,310.503,3
Jun 18 2018 01: +0,298.704,2
Jun 19 2018 01: +0,301.69,2
Jun 20 2018 01: +0,331.745,4
Jun 21 2018 01: +0,319.32,4
Jun 22 2018 01: +0,437.135,1
Jun 23 2018 01: +0,313.124,2
Jun 24 2018 01: +0,319.793,5
Jun 25 2018 01: +0,331.119,6
Jun 26 2018 01: +0,273.692,1
Jun 27 2018 01: +0,292.7,3
Jun 28 2018 01: +0,316.029,4
Jun 29 2018 01: +0,328.31,2
Jun 30 2018 01: +0,329.277,3
Jul 01 2018 01: +0,319.403,5
Jul 03 2018 01: +0,294.234,2
Jul 04 2018 01: +0,293.917,3
Jul 05 2018 01: +0,303.29,1
Jul 06 2018 01: +0,307.655,8
Jul 07 2018 01: +0,319.05,5
Jul 08 2018 01: +0,320.564,4
Jul 09 2018 01: +0,333.86,4
Jul 10 2018 01: +0,346.75,4
Jul 11 2018 01: +0,325.555,2
Jul 12 2018 01: +0,344.37,1
Jul 13 2018 01: +0,327.268,5
Jul 14 2018 01: +0,345.608,4
Jul 15 2018 01: +0,346.171,3
Jul 16 2018 01: +0,338.521,3
Jul 17 2018 01: +0,360.87,6
Jul 18 2018 01: +0,318.951,5
Jul 19 2018 01: +0,346.897,5
Jul 20 2018 01: +0,296.531,1
Jul 21 2018 01: +0,336.47,1
Jul 22 2018 01: +0,347.396,6
Jul 23 2018 01: +0,345.487,4
Jul 24 2018 01: +0,373.385,4
Jul 25 2018 01: +0,340.258,2
Jul 27 2018 01: +0,366.417,4
Jul 28 2018 01: +0,372.43,2
Jul 29 2018 01: +0,358.282,2
Jul 30 2018 01: +0,368.941,1
Jul 31 2018 01: +0,299.28,5
Aug 01 2018 01: +0,377.95,2
Aug 02 2018 01: +0,360.52,1
Aug 03 2018 01: +0,341.185,5
Aug 04 2018 01: +0,388.317,2
Aug 05 2018 01: +0,349.831,2
Aug 06 2018 01: +0,365.536,3
Aug 07 2018 01: +0,363.812,3
Aug 08 2018 01: +0,348.013,4
Aug 09 2018 01: +0,334.53,3
Aug 10 2018 01: +0,321.587,3
Aug 11 2018 01: +0,385.52,3
Aug 12 2018 01: +0,321.502,2
Aug 13 2018 01: +0,323.346,2
Aug 14 2018 01: +0,351.675,2
Aug 15 2018 01: +0,338.25,5
Aug 17 2018 01: +0,346.493,4
Aug 18 2018 01: +0,321.512,5
Aug 19 2018 01: +0,308.778,3
Aug 20 2018 01: +0,305,1
Aug 21 2018 01: +0,300.012,1
Aug 22 2018 01: +0,333.499,1
Aug 23 2018 01: +0,367.506,2
Aug 24 2018 01: +0,361.229,4
Aug 25 2018 01: +0,334.832,4
Aug 26 2018 01: +0,305.905,2
Aug 27 2018 01: +0,352.154,2
Aug 28 2018 01: +0,367.203,3
Aug 29 2018 01: +0,329.76,3
Aug 30 2018 01: +0,381.039,1
Aug 31 2018 01: +0,374.265,3
Sep 01 2018 01: +0,346.699,3
Sep 02 2018 01: +0,343.948,2
Sep 03 2018 01: +0,324.683,5
Sep 04 2018 01: +0,323.073,2
Sep 05 2018 01: +0,343.982,3
Sep 06 2018 01: +0,338.138,5
Sep 07 2018 01: +0,341.855,3
Sep 08 2018 01: +0,335.82,3
Sep 10 2018 01: +0,327.414,4
Sep 11 2018 01: +0,334.497,3
Sep 12 2018 01: +0,337.291,5
Sep 13 2018 01: +0,362.641,3
Sep 14 2018 01: +0,360.784,2
Sep 15 2018 01: +0,367.204,2
Sep 17 2018 01: +0,355.132,2
Sep 18 2018 01: +0,375.248,5
Sep 19 2018 01: +0,384.686,1
Sep 20 2018 01: +0,335.565,2
Sep 21 2018 01: +0,372.485,3
Sep 22 2018 01: +0,372.045,6
Sep 23 2018 01: +0,338.658,2
Sep 24 2018 01: +0,368.09,2
Sep 25 2018 01: +0,350.858,5
Sep 26 2018 01: +0,385.456,1
Sep 27 2018 01: +0,379.11,3
Sep 28 2018 01: +0,381.267,3
Sep 29 2018 01: +0,394.01,2
Sep 30 2018 01: +0,362.988,2
Oct 01 2018 01: +0,393.165,2
Oct 02 2018 01: +0,391.48,4
Oct 03 2018 01: +0,374.881,3
Oct 04 2018 01: +0,397.629,1
Oct 06 2018 01: +0,378.518,3
Oct 07 2018 01: +0,378.1,5
Oct 08 2018 01: +0,437.35,2
Oct 09 2018 01: +0,407.042,1
Oct 10 2018 01: +0,361.682,1
Oct 11 2018 01: +0,365.58,2
Oct 12 2018 01: +0,363.974,3
Oct 13 2018 01: +0,386.381,2
Oct 14 2018 01: +0,378.759,2
Oct 16 2018 01: +0,399.388,1
Oct 17 2018 01: +0,405.65,1
Oct 18 2018 01: +0,439.857,2
Oct 19 2018 01: +0,368.481,2
Oct 21 2018 01: +0,381.42,1
Oct 23 2018 01: +0,370.331,2
Oct 24 2018 01: +0,410.258,2
Oct 25 2018 01: +0,365.969,2
Oct 26 2018 01: +0,326.013,1
Oct 27 2018 01: +0,362.942,5
Oct 28 2018 01: +0,380.002,1
Oct 29 2018 01: +0,386.41,1
Oct 30 2018 01: +0,390.694,1
Oct 31 2018 01: +0,435.235,3
Nov 01 2018 01: +0,398.463,3
Nov 03 2018 01: +0,362.542,2
Nov 06 2018 01: +0,356.738,2
Nov 08 2018 01: +0,324.092,2
Nov 09 2018 01: +0,359.864,2
Nov 10 2018 01: +0,335.918,3
Nov 11 2018 01: +0,379.554,2
Nov 12 2018 01: +0,380.944,5
Nov 15 2018 01: +0,380.599,1
Nov 16 2018 01: +0,343.885,3
Nov 17 2018 01: +0,317.2,1
Nov 18 2018 01: +0,361.298,2
Nov 19 2018 01: +0,376.44,3
Nov 20 2018 01: +0,370.061,1
Nov 21 2018 01: +0,396.381,1
Nov 22 2018 01: +0,372.183,1
Nov 24 2018 01: +0,310,1
Nov 26 2018 01: +0,380.212,1
Nov 27 2018 01: +0,419.153,3
Nov 28 2018 01: +0,377.181,2
Nov 29 2018 01: +0,368.618,2
Nov 30 2018 01: +0,385.24,4
Dec 01 2018 01: +0,482.987,1
Dec 02 2018 01: +0,324.462,1
Dec 03 2018 01: +0,397.063,1
Dec 04 2018 01: +0,328.326,1
Dec 05 2018 01: +0,378.139,1
Dec 06 2018 01: +0,350.086,3
Dec 07 2018 01: +0,369.99,6
Dec 08 2018 01: +0,377.844,4
Dec 09 2018 01: +0,360.3,2
Dec 10 2018 01: +0,319.44,1
Dec 11 2018 01: +0,341.923,4
Dec 14 2018 01: +0,387.742,2
Dec 15 2018 01: +0,425.788,2
Dec 18 2018 01: +0,387.124,1
Dec 19 2018 01: +0,309.05,1
Dec 20 2018 01: +0,390.054,2
Dec 21 2018 01: +0,334.225,2
Dec 22 2018 01: +0,361.879,2
Dec 23 2018 01: +0,344.47,2
Dec 24 2018 01: +0,347.337,2
Dec 25 2018 01: +0,359.995,2
Dec 26 2018 01: +0,359.996,1
Dec 27 2018 01: +0,345.559,2
Dec 28 2018 01: +0,392.735,1
Dec 29 2018 01: +0,353.15,2
Dec 30 2018 01: +0,366.949,3
Dec 31 2018 01: +0,332.231,1
Jan 01 2019 01: +0,387.5,1
Jan 02 2019 01: +0,356.245,2
Jan 04 2019 01: +0,351.876,2
Jan 05 2019 01: +0,365.73,1
Jan 06 2019 01: +0,363.09,3
Jan 07 2019 01: +0,384.973,3
Jan 08 2019 01: +0,335.739,3
Jan 09 2019 01: +0,408.91,2
Jan 10 2019 01: +0,385.558,4
Jan 11 2019 01: +0,408.769,4
Jan 12 2019 01: +0,426.976,3
Jan 13 2019 01: +0,401.765,1
Jan 14 2019 01: +0,419.593,2
Jan 15 2019 01: +0,372.862,4
Jan 16 2019 01: +0,349.924,1
Jan 18 2019 01: +0,374.872,4
Jan 19 2019 01: +0,407.42,1
Jan 20 2019 01: +0,387.487,3
Jan 21 2019 01: +0,376.889,2
Jan 22 2019 01: +0,374.713,3
Jan 23 2019 01: +0,371.104,1
Jan 24 2019 01: +0,325.612,2
Jan 25 2019 01: +0,370.889,6
Jan 26 2019 01: +0,384.665,1
Jan 27 2019 01: +0,385.804,4
Jan 28 2019 01: +0,369.509,3
Jan 29 2019 01: +0,401.388,2
Jan 30 2019 01: +0,364.114,2
Jan 31 2019 01: +0,396.823,3
Feb 01 2019 01: +0,405.409,3
Feb 02 2019 01: +0,446.731,2
Feb 03 2019 01: +0,437.916,2
Feb 04 2019 01: +0,401.171,1
Feb 05 2019 01: +0,413.592,2
Feb 06 2019 01: +0,426.286,3
Feb 07 2019 01: +0,417.393,1
Feb 08 2019 01: +0,374.951,1
Feb 09 2019 01: +0,392.707,2
Feb 12 2019 01: +0,405.947,1
Feb 13 2019 01: +0,405.032,2
Feb 14 2019 01: +0,366.123,4
Feb 15 2019 01: +0,369.189,4
Feb 16 2019 01: +0,404.6,2
Feb 17 2019 01: +0,418.128,2
Feb 18 2019 01: +0,391.874,3
Feb 19 2019 01: +0,391.637,2
Feb 22 2019 01: +0,399.42,4
Feb 23 2019 01: +0,409.022,2
Feb 24 2019 01: +0,386.34,2
Feb 25 2019 01: +0,379.684,3
Feb 26 2019 01: +0,368.039,4
Feb 27 2019 01: +0,386.763,4
Feb 28 2019 01: +0,424.004,1
Mar 01 2019 01: +0,410.307,3
Mar 02 2019 01: +0,385.009,1
Mar 03 2019 01: +0,389.301,4
Mar 04 2019 01: +0,364.8,3
Mar 05 2019 01: +0,399.625,2
Mar 06 2019 01: +0,403.622,1
Mar 07 2019 01: +0,399.457,1
Mar 08 2019 01: +0,384.347,4
Mar 10 2019 01: +0,358.971,1
Mar 11 2019 01: +0,400.558,4
Mar 12 2019 01: +0,346.504,4
Mar 13 2019 01: +0,397.184,4
Mar 14 2019 01: +0,371.587,2
Mar 15 2019 01: +0,398.084,3
Mar 16 2019 01: +0,358.187,7
Mar 17 2019 01: +0,376.219,3
Mar 18 2019 01: +0,404.606,3
Mar 19 2019 01: +0,390.559,1
Mar 20 2019 01: +0,380.46,4
Mar 21 2019 01: +0,381.073,3
Mar 22 2019 01: +0,400.354,2
Mar 23 2019 01: +0,414.26,2
Mar 24 2019 01: +0,475,1
Mar 25 2019 01: +0,465.694,2
Mar 26 2019 01: +0,410.91,4
Mar 28 2019 01: +0,427.573,1
Mar 29 2019 01: +0,378.873,3
Mar 31 2019 01: +0,372.652,3
Apr 01 2019 01: +0,374.234,4
Apr 02 2019 01: +0,355.862,3
Apr 03 2019 01: +0,406.519,1
Apr 04 2019 01: +0,419.292,2
Apr 07 2019 01: +0,388.802,2
Apr 08 2019 01: +0,387.289,1
Apr 09 2019 01: +0,394.308,6
Apr 10 2019 01: +0,451.685,3
Apr 11 2019 01: +0,405.981,2
Apr 12 2019 01: +0,442.848,4
Apr 13 2019 01: +0,388.148,2
Apr 14 2019 01: +0,393.789,2
Apr 15 2019 01: +0,397.627,5
Apr 16 2019 01: +0,399.841,4
Apr 17 2019 01: +0,400,1
Apr 19 2019 01: +0,418.841,2
Apr 20 2019 01: +0,400.473,2
Apr 21 2019 01: +0,400.003,1
Apr 22 2019 01: +0,413.412,4
Apr 23 2019 01: +0,404.813,3
Apr 24 2019 01: +0,454.845,3
Apr 25 2019 01: +0,424.09,1
Apr 26 2019 01: +0,415.3,1
Apr 27 2019 01: +0,407.765,2
Apr 29 2019 01: +0,459.318,3
Apr 30 2019 01: +0,437.509,1
May 01 2019 01: +0,441.878,3
May 02 2019 01: +0,427.409,2
May 03 2019 01: +0,414.184,3
May 04 2019 01: +0,450.706,3
May 05 2019 01: +0,396.261,3
May 06 2019 01: +0,404.889,2
May 07 2019 01: +0,378.005,1
May 08 2019 01: +0,375.054,2
May 09 2019 01: +0,597.001,1
May 10 2019 01: +0,403.37,1
May 11 2019 01: +0,404.633,2
May 12 2019 01: +0,372.278,1
May 13 2019 01: +0,309.727,5
May 15 2019 01: +0,417.201,6
May 16 2019 01: +0,381.885,2
May 17 2019 01: +0,385.577,2
May 18 2019 01: +0,425.308,4
May 19 2019 01: +0,400.419,2
May 20 2019 01: +0,421.473,2
May 21 2019 01: +0,400.003,1
May 23 2019 01: +0,434.991,1
May 24 2019 01: +0,407.367,3
May 25 2019 01: +0,420.742,4
May 26 2019 01: +0,393.639,3
May 27 2019 01: +0,435.218,2
May 28 2019 01: +0,383.549,1
May 29 2019 01: +0,430.278,5
Jun 01 2019 01: +0,426.593,4
Jun 03 2019 01: +0,426.699,1
Jun 04 2019 01: +0,437.366,1
Jun 05 2019 01: +0,425.759,3
Jun 06 2019 01: +0,438.941,7
Jun 07 2019 01: +0,461.361,3
Jun 08 2019 01: +0,415.415,1
Jun 09 2019 01: +0,489.784,2
Jun 10 2019 01: +0,472.224,2
Jun 11 2019 01: +0,297.037,1
Jun 12 2019 01: +0,454.747,2
Jun 13 2019 01: +0,414.287,2
Jun 14 2019 01: +0,459.051,2
Jun 15 2019 01: +0,457.9,4
Jun 16 2019 01: +0,419.946,2
Jun 18 2019 01: +0,465.753,1
Jun 19 2019 01: +0,423.127,2
Jun 20 2019 01: +0,441.763,4
Jun 21 2019 01: +0,441.899,5
Jun 22 2019 01: +0,511.307,3
Jun 23 2019 01: +0,466.722,2
Jun 24 2019 01: +0,496.416,5
Jun 25 2019 01: +0,468.583,3
Jun 26 2019 01: +0,490.465,3
Jun 28 2019 01: +0,427.943,4
Jun 29 2019 01: +0,420.003,1
Jun 30 2019 01: +0,435.169,1
Jul 01 2019 01: +0,441.617,1
Jul 05 2019 01: +0,471.94,2
Jul 06 2019 01: +0,424.457,1
Jul 08 2019 01: +0,462.449,3
Jul 09 2019 01: +0,440.893,3
Jul 10 2019 01: +0,447.776,4
Jul 11 2019 01: +0,449.12,2
Jul 12 2019 01: +0,421.542,1
Jul 13 2019 01: +0,454.435,3
Jul 15 2019 01: +0,499.58,1
Jul 16 2019 01: +0,470.059,2
Jul 17 2019 01: +0,438.342,1
Jul 18 2019 01: +0,466.856,3
Jul 19 2019 01: +0,484.092,4
Jul 20 2019 01: +0,426.526,1
Jul 21 2019 01: +0,445.627,2
Jul 23 2019 01: +0,475.788,1
Jul 24 2019 01: +0,451.525,2
Jul 25 2019 01: +0,485.559,1
Jul 26 2019 01: +0,460.867,2
Jul 27 2019 01: +0,454.657,4
Jul 28 2019 01: +0,477.646,3
Jul 29 2019 01: +0,481.175,1
Jul 31 2019 01: +0,433.605,4
Aug 01 2019 01: +0,492.065,2
Aug 02 2019 01: +0,455.485,2
Aug 03 2019 01: +0,496.91,1
Aug 04 2019 01: +0,500.756,1
Aug 05 2019 01: +0,503.282,2
Aug 06 2019 01: +0,481.095,5
Aug 07 2019 01: +0,452,1
Aug 08 2019 01: +0,454.158,1
Aug 09 2019 01: +0,462.823,3
Aug 10 2019 01: +0,518.235,3
Aug 11 2019 01: +0,500.289,3
Aug 13 2019 01: +0,445.03,1
Aug 15 2019 01: +0,554.145,2
Aug 17 2019 01: +0,504.634,2
Aug 18 2019 01: +0,493.777,4
Aug 19 2019 01: +0,461.795,2
Aug 20 2019 01: +0,449.811,4
Aug 21 2019 01: +0,497.234,2
Aug 22 2019 01: +0,506.647,2
Aug 24 2019 01: +0,516.643,3
Aug 25 2019 01: +0,477.9,3
Aug 27 2019 01: +0,438.344,1
Aug 28 2019 01: +0,446.603,2
Aug 30 2019 01: +0,459.254,2
Aug 31 2019 01: +0,444.444,3
Sep 01 2019 01: +0,491.625,3
Sep 04 2019 01: +0,474.936,3
Sep 05 2019 01: +0,488.061,2
Sep 06 2019 01: +0,514.993,1
Sep 07 2019 01: +0,478.848,3
Sep 08 2019 01: +0,491.517,3
Sep 09 2019 01: +0,457.009,2
Sep 10 2019 01: +0,517.98,1
Sep 11 2019 01: +0,475.931,3
Sep 13 2019 01: +0,483.578,2
Sep 14 2019 01: +0,475.806,2
Sep 15 2019 01: +0,477.89,2
Sep 16 2019 01: +0,516.54,1
Sep 18 2019 01: +0,509.993,1
Sep 19 2019 01: +0,511.533,3
Sep 21 2019 01: +0,527.462,2
Sep 22 2019 01: +0,497.233,3
Sep 24 2019 01: +0,534.75,1
Sep 25 2019 01: +0,463.853,1
Sep 26 2019 01: +0,472.741,4
Sep 27 2019 01: +0,525.448,1
Sep 28 2019 01: +0,534.53,2
Sep 29 2019 01: +0,518.473,1
Sep 30 2019 01: +0,463.18,1
Oct 01 2019 01: +0,455.165,1
Oct 02 2019 01: +0,489.177,2
Oct 03 2019 01: +0,499.998,1
Oct 05 2019 01: +0,467.43,2
Oct 06 2019 01: +0,472.738,2
Oct 07 2019 01: +0,482.584,2
Oct 08 2019 01: +0,529.192,1
Oct 09 2019 01: +0,451.31,1
Oct 10 2019 01: +0,513.824,4
Oct 11 2019 01: +0,536.788,3
Oct 12 2019 01: +0,495.963,4
Oct 14 2019 01: +0,506.343,2
Oct 15 2019 01: +0,436.752,1
Oct 17 2019 01: +0,497.662,2
Oct 18 2019 01: +0,480.68,3
Oct 19 2019 01: +0,503.478,4
Oct 20 2019 01: +0,416.778,2
Oct 22 2019 01: +0,454.466,5
Oct 24 2019 01: +0,453.523,3
Oct 25 2019 01: +0,436.107,3
Oct 27 2019 01: +0,460.001,1
Oct 29 2019 01: +0,451.268,3
Oct 30 2019 01: +0,492.06,1
Oct 31 2019 01: +0,461.713,3
Nov 01 2019 01: +0,447.615,7
Nov 02 2019 01: +0,489.421,1
Nov 03 2019 01: +0,422.995,2
Nov 05 2019 01: +0,444.657,1
Nov 06 2019 01: +0,490.453,4
Nov 07 2019 01: +0,494.42,2
Nov 08 2019 01: +0,552.757,1
Nov 09 2019 01: +0,508.737,1
Nov 11 2019 01: +0,287.845,2
Nov 13 2019 01: +0,479.999,1
Nov 14 2019 01: +0,501.969,5
Nov 15 2019 01: +0,461.793,1
Nov 16 2019 01: +0,478.843,1
Nov 17 2019 01: +0,501.01,1
Nov 18 2019 01: +0,453.531,1
Nov 19 2019 01: +0,443.504,3
Nov 20 2019 01: +0,470.061,2
Nov 21 2019 01: +0,465.663,2
Nov 22 2019 01: +0,464.727,1
Nov 23 2019 01: +0,419.784,1
Nov 24 2019 01: +0,456.43,4
Nov 25 2019 01: +0,412.88,2
Nov 26 2019 01: +0,375.368,2
Nov 27 2019 01: +0,440.069,6
Nov 28 2019 01: +0,439.448,3
Nov 29 2019 01: +0,462.621,5
Nov 30 2019 01: +0,457.635,3
Dec 04 2019 01: +0,456.584,2
Dec 05 2019 01: +0,508.904,3
Dec 06 2019 01: +0,494.997,1
Dec 08 2019 01: +0,470.803,5
Dec 09 2019 01: +0,515.343,2
Dec 10 2019 01: +0,450.427,2
Dec 11 2019 01: +0,481.286,3
Dec 12 2019 01: +0,502.692,1
Dec 13 2019 01: +0,508.398,1
Dec 14 2019 01: +0,451.534,2
Dec 15 2019 01: +0,451.171,5
Dec 16 2019 01: +0,476.44,2
Dec 18 2019 01: +0,567.17,3
Dec 19 2019 01: +0,442.402,2
Dec 20 2019 01: +0,474.301,3
Dec 21 2019 01: +0,501.415,2
Dec 22 2019 01: +0,464.328,3
Dec 23 2019 01: +0,514.716,3
Dec 24 2019 01: +0,486.262,3
Dec 25 2019 01: +0,504.163,3
Dec 26 2019 01: +0,564.724,2
Dec 27 2019 01: +0,459.473,3
Dec 28 2019 01: +0,501.262,5
Dec 29 2019 01: +0,465.65,3
Dec 30 2019 01: +0,488.581,6
Dec 31 2019 01: +0,488.188,3
Jan 01 2020 01: +0,471.272,2
Jan 02 2020 01: +0,506.641,3
Jan 03 2020 01: +0,485.978,5
Jan 05 2020 01: +0,500.571,3
Jan 06 2020 01: +0,536.163,2
Jan 07 2020 01: +0,515.133,2
Jan 08 2020 01: +0,559.672,3
Jan 10 2020 01: +0,458.968,4
Jan 11 2020 01: +0,513.549,4
Jan 12 2020 01: +0,504.409,2
Jan 13 2020 01: +0,520.831,1
Jan 14 2020 01: +0,530.724,3
Jan 15 2020 01: +0,536.195,3
Jan 16 2020 01: +0,529.346,6
Jan 17 2020 01: +0,563.427,4
Jan 18 2020 01: +0,495.515,1
Jan 19 2020 01: +0,499.093,1
Jan 21 2020 01: +0,486.32,2
Jan 22 2020 01: +0,530.012,1
Jan 23 2020 01: +0,511.49,4
Jan 24 2020 01: +0,547.929,2
Jan 25 2020 01: +0,547.709,2
Jan 26 2020 01: +0,523.88,3
Jan 27 2020 01: +0,493.466,2
Jan 30 2020 01: +0,504.225,2
Jan 31 2020 01: +0,462.686,4
Feb 01 2020 01: +0,502.207,7
Feb 04 2020 01: +0,534.546,4
Feb 05 2020 01: +0,552.58,2
Feb 07 2020 01: +0,576.521,2
Feb 08 2020 01: +0,483.304,7
Feb 09 2020 01: +0,530.644,4
Feb 10 2020 01: +0,376.903,3
Feb 11 2020 01: +0,534.146,3
Feb 12 2020 01: +0,564.96,1
Feb 13 2020 01: +0,480.87,1
Feb 14 2020 01: +0,507.845,2
Feb 15 2020 01: +0,523.567,4
Feb 16 2020 01: +0,512.99,3
Feb 17 2020 01: +0,550.431,2
Feb 18 2020 01: +0,471.435,1
Feb 19 2020 01: +0,470.972,1
Feb 20 2020 01: +0,526.456,1
Feb 21 2020 01: +0,509.569,2
Feb 22 2020 01: +0,467.153,2
Feb 23 2020 01: +0,468.521,3
Feb 24 2020 01: +0,515.666,3
Feb 25 2020 01: +0,482.459,6
Feb 26 2020 01: +0,523.962,4
Feb 27 2020 01: +0,462.315,1
Feb 28 2020 01: +0,490.244,1
Feb 29 2020 01: +0,529.658,3
Mar 02 2020 01: +0,510.837,4
Mar 03 2020 01: +0,526.225,1
Mar 04 2020 01: +0,529.107,2
Mar 05 2020 01: +0,504.934,3
Mar 06 2020 01: +0,503.914,4
Mar 08 2020 01: +0,540.341,3
Mar 10 2020 01: +0,472.931,2
Mar 11 2020 01: +0,502.13,2
Mar 12 2020 01: +0,457.283,2
Mar 13 2020 01: +0,485.714,1
Mar 14 2020 01: +0,465.046,4
Mar 15 2020 01: +0,480.382,2
Mar 16 2020 01: +0,449.178,5
Mar 17 2020 01: +0,493.698,5
Mar 18 2020 01: +0,506.229,6
Mar 19 2020 01: +0,445.572,1
Mar 20 2020 01: +0,494.336,3
Mar 21 2020 01: +0,454.133,2
Mar 22 2020 01: +0,425.381,4
Mar 23 2020 01: +0,462.462,3
Mar 24 2020 01: +0,488.088,2
Mar 25 2020 01: +0,429.67,4
Mar 27 2020 01: +0,480.488,3
Mar 28 2020 01: +0,507.993,3
Mar 29 2020 01: +0,490.102,2
Mar 30 2020 01: +0,492.921,2
Mar 31 2020 01: +0,515.81,5
Apr 01 2020 01: +0,513.819,3
Apr 02 2020 01: +0,473.322,6
Apr 03 2020 01: +0,492.342,2
Apr 04 2020 01: +0,508.275,5
Apr 05 2020 01: +0,482.82,2
Apr 06 2020 01: +0,507.113,6
Apr 07 2020 01: +0,469.599,1
Apr 08 2020 01: +0,473.962,6
Apr 09 2020 01: +0,517.264,3
Apr 10 2020 01: +0,481.258,5
Apr 11 2020 01: +0,575.007,1
Apr 12 2020 01: +0,537.835,1
Apr 13 2020 01: +0,515.293,3
Apr 14 2020 01: +0,556.749,4
Apr 15 2020 01: +0,557.56,1
Apr 16 2020 01: +0,489.493,4
Apr 17 2020 01: +0,508.416,3
Apr 18 2020 01: +0,521.827,4
Apr 19 2020 01: +0,496.585,3
Apr 20 2020 01: +0,493.174,3
Apr 21 2020 01: +0,491.019,6
Apr 22 2020 01: +0,502.52,2
Apr 23 2020 01: +0,464.748,1
Apr 24 2020 01: +0,507.934,5
Apr 25 2020 01: +0,538.644,5
Apr 26 2020 01: +0,613.948,1
Apr 27 2020 01: +0,488.883,2
Apr 28 2020 01: +0,516.785,3
Apr 29 2020 01: +0,602.34,1
Apr 30 2020 01: +0,507.622,4
May 01 2020 01: +0,431.424,6
May 02 2020 01: +0,545.493,6
May 03 2020 01: +0,551.323,5
May 04 2020 01: +0,619.253,3
May 05 2020 01: +0,562.006,3
May 06 2020 01: +0,502.08,5
May 07 2020 01: +0,461.201,1
May 08 2020 01: +0,531.724,3
May 09 2020 01: +0,552.586,3
May 11 2020 01: +0,541.372,3
May 12 2020 01: +0,539.958,2
May 13 2020 01: +0,561.17,2
May 14 2020 01: +0,499.154,2
May 15 2020 01: +0,485.161,1
May 16 2020 01: +0,569.47,4
May 17 2020 01: +0,586.796,4
May 18 2020 01: +0,565.423,1
May 19 2020 01: +0,529.283,4
May 20 2020 01: +0,506.466,2
May 21 2020 01: +0,538.544,5
May 22 2020 01: +0,540.272,4
May 23 2020 01: +0,630.72,1
May 24 2020 01: +0,509.06,1
May 25 2020 01: +0,504.575,1
May 26 2020 01: +0,479.207,4
May 27 2020 01: +0,503.603,1
May 28 2020 01: +0,545.028,1
May 29 2020 01: +0,523.991,7
May 30 2020 01: +0,506.857,2
May 31 2020 01: +0,488.634,2
Jun 01 2020 01: +0,543.721,2
Jun 02 2020 01: +0,545.85,3
Jun 03 2020 01: +0,541.282,2
Jun 04 2020 01: +0,534.354,2
Jun 05 2020 01: +0,564.465,2
Jun 06 2020 01: +0,564.172,1
Jun 08 2020 01: +0,575.756,2
Jun 11 2020 01: +0,506.451,3
Jun 12 2020 01: +0,561.968,5
Jun 13 2020 01: +0,460.686,4
Jun 14 2020 01: +0,507.239,3
Jun 15 2020 01: +0,476.485,1
Jun 16 2020 01: +0,589.239,2
Jun 17 2020 01: +0,547.525,2
Jun 18 2020 01: +0,507.258,5
Jun 19 2020 01: +0,546.753,2
Jun 20 2020 01: +0,533.728,1
Jun 21 2020 01: +0,509.54,3
Jun 22 2020 01: +0,522.458,2
Jun 23 2020 01: +0,506.232,4
Jun 25 2020 01: +0,514.614,4
Jun 26 2020 01: +0,522.841,4
Jun 27 2020 01: +0,493.894,1
Jun 28 2020 01: +0,560.448,1
Jun 29 2020 01: +0,536.725,3
Jul 01 2020 01: +0,468.452,3
Jul 02 2020 01: +0,501.482,4
Jul 04 2020 01: +0,564.202,2
Jul 05 2020 01: +0,513.039,2
Jul 06 2020 01: +0,508.831,2
Jul 07 2020 01: +0,557.564,2
Jul 08 2020 01: +0,544.873,2
Jul 09 2020 01: +0,533.29,2
Jul 10 2020 01: +0,486.326,4
Jul 11 2020 01: +0,559.142,1
Jul 12 2020 01: +0,520.722,2
Jul 13 2020 01: +0,529.365,2
Jul 14 2020 01: +0,494.787,2
Jul 15 2020 01: +0,527.55,3
Jul 16 2020 01: +0,512.716,2
Jul 17 2020 01: +0,562.427,2
Jul 18 2020 01: +0,522.202,5
Jul 19 2020 01: +0,557.458,5
Jul 20 2020 01: +0,556.129,3
Jul 21 2020 01: +0,631.721,2
Jul 22 2020 01: +0,585.601,3
Jul 23 2020 01: +0,587.006,1
Jul 24 2020 01: +0,520.951,1
Jul 25 2020 01: +0,559.035,2
Jul 27 2020 01: +0,602.789,1
Jul 28 2020 01: +0,514.517,2
Jul 29 2020 01: +0,535.183,2
Jul 30 2020 01: +0,586.957,1
Jul 31 2020 01: +0,566.526,2
Aug 01 2020 01: +0,541.098,2
Aug 02 2020 01: +0,540.447,4
Aug 03 2020 01: +0,555.706,2
Aug 07 2020 01: +0,546.022,4
Aug 08 2020 01: +0,526.597,4
Aug 09 2020 01: +0,570.834,2
Aug 10 2020 01: +0,523.215,1
Aug 11 2020 01: +0,524.244,1
Aug 12 2020 01: +0,566.155,3
Aug 13 2020 01: +0,565.494,1
Aug 14 2020 01: +0,592.09,3
Aug 15 2020 01: +0,595.257,3
Aug 16 2020 01: +0,566.214,2
Aug 17 2020 01: +0,474.082,1
Aug 18 2020 01: +0,562.156,2
Aug 19 2020 01: +0,515.353,2
Aug 20 2020 01: +0,525.001,1
Aug 21 2020 01: +0,536.951,1
Aug 22 2020 01: +0,489.133,2
Aug 25 2020 01: +0,470.024,2
Aug 27 2020 01: +0,540.037,2
Aug 28 2020 01: +0,526.567,2
Aug 29 2020 01: +0,487.655,1
Aug 30 2020 01: +0,536.081,5
Aug 31 2020 01: +0,487,1
Sep 02 2020 01: +0,513.97,3
Sep 04 2020 01: +0,499.353,3
Sep 05 2020 01: +0,496.213,3
Sep 06 2020 01: +0,461.236,3
Sep 07 2020 01: +0,342.178,3
Sep 08 2020 01: +0,503.18,3
Sep 09 2020 01: +0,486.555,2
Sep 10 2020 01: +0,452.57,1
Sep 11 2020 01: +0,463.093,2
Sep 12 2020 01: +0,483.43,2
Sep 13 2020 01: +0,484.905,3
Sep 14 2020 01: +0,496.425,2
Sep 15 2020 01: +0,586.75,2
Sep 16 2020 01: +0,531.492,2
Sep 17 2020 01: +0,542.931,4
Sep 19 2020 01: +0,518.81,1
Sep 20 2020 01: +0,525.438,4
Sep 21 2020 01: +0,567.009,1
Sep 22 2020 01: +0,523.59,2
Sep 23 2020 01: +0,498.5,1
Sep 26 2020 01: +0,484.727,1
Sep 27 2020 01: +0,504.789,3
Sep 28 2020 01: +0,517.417,1
Sep 29 2020 01: +0,534.6,4
Sep 30 2020 01: +0,480.995,5
Oct 01 2020 01: +0,489.96,1
Oct 04 2020 01: +0,514.812,1
Oct 05 2020 01: +0,514.816,3
Oct 06 2020 01: +0,570.228,1
Oct 07 2020 01: +0,565.673,3
Oct 08 2020 01: +0,519.999,2
Oct 09 2020 01: +0,506.995,2
Oct 10 2020 01: +0,521.48,1
Oct 11 2020 01: +0,527.513,1
Oct 12 2020 01: +0,567.377,1
Oct 13 2020 01: +0,575.49,2
Oct 14 2020 01: +0,555.744,3
Oct 15 2020 01: +0,602,2
Oct 17 2020 01: +0,563.119,2
Oct 18 2020 01: +0,567.406,2
Oct 19 2020 01: +0,541.829,4
Oct 21 2020 01: +0,540.014,3
Oct 22 2020 01: +0,530.4,2
Oct 23 2020 01: +0,520.866,2
Oct 24 2020 01: +0,513.987,2
Oct 25 2020 01: +0,535.335,2
Oct 26 2020 01: +0,501.027,3
Oct 28 2020 01: +0,493.145,2
Oct 29 2020 01: +0,517.546,1
Oct 30 2020 01: +0,489.663,4
Oct 31 2020 01: +0,532.273,1
Nov 01 2020 01: +0,518.181,3
Nov 03 2020 01: +0,543.285,2
Nov 04 2020 01: +0,585.495,1
Nov 05 2020 01: +0,497.29,1
Nov 06 2020 01: +0,489.05,3
Nov 07 2020 01: +0,501.377,2
Nov 08 2020 01: +0,496.7,1
Nov 09 2020 01: +0,497.845,2
Nov 10 2020 01: +0,499.244,2
Nov 11 2020 01: +0,568.612,1
Nov 13 2020 01: +0,534.033,5
Nov 14 2020 01: +0,535.279,4
Nov 15 2020 01: +0,500.29,2
Nov 17 2020 01: +0,521.397,3
Nov 18 2020 01: +0,501.743,1
Nov 19 2020 01: +0,560.684,2
Nov 21 2020 01: +0,559.316,4
Nov 22 2020 01: +0,498.29,2
Nov 23 2020 01: +0,536.874,2
Nov 25 2020 01: +0,514.614,3
Nov 26 2020 01: +0,530.105,5
Nov 27 2020 01: +0,488.146,5
Nov 28 2020 01: +0,510.945,2
Nov 29 2020 01: +0,540.164,2
Nov 30 2020 01: +0,543.762,1
Dec 01 2020 01: +0,493.543,3
Dec 02 2020 01: +0,530.002,1
Dec 03 2020 01: +0,480.72,1
Dec 04 2020 01: +0,487.131,8
Dec 05 2020 01: +0,478.443,7
Dec 06 2020 01: +0,484.247,3
Dec 07 2020 01: +0,534.998,1
Dec 08 2020 01: +0,479.68,3
Dec 09 2020 01: +0,427.539,2
Dec 10 2020 01: +0,468.337,6
Dec 11 2020 01: +0,426.275,2
Dec 12 2020 01: +0,515.88,4
Dec 13 2020 01: +0,506,1
Dec 14 2020 01: +0,544.997,3
Dec 15 2020 01: +0,517.956,3
Dec 18 2020 01: +0,559.955,4
Dec 19 2020 01: +0,557.472,2
Dec 20 2020 01: +0,569.974,1
Dec 22 2020 01: +0,587.006,1
Dec 23 2020 01: +0,505.715,3
Dec 24 2020 01: +0,528.8,4
Dec 25 2020 01: +0,530.192,3
Dec 26 2020 01: +0,526.873,4
Dec 27 2020 01: +0,527.145,2
Dec 28 2020 01: +0,528.729,4
Dec 29 2020 01: +0,520,1
Dec 30 2020 01: +0,542.099,6
Dec 31 2020 01: +0,518.77,1
Jan 01 2021 01: +0,525.016,1
Jan 02 2021 01: +0,551.017,7
Jan 03 2021 01: +0,560.7,2
Jan 04 2021 01: +0,612.684,6
Jan 05 2021 01: +0,569.496,4
Jan 06 2021 01: +0,624.225,3
Jan 07 2021 01: +0,591.803,3
Jan 08 2021 01: +0,612.698,1
Jan 09 2021 01: +0,625.959,1
Jan 12 2021 01: +0,567.53,1
Jan 13 2021 01: +0,649.145,4
Jan 14 2021 01: +0,660.115,2
Jan 16 2021 01: +0,590.836,3
Jan 17 2021 01: +0,619.99,1
Jan 18 2021 01: +0,560,1
Jan 19 2021 01: +0,560.055,1
Jan 20 2021 01: +0,611.501,1
Jan 21 2021 01: +0,576.015,3
Jan 22 2021 01: +0,577.233,2
Jan 23 2021 01: +0,595.495,2
Jan 24 2021 01: +0,523.9,1
Jan 25 2021 01: +0,560.102,3
Jan 26 2021 01: +0,667.35,1
Jan 27 2021 01: +0,666.521,2
Jan 30 2021 01: +0,570.283,3
Jan 31 2021 01: +0,599.279,4
Feb 02 2021 01: +0,533.645,1
Feb 03 2021 01: +0,589.73,4
Feb 04 2021 01: +0,578.105,4
Feb 05 2021 01: +0,536.01,1
Feb 06 2021 01: +0,549.987,1
Feb 08 2021 01: +0,596.627,1
Feb 10 2021 01: +0,595.329,2
Feb 11 2021 01: +0,595.559,1
Feb 12 2021 01: +0,595.431,1
Feb 13 2021 01: +0,579.143,2
Feb 14 2021 01: +0,548.693,3
Feb 15 2021 01: +0,538.977,2
Feb 16 2021 01: +0,587.222,5
Feb 17 2021 01: +0,563.094,2
Feb 19 2021 01: +0,581.841,5
Feb 20 2021 01: +0,594.712,4
Feb 22 2021 01: +0,557.348,3
Feb 23 2021 01: +0,613.953,1
Feb 24 2021 01: +0,550.712,1
Feb 25 2021 01: +0,569.451,2
Feb 26 2021 01: +0,528.022,1
Feb 27 2021 01: +0,544.65,3
Feb 28 2021 01: +0,610.32,1
Mar 01 2021 01: +0,565.115,2
Mar 02 2021 01: +0,718.999,1
Mar 03 2021 01: +0,657.093,5
Mar 04 2021 01: +0,608.36,3
Mar 05 2021 01: +0,587.499,2
Mar 06 2021 01: +0,565.634,5
Mar 07 2021 01: +0,587.572,4
Mar 08 2021 01: +0,599.508,3
Mar 09 2021 01: +0,567.086,3
Mar 10 2021 01: +0,632.391,2
Mar 11 2021 01: +0,613.406,3
Mar 12 2021 01: +0,606.984,5
Mar 13 2021 01: +0,615.18,4
Mar 14 2021 01: +0,570.4,2
Mar 15 2021 01: +0,670.682,1
Mar 16 2021 01: +0,607.597,2
Mar 17 2021 01: +0,627.286,3
Mar 19 2021 01: +0,595.86,2
Mar 20 2021 01: +0,625.163,6
Mar 21 2021 01: +0,643.345,3
Mar 22 2021 01: +0,619.28,2
Mar 23 2021 01: +0,593.48,1
Mar 24 2021 01: +0,602.671,2
Mar 25 2021 01: +0,595.511,6
Mar 26 2021 01: +0,613.906,3
Mar 27 2021 01: +0,633.969,2
Mar 28 2021 01: +0,608.119,4
Mar 29 2021 01: +0,603,1
Mar 30 2021 01: +0,597.86,2
Mar 31 2021 01: +0,605.1,1
Apr 01 2021 01: +0,606.64,1
Apr 02 2021 01: +0,667.14,2
Apr 03 2021 01: +0,637.888,1
Apr 04 2021 01: +0,638.305,2
Apr 05 2021 01: +0,643.333,4
Apr 06 2021 01: +0,634.08,1
Apr 07 2021 01: +0,640.532,2
Apr 08 2021 01: +0,639.69,3
Apr 09 2021 01: +0,620.757,6
Apr 10 2021 01: +0,651.934,4
Apr 11 2021 01: +0,660.98,1
Apr 12 2021 01: +0,604.771,3
Apr 13 2021 01: +0,630.465,2
Apr 15 2021 01: +0,618.346,1
Apr 16 2021 01: +0,686.118,2
Apr 17 2021 01: +0,646.897,3
Apr 18 2021 01: +0,668.486,2
Apr 19 2021 01: +0,611.781,5
Apr 21 2021 01: +0,662.039,1
Apr 23 2021 01: +0,599.478,4
Apr 24 2021 01: +0,606.908,7
Apr 25 2021 01: +0,593.13,1
Apr 26 2021 01: +0,593.597,3
Apr 27 2021 01: +0,648.253,3
Apr 28 2021 01: +0,592.361,1
Apr 29 2021 01: +0,693.092,1
Apr 30 2021 01: +0,600.686,3
May 01 2021 01: +0,616.75,3
May 03 2021 01: +0,593.58,1
May 04 2021 01: +0,621.155,4
May 05 2021 01: +0,644.181,4
May 06 2021 01: +0,614.39,2
May 07 2021 01: +0,622.616,4
May 08 2021 01: +0,660.84,2
May 09 2021 01: +0,617.929,5
May 10 2021 01: +0,654.387,4
May 11 2021 01: +0,628.303,6
May 13 2021 01: +0,735.719,1
May 15 2021 01: +0,651.347,1
May 16 2021 01: +0,606.478,1
May 17 2021 01: +0,685.428,4
May 18 2021 01: +0,676.927,2
May 20 2021 01: +0,780.9,1
May 21 2021 01: +0,637.627,3
May 22 2021 01: +0,718.408,2
May 23 2021 01: +0,728.811,2
May 24 2021 01: +0,646.95,2
May 25 2021 01: +0,673.839,3
May 26 2021 01: +0,665.789,4
May 27 2021 01: +0,701.035,2
May 28 2021 01: +0,713.937,3
May 30 2021 01: +0,728.495,1
May 31 2021 01: +0,723.667,2
Jun 01 2021 01: +0,661.974,4
Jun 02 2021 01: +0,668.121,3
Jun 03 2021 01: +0,652.24,1
Jun 04 2021 01: +0,677.105,3
Jun 05 2021 01: +0,663.104,5
Jun 06 2021 01: +0,652.6,1
Jun 07 2021 01: +0,701.588,4
Jun 09 2021 01: +0,680.869,2
Jun 10 2021 01: +0,850.011,1
Jun 11 2021 01: +0,662.96,2
Jun 12 2021 01: +0,663.85,1
Jun 13 2021 01: +0,672.601,1
Jun 14 2021 01: +0,667.5,1
Jun 15 2021 01: +0,718.255,2
Jun 16 2021 01: +0,664.718,3
Jun 17 2021 01: +0,704.453,1
Jun 18 2021 01: +0,724.638,1
Jun 19 2021 01: +0,660.857,3
Jun 21 2021 01: +0,630.63,1
Jun 23 2021 01: +0,749.476,1
Jun 24 2021 01: +0,707.9,1
Jun 25 2021 01: +0,636.36,1
Jun 26 2021 01: +0,750.95,1
Jun 27 2021 01: +0,656.842,5
Jun 28 2021 01: +0,689.775,2
Jun 29 2021 01: +0,729.23,1
Jun 30 2021 01: +0,637.137,1
Jul 01 2021 01: +0,622.883,4
Jul 02 2021 01: +0,663.143,3
Jul 03 2021 01: +0,676.282,3
Jul 04 2021 01: +0,580.02,1
Jul 05 2021 01: +0,653.984,1
Jul 07 2021 01: +0,633.213,3
Jul 08 2021 01: +0,596.21,1
Jul 09 2021 01: +0,715.012,1
Jul 10 2021 01: +0,539.106,2
Jul 11 2021 01: +0,596.025,3
Jul 12 2021 01: +0,629.244,1
Jul 13 2021 01: +0,586,1
Jul 15 2021 01: +0,586.5,1
Jul 17 2021 01: +0,621.734,2
Jul 18 2021 01: +0,634.22,2
Jul 19 2021 01: +0,678.63,2
Jul 20 2021 01: +0,603.84,1
Jul 21 2021 01: +0,638.013,2
Jul 22 2021 01: +0,697.67,1
Jul 24 2021 01: +0,649.351,2
Jul 25 2021 01: +0,651.901,2
Jul 26 2021 01: +0,652.591,3
Jul 28 2021 01: +0,730.697,1
Jul 29 2021 01: +0,674.43,1
Jul 30 2021 01: +0,666.043,4
Aug 03 2021 01: +0,692.237,2
Aug 04 2021 01: +0,631.06,2
Aug 05 2021 01: +0,633.601,1
Aug 06 2021 01: +0,628.51,1
Aug 07 2021 01: +0,694.61,1
Aug 08 2021 01: +0,758.053,1
Aug 09 2021 01: +0,637.76,2
Aug 10 2021 01: +0,617.23,2
Aug 11 2021 01: +0,615.941,4
Aug 12 2021 01: +0,593.78,1
Aug 13 2021 01: +0,631.91,2
Aug 15 2021 01: +0,628.081,2
Aug 16 2021 01: +0,573.581,3
Aug 17 2021 01: +0,680.316,1
Aug 19 2021 01: +0,755.906,1
Aug 20 2021 01: +0,565.97,1
Aug 22 2021 01: +0,560,1
Aug 24 2021 01: +0,554.451,5
Aug 25 2021 01: +0,547.13,1
Aug 26 2021 01: +0,556.66,1
Aug 27 2021 01: +0,554.74,3
Aug 28 2021 01: +0,566.573,3
Aug 29 2021 01: +0,564.936,3
Aug 30 2021 01: +0,571.315,4
Aug 31 2021 01: +0,586.67,4
Sep 01 2021 01: +0,801.668,1
Sep 02 2021 01: +0,618.755,2
Sep 06 2021 01: +0,614.69,2
Sep 07 2021 01: +0,575.985,2
Sep 08 2021 01: +0,647.783,4
Sep 10 2021 01: +0,632.497,1
Sep 11 2021 01: +0,598.816,4
Sep 12 2021 01: +0,633.19,3
Sep 13 2021 01: +0,594.29,1
Sep 14 2021 01: +0,594.365,2
Sep 15 2021 01: +0,615.008,1
Sep 16 2021 01: +0,663.791,2
Sep 17 2021 01: +0,601.135,2
Sep 18 2021 01: +0,678.094,2
Sep 19 2021 01: +0,618.4,2
Sep 20 2021 01: +0,570.9,2
Sep 21 2021 01: +0,607.508,2
Sep 22 2021 01: +0,522.964,4
Sep 23 2021 01: +0,555.611,5
Sep 24 2021 01: +0,618.56,1
Sep 25 2021 01: +0,566.84,1
Sep 26 2021 01: +0,582.847,2
Sep 27 2021 01: +0,569.7,5
Sep 28 2021 01: +0,596.53,1
Sep 29 2021 01: +0,506.175,2
Sep 30 2021 01: +0,735.824,1
Oct 01 2021 01: +0,517.95,1
Oct 03 2021 01: +0,572.957,5
Oct 04 2021 01: +0,549.91,4
Oct 05 2021 01: +0,542.969,7
Oct 06 2021 01: +0,622.875,4
Oct 08 2021 01: +0,583.004,6
Oct 09 2021 01: +0,605.471,2
Oct 10 2021 01: +0,752.227,2
Oct 11 2021 01: +0,559.4,1
Oct 12 2021 01: +0,692.47,1
Oct 13 2021 01: +0,627.529,2
Oct 14 2021 01: +0,605.127,2
Oct 15 2021 01: +0,562.87,1
Oct 16 2021 01: +0,595.006,4
Oct 17 2021 01: +0,582.03,1
Oct 18 2021 01: +0,622.98,2
Oct 19 2021 01: +0,577.513,3
Oct 20 2021 01: +0,598.17,2
Oct 21 2021 01: +0,577.27,4
Oct 22 2021 01: +0,590.357,4
Oct 23 2021 01: +0,786.356,1
Oct 24 2021 01: +0,590.331,2
Oct 25 2021 01: +0,540.298,4
Oct 26 2021 01: +0,576.815,6
Oct 27 2021 01: +0,540.7,1
Oct 28 2021 01: +0,539.023,3
Oct 29 2021 01: +0,545.572,2
Oct 30 2021 01: +0,560.787,2
Oct 31 2021 01: +0,549.7,1
Nov 01 2021 01: +0,568.35,2
Nov 02 2021 01: +0,574.146,4
Nov 03 2021 01: +0,598.871,4
Nov 04 2021 01: +0,591.346,4
Nov 05 2021 01: +0,616.508,3
Nov 06 2021 01: +0,602.444,3
Nov 07 2021 01: +0,588.517,2
Nov 08 2021 01: +0,590.55,2
Nov 09 2021 01: +0,638.616,2
Nov 10 2021 01: +0,531.46,1
Nov 13 2021 01: +0,611.248,3
Nov 14 2021 01: +0,567.497,2
Nov 15 2021 01: +0,581.309,6
Nov 16 2021 01: +0,526.08,1
Nov 18 2021 01: +0,582.137,3
Nov 19 2021 01: +0,572.997,3
Nov 20 2021 01: +0,628.039,2
Nov 21 2021 01: +0,545.923,1
Nov 22 2021 01: +0,573.954,2
Nov 23 2021 01: +0,528.27,2
Nov 24 2021 01: +0,557.275,3
Nov 25 2021 01: +0,540.818,1
Nov 26 2021 01: +0,529,1
Nov 27 2021 01: +0,542.599,1
Nov 28 2021 01: +0,634.97,1
Nov 30 2021 01: +0,566.007,3
Dec 02 2021 01: +0,577.418,3
Dec 03 2021 01: +0,549.674,2
Dec 05 2021 01: +0,606.959,8
Dec 07 2021 01: +0,602.053,1
Dec 08 2021 01: +0,609.251,4
Dec 09 2021 01: +0,570.69,1
Dec 10 2021 01: +0,624.892,2
Dec 11 2021 01: +0,612.854,3
Dec 12 2021 01: +0,631.99,1
Dec 13 2021 01: +0,638.901,1
Dec 14 2021 01: +0,613.464,3
Dec 15 2021 01: +0,663.378,4
Dec 18 2021 01: +0,680.08,1
Dec 20 2021 01: +0,577.53,1
Dec 22 2021 01: +0,560.4,2
Dec 23 2021 01: +0,561.254,4
Dec 24 2021 01: +0,733.918,1
Dec 25 2021 01: +0,584.29,1
Dec 27 2021 01: +0,678.936,1
Dec 29 2021 01: +0,590.19,2
Dec 30 2021 01: +0,586.74,2
Jan 01 2022 01: +0,633.137,2
Jan 02 2022 01: +0,604.362,3
Jan 03 2022 01: +0,622.305,1
Jan 07 2022 01: +0,623.96,1
Jan 08 2022 01: +0,667.155,3
Jan 09 2022 01: +0,662.583,3
Jan 10 2022 01: +0,643,1
Jan 11 2022 01: +0,643.73,3
Jan 12 2022 01: +0,683.348,3
Jan 13 2022 01: +0,649.406,1
Jan 14 2022 01: +0,682.167,5
Jan 15 2022 01: +0,674.286,1
Jan 16 2022 01: +0,661.05,1
Jan 17 2022 01: +0,657.103,3
Jan 19 2022 01: +0,670.058,4
Jan 20 2022 01: +0,714.181,2
Jan 21 2022 01: +0,736,1
Jan 23 2022 01: +0,626.241,4
Jan 24 2022 01: +0,688.76,1
Jan 25 2022 01: +0,792.639,3
Jan 27 2022 01: +0,582.535,2
Jan 28 2022 01: +0,630.328,3
Jan 29 2022 01: +0,626.325,3
Jan 30 2022 01: +0,636.651,2
Jan 31 2022 01: +0,653.795,1
Feb 01 2022 01: +0,599.005,2
Feb 02 2022 01: +0,606.31,1
Feb 03 2022 01: +0,503.161,2
Feb 04 2022 01: +0,606.23,1
Feb 05 2022 01: +0,604.021,2
Feb 06 2022 01: +0,665.073,2
Feb 07 2022 01: +0,700.398,2
Feb 08 2022 01: +0,731.575,2
Feb 10 2022 01: +0,611.61,1
Feb 11 2022 01: +0,699.29,1
Feb 12 2022 01: +0,733.59,1
Feb 13 2022 01: +0,711.338,1
Feb 14 2022 01: +0,623.513,1
Feb 15 2022 01: +0,648.302,3
Feb 16 2022 01: +0,602.132,2
Feb 17 2022 01: +0,677.364,2
Feb 18 2022 01: +0,769.398,2
Feb 19 2022 01: +0,721.075,3
Feb 22 2022 01: +0,635.846,2
Feb 24 2022 01: +0,635.46,1
Feb 26 2022 01: +0,630.493,3
Feb 27 2022 01: +0,715.011,1
Feb 28 2022 01: +0,755.009,1
Mar 02 2022 01: +0,649.9,2
Mar 03 2022 01: +0,669.994,2
Mar 04 2022 01: +0,660.717,3
Mar 05 2022 01: +0,663.475,3
Mar 06 2022 01: +0,727.26,3
Mar 08 2022 01: +0,775.742,1
Mar 10 2022 01: +0,667.751,1
Mar 11 2022 01: +0,666.5,1
Mar 12 2022 01: +0,740.013,1
Mar 13 2022 01: +0,677.518,5
Mar 14 2022 01: +0,717.921,3
Mar 16 2022 01: +0,736.587,2
Mar 17 2022 01: +0,730.771,2
Mar 19 2022 01: +0,741.717,2
Mar 20 2022 01: +0,779.99,1
Mar 21 2022 01: +0,705.5,1
Mar 22 2022 01: +0,782.976,3
Mar 24 2022 01: +0,726.22,1
Mar 25 2022 01: +0,722.94,3
Mar 26 2022 01: +0,688.043,3
Mar 31 2022 01: +0,700.32,1
Apr 01 2022 01: +0,702.85,1
Apr 04 2022 01: +0,738.367,3
Apr 05 2022 01: +0,660.09,2
Apr 08 2022 01: +0,786.785,1
Apr 09 2022 01: +0,781.2,1
Apr 10 2022 01: +0,748,1
Apr 11 2022 01: +0,716.65,2
Apr 12 2022 01: +0,739.76,1
Apr 13 2022 01: +0,751.09,1
Apr 14 2022 01: +0,751.13,1
Apr 17 2022 01: +0,788.591,1
Apr 18 2022 01: +0,770,1
Apr 19 2022 01: +0,945.983,2
Apr 21 2022 01: +0,820,1
Apr 23 2022 01: +0,899.996,1
Apr 26 2022 01: +0,822.348,1
Apr 28 2022 01: +0,754.03,1
Apr 29 2022 01: +0,834.269,4
Apr 30 2022 01: +0,754.65,1
May 01 2022 01: +0,745.87,2
May 02 2022 01: +0,751.287,3
May 03 2022 01: +0,874.29,3
May 04 2022 01: +0,738.018,3
May 05 2022 01: +0,859.532,1
May 06 2022 01: +0,758.62,1
May 07 2022 01: +0,816.65,2
May 08 2022 01: +0,760.68,1
May 09 2022 01: +0,695.715,2
May 10 2022 01: +0,745.771,3
May 11 2022 01: +0,727.77,1
May 12 2022 01: +0,870.1,1
May 15 2022 01: +0,800,1
May 16 2022 01: +0,697.585,2
May 19 2022 01: +0,724.968,2
May 20 2022 01: +0,730.333,4
May 21 2022 01: +0,690.65,2
