Jun 18 2016 01: +0,315.75,2
Jun 19 2016 01: +0,175,1
Jun 20 2016 01: +0,249.98,1
Jun 21 2016 01: +0,249.98,1
Jun 22 2016 01: +0,147.997,1
Jun 24 2016 01: +0,239.569,2
Jun 30 2016 01: +0,287.81,1
Jul 01 2016 01: +0,250.009,1
Jul 04 2016 01: +0,254.32,1
Jul 05 2016 01: +0,286.666,1
Jul 06 2016 01: +0,305.199,1
Jul 07 2016 01: +0,177.051,1
Jul 08 2016 01: +0,147.107,1
Jul 09 2016 01: +0,197.34,2
Jul 11 2016 01: +0,177.277,1
Jul 12 2016 01: +0,177.065,2
Jul 15 2016 01: +0,239.285,2
Jul 19 2016 01: +0,230,1
Jul 22 2016 01: +0,163.605,1
Jul 23 2016 01: +0,220.01,1
Jul 25 2016 01: +0,182.11,3
Jul 26 2016 01: +0,197.335,1
Jul 28 2016 01: +0,176.174,2
Jul 30 2016 01: +0,184.8,1
Jul 31 2016 01: +0,194.931,1
Aug 01 2016 01: +0,183.824,1
Aug 03 2016 01: +0,178.283,3
Aug 05 2016 01: +0,182.85,1
Aug 06 2016 01: +0,179.686,2
Aug 07 2016 01: +0,157.94,3
Aug 08 2016 01: +0,179.855,2
Aug 09 2016 01: +0,180.982,3
Aug 11 2016 01: +0,152.815,2
Aug 12 2016 01: +0,196.006,1
Aug 14 2016 01: +0,129.95,1
Aug 15 2016 01: +0,158.687,3
Aug 16 2016 01: +0,208.363,2
Aug 19 2016 01: +0,168.91,1
Aug 20 2016 01: +0,192.189,1
Aug 21 2016 01: +0,179.252,1
Aug 22 2016 01: +0,149.624,3
Aug 23 2016 01: +0,138.995,2
Aug 24 2016 01: +0,125.35,4
Aug 25 2016 01: +0,132.979,7
Aug 26 2016 01: +0,142.913,4
Aug 28 2016 01: +0,162.073,4
Aug 29 2016 01: +0,150.205,2
Aug 30 2016 01: +0,161.001,1
Aug 31 2016 01: +0,136.71,6
Sep 01 2016 01: +0,146.92,4
Sep 02 2016 01: +0,126.15,1
Sep 03 2016 01: +0,155.337,3
Sep 04 2016 01: +0,137.969,2
Sep 05 2016 01: +0,145.876,5
Sep 06 2016 01: +0,156.66,2
Sep 07 2016 01: +0,153.813,1
Sep 08 2016 01: +0,151.505,2
Sep 09 2016 01: +0,137.407,4
Sep 10 2016 01: +0,147.301,3
Sep 11 2016 01: +0,137.718,7
Sep 12 2016 01: +0,144.678,1
Sep 13 2016 01: +0,152.171,1
Sep 14 2016 01: +0,149.803,2
Sep 15 2016 01: +0,145.76,1
Sep 16 2016 01: +0,147.975,4
Sep 17 2016 01: +0,182.94,2
Sep 18 2016 01: +0,154.331,3
Sep 19 2016 01: +0,145.04,1
Sep 20 2016 01: +0,147.682,3
Sep 21 2016 01: +0,177.095,1
Sep 23 2016 01: +0,169.3,2
Sep 24 2016 01: +0,172.065,2
Sep 25 2016 01: +0,150,2
Sep 26 2016 01: +0,172.101,1
Sep 27 2016 01: +0,145.423,3
Sep 28 2016 01: +0,129.531,2
Sep 29 2016 01: +0,127.235,4
Sep 30 2016 01: +0,137.044,5
Oct 01 2016 01: +0,170.785,2
Oct 02 2016 01: +0,155.107,6
Oct 03 2016 01: +0,110.56,1
Oct 04 2016 01: +0,150.127,3
Oct 06 2016 01: +0,151.304,4
Oct 09 2016 01: +0,156.252,1
Oct 10 2016 01: +0,150.324,2
Oct 12 2016 01: +0,157.66,1
Oct 13 2016 01: +0,145.714,4
Oct 14 2016 01: +0,133.605,2
Oct 15 2016 01: +0,150.27,1
Oct 16 2016 01: +0,145.578,1
Oct 18 2016 01: +0,140.047,2
Oct 19 2016 01: +0,130.648,3
Oct 20 2016 01: +0,142.418,3
Oct 21 2016 01: +0,155.251,1
Oct 22 2016 01: +0,148.566,5
Oct 23 2016 01: +0,134.148,2
Oct 24 2016 01: +0,120.725,1
Oct 25 2016 01: +0,127.298,3
Oct 26 2016 01: +0,131.965,2
Oct 28 2016 01: +0,147.368,1
Oct 29 2016 01: +0,141.86,1
Oct 30 2016 01: +0,145.993,2
Oct 31 2016 01: +0,145.121,2
Nov 02 2016 01: +0,118.697,6
Nov 03 2016 01: +0,122.254,3
Nov 04 2016 01: +0,134.925,5
Nov 05 2016 01: +0,138.991,1
Nov 06 2016 01: +0,133.856,3
Nov 07 2016 01: +0,135.307,3
Nov 08 2016 01: +0,143.593,1
Nov 09 2016 01: +0,148.94,1
Nov 10 2016 01: +0,148.534,2
Nov 11 2016 01: +0,131.085,1
Nov 13 2016 01: +0,140.35,2
Nov 14 2016 01: +0,121.847,1
Nov 15 2016 01: +0,120.222,1
Nov 16 2016 01: +0,133.118,1
Nov 17 2016 01: +0,129.743,1
Nov 18 2016 01: +0,135.617,1
Nov 19 2016 01: +0,118.384,2
Nov 20 2016 01: +0,125.214,2
Nov 21 2016 01: +0,127.89,1
Nov 22 2016 01: +0,108.502,2
Nov 23 2016 01: +0,119.09,4
Nov 24 2016 01: +0,119.587,4
Nov 26 2016 01: +0,115.286,7
Nov 27 2016 01: +0,92.68,1
Nov 28 2016 01: +0,99.701,6
Nov 29 2016 01: +0,109.072,6
Nov 30 2016 01: +0,110.615,3
Dec 01 2016 01: +0,111.454,4
Dec 02 2016 01: +0,121.093,5
Dec 03 2016 01: +0,125.935,3
Dec 04 2016 01: +0,114.891,5
Dec 05 2016 01: +0,122.556,3
Dec 07 2016 01: +0,113.291,3
Dec 08 2016 01: +0,129.379,4
Dec 09 2016 01: +0,125.75,3
Dec 10 2016 01: +0,128.516,3
Dec 11 2016 01: +0,139.5,2
Dec 12 2016 01: +0,144.476,1
Dec 14 2016 01: +0,131.62,1
Dec 15 2016 01: +0,121.915,2
Dec 16 2016 01: +0,114.32,4
Dec 17 2016 01: +0,137.954,2
Dec 19 2016 01: +0,132.25,1
Dec 20 2016 01: +0,144.372,2
Dec 21 2016 01: +0,138.639,2
Dec 22 2016 01: +0,126.95,2
Dec 23 2016 01: +0,124.34,5
Dec 24 2016 01: +0,131.315,3
Dec 25 2016 01: +0,141.875,6
Dec 27 2016 01: +0,151.483,7
Dec 29 2016 01: +0,168.553,3
Dec 30 2016 01: +0,162.045,2
Dec 31 2016 01: +0,157.334,2
Jan 01 2017 01: +0,143.978,3
Jan 02 2017 01: +0,141.396,4
Jan 03 2017 01: +0,151,1
Jan 04 2017 01: +0,166.64,1
Jan 05 2017 01: +0,161.56,1
Jan 06 2017 01: +0,132.963,1
Jan 07 2017 01: +0,157.844,4
Jan 08 2017 01: +0,160.11,1
Jan 09 2017 01: +0,147.871,5
Jan 10 2017 01: +0,119.612,3
Jan 11 2017 01: +0,152.574,3
Jan 12 2017 01: +0,147.253,3
Jan 13 2017 01: +0,170.106,5
Jan 15 2017 01: +0,168.822,2
Jan 16 2017 01: +0,149.5,1
Jan 18 2017 01: +0,175.185,1
Jan 19 2017 01: +0,167.645,1
Jan 20 2017 01: +0,143.547,1
Jan 21 2017 01: +0,159.112,2
Jan 22 2017 01: +0,161.32,1
Jan 23 2017 01: +0,152.744,3
Jan 24 2017 01: +0,170.58,2
Jan 25 2017 01: +0,147.292,3
Jan 26 2017 01: +0,152.365,2
Jan 27 2017 01: +0,147.281,2
Jan 28 2017 01: +0,141.644,5
Jan 29 2017 01: +0,149.518,5
Jan 30 2017 01: +0,155.575,5
Jan 31 2017 01: +0,168.45,4
Feb 01 2017 01: +0,157.495,3
Feb 02 2017 01: +0,181.66,1
Feb 03 2017 01: +0,142.1,1
Feb 05 2017 01: +0,157.781,5
Feb 06 2017 01: +0,170.766,4
Feb 07 2017 01: +0,179.052,1
Feb 08 2017 01: +0,168.262,2
Feb 10 2017 01: +0,180.116,3
Feb 11 2017 01: +0,179.315,1
Feb 12 2017 01: +0,177.539,2
Feb 15 2017 01: +0,179.392,1
Feb 16 2017 01: +0,169.15,3
Feb 18 2017 01: +0,177.884,2
Feb 20 2017 01: +0,179.37,1
Feb 21 2017 01: +0,178.669,4
Feb 22 2017 01: +0,174.559,1
Feb 23 2017 01: +0,174.671,1
Feb 24 2017 01: +0,174.277,3
Feb 25 2017 01: +0,191.129,1
Feb 26 2017 01: +0,182.537,2
Feb 27 2017 01: +0,185.012,1
Feb 28 2017 01: +0,159.36,1
Mar 01 2017 01: +0,184.23,3
Mar 02 2017 01: +0,200,1
Mar 03 2017 01: +0,178.32,2
Mar 04 2017 01: +0,176.77,4
Mar 05 2017 01: +0,171.486,2
Mar 06 2017 01: +0,175.606,3
Mar 07 2017 01: +0,174.118,3
Mar 08 2017 01: +0,189.261,1
Mar 09 2017 01: +0,188.72,1
Mar 10 2017 01: +0,195.11,1
Mar 11 2017 01: +0,171.954,2
Mar 12 2017 01: +0,189.825,2
Mar 13 2017 01: +0,185.204,2
Mar 14 2017 01: +0,198.07,1
Mar 15 2017 01: +0,183.15,1
Mar 17 2017 01: +0,183.998,1
Mar 18 2017 01: +0,183.736,2
Mar 19 2017 01: +0,171.588,1
Mar 21 2017 01: +0,169.719,3
Mar 22 2017 01: +0,163.36,2
Mar 23 2017 01: +0,179.694,2
Mar 24 2017 01: +0,175.95,1
Mar 25 2017 01: +0,173.592,2
Mar 28 2017 01: +0,157.896,2
Mar 29 2017 01: +0,166.504,2
Mar 31 2017 01: +0,141.551,2
Apr 01 2017 01: +0,130.103,2
Apr 02 2017 01: +0,159.79,3
Apr 03 2017 01: +0,140.89,3
Apr 04 2017 01: +0,146.133,4
Apr 05 2017 01: +0,145.096,6
Apr 07 2017 01: +0,149.996,2
Apr 08 2017 01: +0,153.666,2
Apr 10 2017 01: +0,160.018,2
Apr 11 2017 01: +0,148.329,3
Apr 12 2017 01: +0,135.423,5
Apr 14 2017 01: +0,156.36,3
Apr 15 2017 01: +0,160.529,1
Apr 16 2017 01: +0,144.797,4
Apr 17 2017 01: +0,159.935,4
Apr 18 2017 01: +0,166.949,3
Apr 19 2017 01: +0,167.984,1
Apr 22 2017 01: +0,140.73,1
Apr 23 2017 01: +0,164.7,1
Apr 24 2017 01: +0,162.01,2
Apr 25 2017 01: +0,157.272,5
Apr 26 2017 01: +0,152.307,4
Apr 27 2017 01: +0,164.732,1
Apr 28 2017 01: +0,156.35,1
Apr 29 2017 01: +0,160.297,5
Apr 30 2017 01: +0,159.881,3
May 02 2017 01: +0,159.486,2
May 03 2017 01: +0,153.2,2
May 04 2017 01: +0,171.254,2
May 05 2017 01: +0,167.996,2
May 06 2017 01: +0,156.369,3
May 07 2017 01: +0,169.621,3
May 08 2017 01: +0,139.11,1
May 10 2017 01: +0,99.28,1
May 11 2017 01: +0,164.538,4
May 12 2017 01: +0,166.063,2
May 13 2017 01: +0,155.368,3
May 14 2017 01: +0,135.95,1
May 15 2017 01: +0,143.813,5
May 16 2017 01: +0,164.478,2
May 17 2017 01: +0,143.27,3
May 18 2017 01: +0,165.208,1
May 19 2017 01: +0,154.999,1
May 20 2017 01: +0,114.153,3
May 21 2017 01: +0,165.473,4
May 24 2017 01: +0,149,5
May 25 2017 01: +0,162.523,2
May 26 2017 01: +0,148.94,2
May 27 2017 01: +0,160.5,1
May 28 2017 01: +0,144.99,1
May 29 2017 01: +0,149.543,2
May 30 2017 01: +0,156.384,4
May 31 2017 01: +0,176.501,1
Jun 01 2017 01: +0,145.153,2
Jun 02 2017 01: +0,168.042,1
Jun 03 2017 01: +0,170.129,5
Jun 04 2017 01: +0,176.924,1
Jun 05 2017 01: +0,170.016,2
Jun 06 2017 01: +0,143.315,2
Jun 07 2017 01: +0,170.304,3
Jun 08 2017 01: +0,126.243,2
Jun 10 2017 01: +0,163.369,2
Jun 11 2017 01: +0,151.012,2
Jun 12 2017 01: +0,152.707,3
Jun 13 2017 01: +0,167.385,1
Jun 14 2017 01: +0,171.96,1
Jun 15 2017 01: +0,164.787,2
Jun 16 2017 01: +0,165.93,2
Jun 17 2017 01: +0,162.371,1
Jun 18 2017 01: +0,154.59,4
Jun 19 2017 01: +0,180.064,2
Jun 22 2017 01: +0,157.348,2
Jun 23 2017 01: +0,163.769,2
Jun 24 2017 01: +0,152.165,2
Jun 27 2017 01: +0,151.787,2
Jun 28 2017 01: +0,137.785,2
Jun 29 2017 01: +0,160.114,1
Jun 30 2017 01: +0,157.723,4
Jul 01 2017 01: +0,142.943,2
Jul 02 2017 01: +0,150.411,3
Jul 03 2017 01: +0,133.6,1
Jul 04 2017 01: +0,133.53,1
Jul 05 2017 01: +0,153.996,1
Jul 06 2017 01: +0,157.256,2
Jul 07 2017 01: +0,151.683,3
Jul 08 2017 01: +0,151.537,2
Jul 09 2017 01: +0,156.223,3
Jul 11 2017 01: +0,135.085,2
Jul 12 2017 01: +0,150.96,2
Jul 13 2017 01: +0,161.146,1
Jul 14 2017 01: +0,144.198,4
Jul 15 2017 01: +0,159.22,1
Jul 16 2017 01: +0,153.874,3
Jul 17 2017 01: +0,161.325,2
Jul 18 2017 01: +0,162.153,2
Jul 19 2017 01: +0,161.176,6
Jul 20 2017 01: +0,138.63,1
Jul 22 2017 01: +0,152.687,2
Jul 23 2017 01: +0,164.929,3
Jul 24 2017 01: +0,168.861,1
Jul 25 2017 01: +0,182.898,2
Jul 26 2017 01: +0,180,1
Jul 27 2017 01: +0,187.415,1
Jul 29 2017 01: +0,181.246,3
Jul 31 2017 01: +0,200.008,1
Aug 02 2017 01: +0,184.175,2
Aug 04 2017 01: +0,169.58,3
Aug 06 2017 01: +0,206.183,2
Aug 07 2017 01: +0,221.45,1
Aug 08 2017 01: +0,206.92,1
Aug 09 2017 01: +0,199.886,1
Aug 10 2017 01: +0,203.689,2
Aug 11 2017 01: +0,231.244,3
Aug 16 2017 01: +0,215.47,1
Aug 17 2017 01: +0,209.134,1
Aug 18 2017 01: +0,183.723,3
Aug 19 2017 01: +0,198.293,1
Aug 20 2017 01: +0,164,1
Aug 21 2017 01: +0,195.999,1
Aug 23 2017 01: +0,185.127,1
Aug 25 2017 01: +0,168.04,2
Aug 26 2017 01: +0,158.721,1
Aug 27 2017 01: +0,145.087,1
Aug 28 2017 01: +0,166.92,1
Aug 29 2017 01: +0,162.995,2
Aug 30 2017 01: +0,194.39,2
Aug 31 2017 01: +0,165.778,3
Sep 01 2017 01: +0,179.884,1
Sep 03 2017 01: +0,180.726,4
Sep 04 2017 01: +0,166.92,1
Sep 05 2017 01: +0,175.018,1
Sep 06 2017 01: +0,160.479,1
Sep 07 2017 01: +0,170.325,5
Sep 08 2017 01: +0,165.156,2
Sep 09 2017 01: +0,182.89,1
Sep 10 2017 01: +0,186.439,4
Sep 11 2017 01: +0,151.62,1
Sep 13 2017 01: +0,177.827,2
Sep 14 2017 01: +0,157.173,1
Sep 15 2017 01: +0,216.54,1
Sep 18 2017 01: +0,174.9,2
Sep 19 2017 01: +0,169.112,2
Sep 22 2017 01: +0,148.85,1
Sep 23 2017 01: +0,166.741,1
Sep 24 2017 01: +0,171.258,1
Sep 25 2017 01: +0,163.173,3
Sep 27 2017 01: +0,175.466,1
Sep 28 2017 01: +0,154.566,2
Sep 29 2017 01: +0,172.182,2
Oct 01 2017 01: +0,168.609,1
Oct 02 2017 01: +0,169.05,1
Oct 03 2017 01: +0,143.997,2
Oct 04 2017 01: +0,170.25,1
Oct 05 2017 01: +0,188.385,1
Oct 07 2017 01: +0,145.44,1
Oct 08 2017 01: +0,142.955,1
Oct 09 2017 01: +0,170.959,2
Oct 10 2017 01: +0,150.046,3
Oct 14 2017 01: +0,145.106,3
Oct 15 2017 01: +0,167.314,2
Oct 16 2017 01: +0,140,1
Oct 17 2017 01: +0,151.892,3
Oct 18 2017 01: +0,152.62,2
Oct 19 2017 01: +0,164.35,1
Oct 20 2017 01: +0,143.438,3
Oct 21 2017 01: +0,163.214,1
Oct 22 2017 01: +0,162.672,1
Oct 24 2017 01: +0,124.651,1
Oct 25 2017 01: +0,159.716,1
Oct 26 2017 01: +0,146.235,2
Oct 27 2017 01: +0,133.619,2
Oct 28 2017 01: +0,142.558,5
Oct 29 2017 01: +0,131.5,1
Oct 30 2017 01: +0,131.054,2
Oct 31 2017 01: +0,146.033,3
Nov 02 2017 01: +0,153.695,3
Nov 03 2017 01: +0,148.997,4
Nov 04 2017 01: +0,143.727,2
Nov 05 2017 01: +0,152.803,2
Nov 06 2017 01: +0,155.958,1
Nov 07 2017 01: +0,123.86,1
Nov 09 2017 01: +0,143.252,3
Nov 10 2017 01: +0,150.779,1
Nov 12 2017 01: +0,150.426,2
Nov 16 2017 01: +0,149.185,2
Nov 17 2017 01: +0,148.007,3
Nov 18 2017 01: +0,154.1,1
Nov 19 2017 01: +0,153.656,3
Nov 21 2017 01: +0,166.7,1
Nov 22 2017 01: +0,150.494,1
Nov 23 2017 01: +0,143.016,2
Nov 24 2017 01: +0,157.567,3
Nov 25 2017 01: +0,128.049,1
Nov 27 2017 01: +0,125.293,1
Nov 28 2017 01: +0,145.62,6
Nov 29 2017 01: +0,154.379,1
Nov 30 2017 01: +0,157.678,1
Dec 01 2017 01: +0,155.887,1
Dec 02 2017 01: +0,158.87,1
Dec 03 2017 01: +0,136.346,1
Dec 05 2017 01: +0,143.164,2
Dec 07 2017 01: +0,161.361,1
Dec 08 2017 01: +0,160.95,3
Dec 10 2017 01: +0,141.716,2
Dec 11 2017 01: +0,167.096,1
Dec 12 2017 01: +0,169.268,1
Dec 15 2017 01: +0,130.449,1
Dec 16 2017 01: +0,141.297,1
Dec 17 2017 01: +0,135.392,1
Dec 18 2017 01: +0,153.237,1
Dec 19 2017 01: +0,130.525,1
Dec 20 2017 01: +0,154.616,1
Dec 21 2017 01: +0,135.275,2
Dec 22 2017 01: +0,152.406,2
Dec 23 2017 01: +0,134.507,3
Dec 24 2017 01: +0,153.521,2
Dec 25 2017 01: +0,160.312,4
Dec 26 2017 01: +0,165.083,2
Dec 27 2017 01: +0,161.328,4
Dec 28 2017 01: +0,173.116,2
Dec 29 2017 01: +0,176.906,2
Dec 30 2017 01: +0,179.03,1
Dec 31 2017 01: +0,154.575,3
Jan 03 2018 01: +0,179.79,1
Jan 05 2018 01: +0,167.505,2
Jan 06 2018 01: +0,181.27,1
Jan 07 2018 01: +0,171.346,2
Jan 08 2018 01: +0,156.81,1
Jan 09 2018 01: +0,166.813,4
Jan 11 2018 01: +0,162.259,1
Jan 13 2018 01: +0,145.606,1
Jan 14 2018 01: +0,167.605,3
Jan 15 2018 01: +0,160.106,2
Jan 16 2018 01: +0,170,1
Jan 17 2018 01: +0,180.01,1
Jan 18 2018 01: +0,182.992,1
Jan 19 2018 01: +0,180.937,1
Jan 21 2018 01: +0,175.85,2
Jan 22 2018 01: +0,151.649,1
Jan 26 2018 01: +0,162.26,1
Jan 27 2018 01: +0,160.406,2
Jan 29 2018 01: +0,160,1
Jan 30 2018 01: +0,158.157,3
Jan 31 2018 01: +0,174.154,1
Feb 01 2018 01: +0,170.654,2
Feb 02 2018 01: +0,167.017,2
Feb 03 2018 01: +0,163.798,4
Feb 04 2018 01: +0,167.629,5
Feb 05 2018 01: +0,175,1
Feb 07 2018 01: +0,171.638,2
Feb 08 2018 01: +0,188.081,2
Feb 09 2018 01: +0,184.845,2
Feb 10 2018 01: +0,183.648,1
Feb 12 2018 01: +0,148.592,1
Feb 13 2018 01: +0,150.74,1
Feb 14 2018 01: +0,177.759,1
Feb 15 2018 01: +0,184,1
Feb 16 2018 01: +0,173.194,2
Feb 17 2018 01: +0,159.225,4
Feb 18 2018 01: +0,183.96,1
Feb 19 2018 01: +0,164.809,2
Feb 20 2018 01: +0,176.149,2
Feb 21 2018 01: +0,176.67,2
Feb 22 2018 01: +0,181.466,1
Feb 23 2018 01: +0,183.229,2
Feb 25 2018 01: +0,179.506,2
Feb 26 2018 01: +0,178.145,1
Feb 28 2018 01: +0,172.053,2
Mar 01 2018 01: +0,184.28,3
Mar 04 2018 01: +0,165.805,2
Mar 08 2018 01: +0,171.365,2
Mar 09 2018 01: +0,161.896,2
Mar 10 2018 01: +0,171.173,1
Mar 11 2018 01: +0,168.271,3
Mar 12 2018 01: +0,149.63,1
Mar 13 2018 01: +0,149,1
Mar 14 2018 01: +0,185.241,3
Mar 15 2018 01: +0,165.058,1
Mar 16 2018 01: +0,161.069,4
Mar 18 2018 01: +0,154.359,5
Mar 21 2018 01: +0,170.137,2
Mar 22 2018 01: +0,160.172,2
Mar 23 2018 01: +0,166.112,5
Mar 24 2018 01: +0,148.02,1
Mar 26 2018 01: +0,172.56,1
Mar 27 2018 01: +0,166.355,3
Mar 29 2018 01: +0,153,1
Mar 30 2018 01: +0,147.58,1
Mar 31 2018 01: +0,167.664,3
Apr 01 2018 01: +0,138.587,2
Apr 02 2018 01: +0,169.993,1
Apr 03 2018 01: +0,164.852,4
Apr 04 2018 01: +0,146.97,1
Apr 05 2018 01: +0,130.708,3
Apr 06 2018 01: +0,158.032,3
Apr 07 2018 01: +0,151.896,4
Apr 09 2018 01: +0,141.683,3
Apr 10 2018 01: +0,141.515,1
Apr 11 2018 01: +0,152.904,3
Apr 13 2018 01: +0,157.076,1
Apr 14 2018 01: +0,157.38,1
Apr 15 2018 01: +0,152.918,2
Apr 16 2018 01: +0,149.993,1
Apr 18 2018 01: +0,160.695,1
Apr 19 2018 01: +0,154.23,2
Apr 20 2018 01: +0,157.879,3
Apr 22 2018 01: +0,154.397,2
Apr 23 2018 01: +0,151.489,1
Apr 24 2018 01: +0,132.784,3
Apr 25 2018 01: +0,143.235,3
Apr 26 2018 01: +0,149.994,1
Apr 27 2018 01: +0,154.557,3
Apr 28 2018 01: +0,143.801,3
Apr 29 2018 01: +0,126.805,1
Apr 30 2018 01: +0,141.261,4
May 01 2018 01: +0,155.986,1
May 02 2018 01: +0,131.06,1
May 03 2018 01: +0,143.228,2
May 05 2018 01: +0,148.419,1
May 06 2018 01: +0,138.781,3
May 08 2018 01: +0,141.701,2
May 09 2018 01: +0,128.694,1
May 11 2018 01: +0,143.952,2
May 12 2018 01: +0,144.354,2
May 13 2018 01: +0,130.695,2
May 14 2018 01: +0,131.937,2
May 15 2018 01: +0,144.662,2
May 16 2018 01: +0,130.493,2
May 17 2018 01: +0,146.381,2
May 19 2018 01: +0,143.186,1
May 20 2018 01: +0,130.696,1
May 21 2018 01: +0,143.169,2
May 23 2018 01: +0,138.222,2
May 24 2018 01: +0,140.006,1
May 26 2018 01: +0,119.89,1
May 27 2018 01: +0,136.72,3
May 28 2018 01: +0,147.24,3
May 29 2018 01: +0,145.737,1
May 30 2018 01: +0,122.3,1
May 31 2018 01: +0,140.558,3
Jun 01 2018 01: +0,148.044,1
Jun 03 2018 01: +0,136.051,2
Jun 04 2018 01: +0,141.333,3
Jun 05 2018 01: +0,144.331,1
Jun 07 2018 01: +0,149.487,1
Jun 08 2018 01: +0,137.079,2
Jun 09 2018 01: +0,145.73,1
Jun 10 2018 01: +0,136.21,1
Jun 11 2018 01: +0,117.594,1
Jun 12 2018 01: +0,132.533,3
Jun 14 2018 01: +0,102.03,1
Jun 15 2018 01: +0,101.338,2
Jun 16 2018 01: +0,125.98,1
Jun 17 2018 01: +0,125.65,4
Jun 18 2018 01: +0,135.402,3
Jun 19 2018 01: +0,102,1
Jun 20 2018 01: +0,115.904,1
Jun 21 2018 01: +0,113.65,6
Jun 22 2018 01: +0,126.843,1
Jun 23 2018 01: +0,118.353,3
Jun 24 2018 01: +0,124.999,2
Jun 25 2018 01: +0,132.959,3
Jun 26 2018 01: +0,123.865,2
Jun 27 2018 01: +0,102.78,1
Jun 30 2018 01: +0,109.884,1
Jul 01 2018 01: +0,115.512,2
Jul 02 2018 01: +0,119.823,1
Jul 04 2018 01: +0,114.727,3
Jul 05 2018 01: +0,137.024,3
Jul 08 2018 01: +0,122.657,3
Jul 09 2018 01: +0,137.674,1
Jul 10 2018 01: +0,141.033,2
Jul 11 2018 01: +0,113.07,2
Jul 12 2018 01: +0,135.331,3
Jul 13 2018 01: +0,138.625,2
Jul 15 2018 01: +0,143.909,2
Jul 16 2018 01: +0,138.953,3
Jul 17 2018 01: +0,116.475,2
Jul 18 2018 01: +0,127.474,3
Jul 19 2018 01: +0,134.46,4
Jul 20 2018 01: +0,128.878,4
Jul 21 2018 01: +0,135.285,3
Jul 22 2018 01: +0,134.98,1
Jul 23 2018 01: +0,125.171,4
Jul 24 2018 01: +0,120.966,2
Jul 25 2018 01: +0,131.397,2
Jul 26 2018 01: +0,128.659,1
Jul 27 2018 01: +0,145.37,1
Jul 28 2018 01: +0,134.814,3
Jul 29 2018 01: +0,145.31,1
Jul 30 2018 01: +0,151.737,4
Jul 31 2018 01: +0,144.745,3
Aug 02 2018 01: +0,135.945,2
Aug 04 2018 01: +0,134.031,1
Aug 05 2018 01: +0,140.4,2
Aug 06 2018 01: +0,148.682,2
Aug 07 2018 01: +0,165.745,2
Aug 09 2018 01: +0,146.088,2
Aug 10 2018 01: +0,154.997,2
Aug 11 2018 01: +0,132.254,3
Aug 12 2018 01: +0,123.62,1
Aug 13 2018 01: +0,145.003,1
Aug 14 2018 01: +0,123.781,2
Aug 15 2018 01: +0,134.274,2
Aug 16 2018 01: +0,136.915,2
Aug 17 2018 01: +0,133.754,2
Aug 18 2018 01: +0,149.24,1
Aug 19 2018 01: +0,131.033,2
Aug 20 2018 01: +0,137.058,4
Aug 21 2018 01: +0,134.172,1
Aug 22 2018 01: +0,131.256,5
Aug 23 2018 01: +0,134.915,3
Aug 24 2018 01: +0,121.651,1
Aug 25 2018 01: +0,120.06,1
Aug 26 2018 01: +0,144.349,4
Aug 27 2018 01: +0,141.788,2
Aug 28 2018 01: +0,140.449,1
Aug 29 2018 01: +0,131.498,3
Aug 31 2018 01: +0,131.496,3
Sep 01 2018 01: +0,143.016,5
Sep 02 2018 01: +0,135.435,2
Sep 03 2018 01: +0,136.318,2
Sep 04 2018 01: +0,134.231,3
Sep 05 2018 01: +0,143.152,4
Sep 06 2018 01: +0,155.17,2
Sep 07 2018 01: +0,160.928,4
Sep 08 2018 01: +0,130.3,1
Sep 09 2018 01: +0,137.623,2
Sep 11 2018 01: +0,133.325,1
Sep 12 2018 01: +0,138.996,2
Sep 13 2018 01: +0,129.469,2
Sep 15 2018 01: +0,147.895,2
Sep 16 2018 01: +0,135.177,2
Sep 17 2018 01: +0,142.82,4
Sep 18 2018 01: +0,161.147,1
Sep 19 2018 01: +0,159.295,2
Sep 20 2018 01: +0,145.652,2
Sep 21 2018 01: +0,156.005,2
Sep 22 2018 01: +0,147.395,6
Sep 23 2018 01: +0,150.115,5
Sep 24 2018 01: +0,154.004,1
Sep 25 2018 01: +0,144.022,3
Sep 26 2018 01: +0,143.893,2
Sep 27 2018 01: +0,143.785,3
Sep 28 2018 01: +0,152.916,1
Sep 29 2018 01: +0,153.67,1
Sep 30 2018 01: +0,158.727,1
Oct 01 2018 01: +0,139.15,1
Oct 02 2018 01: +0,146.303,3
Oct 03 2018 01: +0,145.731,2
Oct 04 2018 01: +0,134.24,1
Oct 05 2018 01: +0,154.316,1
Oct 06 2018 01: +0,158.317,5
Oct 07 2018 01: +0,146.552,3
Oct 08 2018 01: +0,148.969,2
Oct 09 2018 01: +0,162.494,2
Oct 10 2018 01: +0,159.347,2
Oct 11 2018 01: +0,135.48,1
Oct 12 2018 01: +0,154.996,2
Oct 13 2018 01: +0,153.021,2
Oct 14 2018 01: +0,151.044,3
Oct 15 2018 01: +0,169.025,3
Oct 16 2018 01: +0,90.58,3
Oct 19 2018 01: +0,171.149,1
Oct 20 2018 01: +0,160.507,2
Oct 22 2018 01: +0,181.172,2
Oct 23 2018 01: +0,133.153,1
Oct 24 2018 01: +0,145.76,1
Oct 26 2018 01: +0,167.967,1
Oct 28 2018 01: +0,165.11,1
Oct 29 2018 01: +0,141.36,1
Oct 30 2018 01: +0,164.98,1
Oct 31 2018 01: +0,154.174,2
Nov 04 2018 01: +0,141.717,2
Nov 05 2018 01: +0,150.384,2
Nov 06 2018 01: +0,139.85,1
Nov 08 2018 01: +0,150.271,2
Nov 09 2018 01: +0,145.631,1
Nov 10 2018 01: +0,152.926,2
Nov 11 2018 01: +0,151,1
Nov 12 2018 01: +0,134.998,1
Nov 13 2018 01: +0,145.93,4
Nov 14 2018 01: +0,149.775,2
Nov 15 2018 01: +0,130.613,1
Nov 16 2018 01: +0,153.23,4
Nov 17 2018 01: +0,156.93,1
Nov 18 2018 01: +0,137.004,3
Nov 19 2018 01: +0,139.377,2
Nov 21 2018 01: +0,149.603,1
Nov 22 2018 01: +0,154.958,1
Nov 24 2018 01: +0,138.766,2
Nov 25 2018 01: +0,142.34,2
Nov 27 2018 01: +0,152.492,3
Nov 29 2018 01: +0,145.004,2
Nov 30 2018 01: +0,149.3,2
Dec 01 2018 01: +0,150.43,1
Dec 02 2018 01: +0,143.785,2
Dec 03 2018 01: +0,137.949,3
Dec 04 2018 01: +0,150.476,1
Dec 06 2018 01: +0,148.633,1
Dec 07 2018 01: +0,137.644,2
Dec 08 2018 01: +0,130.768,5
Dec 09 2018 01: +0,131.795,2
Dec 11 2018 01: +0,141.841,3
Dec 12 2018 01: +0,147.986,2
Dec 13 2018 01: +0,132.109,3
Dec 14 2018 01: +0,147.871,2
Dec 15 2018 01: +0,124.535,2
Dec 16 2018 01: +0,144.674,2
Dec 17 2018 01: +0,142.155,2
Dec 18 2018 01: +0,144.216,3
Dec 19 2018 01: +0,133.691,2
Dec 20 2018 01: +0,138.637,3
Dec 21 2018 01: +0,134.361,2
Dec 22 2018 01: +0,144.214,1
Dec 23 2018 01: +0,140.714,2
Dec 24 2018 01: +0,150.283,1
Dec 25 2018 01: +0,154.268,4
Dec 27 2018 01: +0,145.95,4
Dec 28 2018 01: +0,159.245,1
Dec 29 2018 01: +0,131.284,1
Dec 30 2018 01: +0,142.857,5
Dec 31 2018 01: +0,131.734,1
Jan 02 2019 01: +0,144.294,3
Jan 03 2019 01: +0,129.8,1
Jan 04 2019 01: +0,147.647,3
Jan 05 2019 01: +0,148.246,3
Jan 07 2019 01: +0,149.17,3
Jan 08 2019 01: +0,162.868,3
Jan 09 2019 01: +0,149.773,2
Jan 11 2019 01: +0,146.218,7
Jan 12 2019 01: +0,151.019,3
Jan 13 2019 01: +0,135.39,1
Jan 14 2019 01: +0,150.304,2
Jan 15 2019 01: +0,135.901,5
Jan 16 2019 01: +0,146.225,2
Jan 17 2019 01: +0,159.005,2
Jan 18 2019 01: +0,164.603,3
Jan 19 2019 01: +0,126.449,3
Jan 22 2019 01: +0,159.393,3
Jan 23 2019 01: +0,164.009,4
Jan 24 2019 01: +0,146.191,3
Jan 25 2019 01: +0,169.3,1
Jan 26 2019 01: +0,155.678,4
Jan 27 2019 01: +0,151.737,1
Jan 28 2019 01: +0,165.24,2
Jan 29 2019 01: +0,168.198,2
Jan 30 2019 01: +0,170.187,1
Jan 31 2019 01: +0,154.664,3
Feb 02 2019 01: +0,159.359,7
Feb 03 2019 01: +0,155.53,2
Feb 05 2019 01: +0,143.738,1
Feb 06 2019 01: +0,161.201,4
Feb 08 2019 01: +0,143.26,1
Feb 09 2019 01: +0,156.719,6
Feb 10 2019 01: +0,152.083,2
Feb 11 2019 01: +0,139.839,1
Feb 12 2019 01: +0,159.345,2
Feb 14 2019 01: +0,154.669,1
Feb 15 2019 01: +0,152.132,3
Feb 16 2019 01: +0,153.862,3
Feb 17 2019 01: +0,142.379,1
Feb 18 2019 01: +0,168.003,1
Feb 19 2019 01: +0,167.983,1
Feb 21 2019 01: +0,142.607,1
Feb 23 2019 01: +0,158.664,2
Feb 24 2019 01: +0,140.95,2
Feb 25 2019 01: +0,166.755,1
Feb 26 2019 01: +0,166.521,4
Feb 27 2019 01: +0,151.978,2
Feb 28 2019 01: +0,174.03,2
Mar 01 2019 01: +0,178.496,1
Mar 02 2019 01: +0,162.285,4
Mar 03 2019 01: +0,158.1,4
Mar 04 2019 01: +0,165.896,3
Mar 05 2019 01: +0,169.629,1
Mar 06 2019 01: +0,171.643,2
Mar 07 2019 01: +0,174.084,1
Mar 09 2019 01: +0,185.4,2
Mar 10 2019 01: +0,189.411,1
Mar 11 2019 01: +0,176.763,2
Mar 12 2019 01: +0,187.471,1
Mar 13 2019 01: +0,185.579,2
Mar 15 2019 01: +0,214.728,2
Mar 16 2019 01: +0,173.928,3
Mar 17 2019 01: +0,157.585,2
Mar 18 2019 01: +0,153.589,3
Mar 19 2019 01: +0,187.022,1
Mar 21 2019 01: +0,156.49,1
Mar 22 2019 01: +0,178.204,3
Mar 23 2019 01: +0,183.712,1
Mar 25 2019 01: +0,172.5,3
Mar 26 2019 01: +0,160.26,2
Mar 27 2019 01: +0,166.774,2
Mar 28 2019 01: +0,170.74,2
Mar 29 2019 01: +0,161.32,6
Mar 30 2019 01: +0,150.735,2
Mar 31 2019 01: +0,153.719,3
Apr 01 2019 01: +0,161.47,3
Apr 02 2019 01: +0,174.552,2
Apr 03 2019 01: +0,148.781,2
Apr 04 2019 01: +0,158.922,4
Apr 05 2019 01: +0,176.1,2
Apr 06 2019 01: +0,166.133,3
Apr 07 2019 01: +0,176.004,1
Apr 08 2019 01: +0,175.555,3
Apr 10 2019 01: +0,187.98,1
Apr 12 2019 01: +0,179.706,1
Apr 13 2019 01: +0,182.061,1
Apr 14 2019 01: +0,178.01,1
Apr 16 2019 01: +0,177.338,2
Apr 18 2019 01: +0,173.366,2
Apr 20 2019 01: +0,179.647,2
Apr 21 2019 01: +0,158.4,1
Apr 22 2019 01: +0,168.506,1
Apr 23 2019 01: +0,187.426,3
Apr 24 2019 01: +0,194.877,1
Apr 25 2019 01: +0,177.408,1
Apr 26 2019 01: +0,174.158,5
Apr 27 2019 01: +0,163.837,3
Apr 28 2019 01: +0,179.287,2
Apr 30 2019 01: +0,170.75,2
May 01 2019 01: +0,176.586,2
May 04 2019 01: +0,188.266,5
May 06 2019 01: +0,199.227,1
May 07 2019 01: +0,199.11,1
May 08 2019 01: +0,180.828,2
May 10 2019 01: +0,181.174,1
May 11 2019 01: +0,187.035,2
May 12 2019 01: +0,179.585,1
May 13 2019 01: +0,187.267,2
May 15 2019 01: +0,173.668,1
May 16 2019 01: +0,175.247,1
May 17 2019 01: +0,186.108,3
May 18 2019 01: +0,177.534,1
May 19 2019 01: +0,182.322,1
May 20 2019 01: +0,178.702,4
May 22 2019 01: +0,178.33,1
May 23 2019 01: +0,192.05,1
May 24 2019 01: +0,192.938,1
May 25 2019 01: +0,192.379,1
May 27 2019 01: +0,184.925,2
May 28 2019 01: +0,176.733,2
May 29 2019 01: +0,196.008,1
May 30 2019 01: +0,188.747,3
May 31 2019 01: +0,185.703,2
Jun 02 2019 01: +0,200.096,1
Jun 03 2019 01: +0,195.257,1
Jun 04 2019 01: +0,195.779,2
Jun 05 2019 01: +0,194.803,2
Jun 06 2019 01: +0,201.396,2
Jun 07 2019 01: +0,193.879,1
Jun 08 2019 01: +0,193.663,3
Jun 09 2019 01: +0,199.756,2
Jun 10 2019 01: +0,185.32,1
Jun 13 2019 01: +0,193.592,2
Jun 14 2019 01: +0,172.499,1
Jun 15 2019 01: +0,129.1,1
Jun 16 2019 01: +0,202.151,2
Jun 18 2019 01: +0,206.999,1
Jun 19 2019 01: +0,195.839,1
Jun 20 2019 01: +0,196.346,1
Jun 21 2019 01: +0,194.046,2
Jun 22 2019 01: +0,187.483,1
Jun 23 2019 01: +0,185.882,1
Jun 24 2019 01: +0,195.033,4
Jun 26 2019 01: +0,188.643,2
Jun 27 2019 01: +0,184.703,2
Jun 28 2019 01: +0,194.35,1
Jun 29 2019 01: +0,194.478,1
Jul 01 2019 01: +0,200,2
Jul 02 2019 01: +0,198.174,2
Jul 03 2019 01: +0,186.534,1
Jul 04 2019 01: +0,208.55,2
Jul 05 2019 01: +0,198.337,2
Jul 06 2019 01: +0,166.882,1
Jul 07 2019 01: +0,200.98,3
Jul 08 2019 01: +0,213.425,2
Jul 09 2019 01: +0,217.486,1
Jul 10 2019 01: +0,207.196,1
Jul 11 2019 01: +0,196.3,1
Jul 12 2019 01: +0,210.485,2
Jul 16 2019 01: +0,211.664,1
Jul 17 2019 01: +0,200.525,2
Jul 18 2019 01: +0,191.299,1
Jul 20 2019 01: +0,218.501,1
Jul 22 2019 01: +0,203.519,2
Jul 23 2019 01: +0,230.002,1
Jul 24 2019 01: +0,216.57,1
Jul 25 2019 01: +0,198.031,2
Jul 27 2019 01: +0,225.027,2
Jul 30 2019 01: +0,219.166,2
Aug 01 2019 01: +0,212.955,4
Aug 02 2019 01: +0,223.391,3
Aug 05 2019 01: +0,217.977,3
Aug 06 2019 01: +0,249.043,1
Aug 07 2019 01: +0,202.685,1
Aug 09 2019 01: +0,230,1
Aug 10 2019 01: +0,208.551,4
Aug 11 2019 01: +0,195.878,1
Aug 12 2019 01: +0,218.8,1
Aug 13 2019 01: +0,235.746,1
Aug 17 2019 01: +0,201.648,4
Aug 18 2019 01: +0,204.271,1
Aug 19 2019 01: +0,196.47,1
Aug 20 2019 01: +0,233.77,1
Aug 21 2019 01: +0,193.313,2
Aug 23 2019 01: +0,219.515,3
Aug 27 2019 01: +0,208.012,1
Aug 28 2019 01: +0,234.992,1
Aug 29 2019 01: +0,205.786,2
Aug 30 2019 01: +0,228.681,1
Aug 31 2019 01: +0,233.955,2
Sep 01 2019 01: +0,211.666,3
Sep 02 2019 01: +0,226.613,2
Sep 03 2019 01: +0,201.205,1
Sep 04 2019 01: +0,214.095,2
Sep 05 2019 01: +0,215.464,2
Sep 06 2019 01: +0,221.61,1
Sep 07 2019 01: +0,238.498,2
Sep 08 2019 01: +0,213.061,1
Sep 09 2019 01: +0,251.136,2
Sep 11 2019 01: +0,218.851,1
Sep 15 2019 01: +0,230.001,1
Sep 16 2019 01: +0,250,1
Sep 17 2019 01: +0,240.006,1
Sep 18 2019 01: +0,222.146,3
Sep 20 2019 01: +0,265.367,1
Sep 23 2019 01: +0,232.934,2
Sep 24 2019 01: +0,247.79,1
Sep 25 2019 01: +0,229.997,1
Sep 26 2019 01: +0,225.039,1
Sep 28 2019 01: +0,221.432,3
Sep 29 2019 01: +0,233.01,2
Oct 01 2019 01: +0,229.175,2
Oct 02 2019 01: +0,248.17,1
Oct 03 2019 01: +0,240.193,4
Oct 04 2019 01: +0,234.582,3
Oct 10 2019 01: +0,217.516,3
Oct 12 2019 01: +0,228.353,1
Oct 13 2019 01: +0,229.999,1
Oct 14 2019 01: +0,218.719,2
Oct 15 2019 01: +0,193.463,2
Oct 16 2019 01: +0,228.62,2
Oct 17 2019 01: +0,237.368,4
Oct 18 2019 01: +0,232.302,2
Oct 19 2019 01: +0,209.85,1
Oct 22 2019 01: +0,218.837,2
Oct 25 2019 01: +0,190.14,1
Oct 27 2019 01: +0,210.564,2
Oct 28 2019 01: +0,219.13,1
Oct 29 2019 01: +0,191.491,2
Oct 30 2019 01: +0,212.991,2
Nov 01 2019 01: +0,214.73,2
Nov 02 2019 01: +0,196.779,3
Nov 03 2019 01: +0,217.286,1
Nov 04 2019 01: +0,215.292,2
Nov 05 2019 01: +0,198.535,2
Nov 07 2019 01: +0,221.459,1
Nov 08 2019 01: +0,235.24,1
Nov 09 2019 01: +0,205.009,2
Nov 10 2019 01: +0,208.576,1
Nov 12 2019 01: +0,208.286,1
Nov 13 2019 01: +0,244.124,1
Nov 14 2019 01: +0,227.361,3
Nov 15 2019 01: +0,219.909,1
Nov 16 2019 01: +0,242.11,1
Nov 18 2019 01: +0,246.277,1
Nov 20 2019 01: +0,130,1
Nov 21 2019 01: +0,173.739,2
Nov 22 2019 01: +0,191.869,2
Nov 23 2019 01: +0,209.564,1
Nov 24 2019 01: +0,204.445,2
Nov 25 2019 01: +0,153.539,3
Nov 27 2019 01: +0,183.32,1
Nov 28 2019 01: +0,181.574,1
Nov 29 2019 01: +0,200.671,2
Dec 02 2019 01: +0,195.5,1
Dec 03 2019 01: +0,175.935,1
Dec 04 2019 01: +0,197.381,3
Dec 05 2019 01: +0,178.252,1
Dec 06 2019 01: +0,214.45,1
Dec 07 2019 01: +0,213.684,2
Dec 08 2019 01: +0,201.484,2
Dec 10 2019 01: +0,200.004,1
Dec 12 2019 01: +0,232.434,1
Dec 13 2019 01: +0,199.495,2
Dec 14 2019 01: +0,228.217,1
Dec 15 2019 01: +0,208.977,1
Dec 16 2019 01: +0,191.89,1
Dec 18 2019 01: +0,227.733,2
Dec 20 2019 01: +0,253.88,1
Dec 22 2019 01: +0,218.737,2
Dec 24 2019 01: +0,239.672,2
Dec 25 2019 01: +0,199.486,2
Dec 26 2019 01: +0,232.373,3
Dec 27 2019 01: +0,241.124,2
Dec 28 2019 01: +0,214.186,2
Dec 29 2019 01: +0,207.77,1
Dec 30 2019 01: +0,249.993,2
Dec 31 2019 01: +0,214.395,4
Jan 01 2020 01: +0,223.051,4
Jan 02 2020 01: +0,221.776,4
Jan 03 2020 01: +0,201.01,1
Jan 04 2020 01: +0,224.329,4
Jan 06 2020 01: +0,217.5,3
Jan 07 2020 01: +0,238.945,3
Jan 08 2020 01: +0,226.464,1
Jan 09 2020 01: +0,224.205,2
Jan 10 2020 01: +0,218.489,1
Jan 11 2020 01: +0,233.429,2
Jan 12 2020 01: +0,226.013,3
Jan 13 2020 01: +0,223.647,1
Jan 14 2020 01: +0,228.042,3
Jan 16 2020 01: +0,257.423,2
Jan 17 2020 01: +0,220.005,1
Jan 18 2020 01: +0,218.198,2
Jan 19 2020 01: +0,244,1
Jan 21 2020 01: +0,219.651,2
Jan 22 2020 01: +0,244.267,1
Jan 24 2020 01: +0,221.61,1
Jan 25 2020 01: +0,230.456,1
Jan 26 2020 01: +0,214.558,2
Jan 27 2020 01: +0,206.814,1
Jan 28 2020 01: +0,227.58,2
Jan 29 2020 01: +0,227.928,2
Jan 30 2020 01: +0,244.9,1
Jan 31 2020 01: +0,215.483,3
Feb 01 2020 01: +0,235.014,1
Feb 03 2020 01: +0,259.556,1
Feb 04 2020 01: +0,223.248,2
Feb 05 2020 01: +0,221.173,2
Feb 06 2020 01: +0,215.836,3
Feb 07 2020 01: +0,215.646,1
Feb 09 2020 01: +0,258.974,3
Feb 10 2020 01: +0,276.278,1
Feb 11 2020 01: +0,219.5,1
Feb 14 2020 01: +0,254.885,1
Feb 16 2020 01: +0,245.192,2
Feb 17 2020 01: +0,260.352,4
Feb 18 2020 01: +0,223.219,2
Feb 20 2020 01: +0,258.815,2
Feb 21 2020 01: +0,214.002,1
Feb 24 2020 01: +0,218.42,1
Feb 25 2020 01: +0,231.29,1
Feb 26 2020 01: +0,235.151,4
Feb 27 2020 01: +0,250.209,3
Feb 28 2020 01: +0,261.851,1
Feb 29 2020 01: +0,220.39,1
Mar 01 2020 01: +0,216.715,2
Mar 02 2020 01: +0,214.903,1
Mar 03 2020 01: +0,207,1
Mar 05 2020 01: +0,219.768,1
Mar 06 2020 01: +0,215.03,2
Mar 07 2020 01: +0,249.523,1
Mar 08 2020 01: +0,223.64,1
Mar 09 2020 01: +0,247.996,1
Mar 10 2020 01: +0,249.28,1
Mar 11 2020 01: +0,220.403,2
Mar 12 2020 01: +0,225.612,2
Mar 13 2020 01: +0,225.561,3
Mar 15 2020 01: +0,238.61,2
Mar 16 2020 01: +0,229.223,1
Mar 17 2020 01: +0,215,1
Mar 20 2020 01: +0,214.283,2
Mar 21 2020 01: +0,219.494,4
Mar 23 2020 01: +0,220.65,2
Mar 24 2020 01: +0,188.027,1
Mar 25 2020 01: +0,210.064,3
Mar 26 2020 01: +0,242.222,1
Mar 27 2020 01: +0,213.414,2
Mar 28 2020 01: +0,191.138,2
Mar 29 2020 01: +0,234.61,1
Mar 30 2020 01: +0,252.935,1
Mar 31 2020 01: +0,193.155,3
Apr 02 2020 01: +0,223.883,10
Apr 03 2020 01: +0,215.712,2
Apr 04 2020 01: +0,237.257,1
Apr 05 2020 01: +0,218.96,2
Apr 06 2020 01: +0,206.372,2
Apr 07 2020 01: +0,209.281,3
Apr 08 2020 01: +0,230.591,4
Apr 09 2020 01: +0,221.494,3
Apr 10 2020 01: +0,231.164,2
Apr 11 2020 01: +0,217.628,3
Apr 12 2020 01: +0,229.728,3
Apr 13 2020 01: +0,230.75,1
Apr 14 2020 01: +0,229.492,2
Apr 15 2020 01: +0,240,1
Apr 16 2020 01: +0,241.135,2
Apr 17 2020 01: +0,220.054,2
Apr 18 2020 01: +0,232.894,3
Apr 19 2020 01: +0,208.818,2
Apr 20 2020 01: +0,229.025,2
Apr 21 2020 01: +0,236.27,2
Apr 23 2020 01: +0,222.511,5
Apr 24 2020 01: +0,246.008,1
Apr 25 2020 01: +0,216.742,2
Apr 26 2020 01: +0,232.885,1
Apr 27 2020 01: +0,224.879,2
Apr 28 2020 01: +0,242.056,2
Apr 29 2020 01: +0,255.119,1
Apr 30 2020 01: +0,260.68,1
May 01 2020 01: +0,259.017,1
May 02 2020 01: +0,257.473,4
May 03 2020 01: +0,243.341,3
May 04 2020 01: +0,242.202,2
May 05 2020 01: +0,234.184,2
May 06 2020 01: +0,242.131,4
May 07 2020 01: +0,228.986,3
May 08 2020 01: +0,237.581,3
May 09 2020 01: +0,256.574,3
May 10 2020 01: +0,254.116,4
May 11 2020 01: +0,267.558,2
May 12 2020 01: +0,281.142,1
May 13 2020 01: +0,224.015,2
May 16 2020 01: +0,273.978,1
May 17 2020 01: +0,234.78,2
May 18 2020 01: +0,254.484,2
May 19 2020 01: +0,265.315,2
May 20 2020 01: +0,233.178,2
May 21 2020 01: +0,230.433,1
May 22 2020 01: +0,267.045,2
May 23 2020 01: +0,244.094,3
May 24 2020 01: +0,240.993,2
May 25 2020 01: +0,236.156,4
May 26 2020 01: +0,231.674,3
May 27 2020 01: +0,215.212,3
May 28 2020 01: +0,235.819,2
May 29 2020 01: +0,243.27,1
May 30 2020 01: +0,244.53,1
May 31 2020 01: +0,271.923,1
Jun 01 2020 01: +0,216.299,1
Jun 02 2020 01: +0,263.2,1
Jun 03 2020 01: +0,257.247,4
Jun 04 2020 01: +0,246.872,2
Jun 05 2020 01: +0,258.241,1
Jun 06 2020 01: +0,222.652,3
Jun 07 2020 01: +0,248.139,3
Jun 09 2020 01: +0,221.198,2
Jun 11 2020 01: +0,233.521,4
Jun 12 2020 01: +0,221.904,2
Jun 14 2020 01: +0,214.526,1
Jun 15 2020 01: +0,245.747,1
Jun 18 2020 01: +0,250.95,1
Jun 19 2020 01: +0,239.606,2
Jun 20 2020 01: +0,256.785,1
Jun 21 2020 01: +0,216.4,1
Jun 22 2020 01: +0,230.348,3
Jun 23 2020 01: +0,242.811,1
Jun 26 2020 01: +0,212.223,3
Jun 28 2020 01: +0,207.041,2
Jun 29 2020 01: +0,207.998,2
Jun 30 2020 01: +0,225.01,1
Jul 01 2020 01: +0,221.771,3
Jul 03 2020 01: +0,243.17,3
Jul 04 2020 01: +0,252,1
Jul 05 2020 01: +0,249.954,3
Jul 07 2020 01: +0,229.854,1
Jul 08 2020 01: +0,239.602,3
Jul 09 2020 01: +0,227.072,4
Jul 10 2020 01: +0,260.59,1
Jul 11 2020 01: +0,232.131,1
Jul 12 2020 01: +0,249.793,2
Jul 14 2020 01: +0,239.133,2
Jul 15 2020 01: +0,245.48,2
Jul 16 2020 01: +0,243.078,1
Jul 18 2020 01: +0,246.072,2
Jul 19 2020 01: +0,262.608,2
Jul 20 2020 01: +0,245.523,3
Jul 22 2020 01: +0,230.168,2
Jul 23 2020 01: +0,235.726,3
Jul 24 2020 01: +0,257.617,2
Jul 25 2020 01: +0,264.017,1
Jul 28 2020 01: +0,243.006,1
Jul 29 2020 01: +0,275.132,2
Jul 31 2020 01: +0,249.55,1
Aug 01 2020 01: +0,217.307,1
Aug 02 2020 01: +0,278.92,1
Aug 03 2020 01: +0,279.339,1
Aug 05 2020 01: +0,267.942,3
Aug 06 2020 01: +0,310.08,1
Aug 08 2020 01: +0,256.895,1
Aug 09 2020 01: +0,258.054,3
Aug 10 2020 01: +0,261.95,2
Aug 11 2020 01: +0,239.098,3
Aug 12 2020 01: +0,279.37,1
Aug 13 2020 01: +0,228.4,1
Aug 14 2020 01: +0,256.793,4
Aug 16 2020 01: +0,264.51,1
Aug 17 2020 01: +0,244.569,3
Aug 18 2020 01: +0,255.759,3
Aug 21 2020 01: +0,261.607,2
Aug 22 2020 01: +0,244.873,3
Aug 23 2020 01: +0,231.012,1
Aug 24 2020 01: +0,259.994,1
Aug 25 2020 01: +0,232.082,2
Aug 26 2020 01: +0,229.493,1
Aug 27 2020 01: +0,244.044,5
Aug 28 2020 01: +0,222.36,1
Aug 29 2020 01: +0,223.344,2
Aug 30 2020 01: +0,261.033,1
Aug 31 2020 01: +0,268.026,2
Sep 01 2020 01: +0,260.037,2
Sep 03 2020 01: +0,271.559,2
Sep 04 2020 01: +0,242.585,3
Sep 06 2020 01: +0,224.78,1
Sep 09 2020 01: +0,249.882,5
Sep 10 2020 01: +0,277.195,1
Sep 11 2020 01: +0,228.96,1
Sep 12 2020 01: +0,277.89,1
Sep 13 2020 01: +0,229.97,1
Sep 14 2020 01: +0,251.989,1
Sep 16 2020 01: +0,249.998,2
Sep 17 2020 01: +0,230.16,1
Sep 18 2020 01: +0,249.79,2
Sep 19 2020 01: +0,271.053,2
Sep 20 2020 01: +0,277.4,1
Sep 22 2020 01: +0,268.859,1
Sep 24 2020 01: +0,271.23,1
Sep 25 2020 01: +0,267.136,3
Sep 27 2020 01: +0,258.75,1
Sep 29 2020 01: +0,235.523,1
Sep 30 2020 01: +0,228.63,1
Oct 03 2020 01: +0,236.495,2
Oct 04 2020 01: +0,234.01,2
Oct 05 2020 01: +0,239.02,1
Oct 06 2020 01: +0,244.508,2
Oct 08 2020 01: +0,252.097,4
Oct 09 2020 01: +0,260.323,3
Oct 11 2020 01: +0,223.92,1
Oct 14 2020 01: +0,242,1
Oct 15 2020 01: +0,244.225,2
Oct 16 2020 01: +0,241.7,1
Oct 17 2020 01: +0,247.127,3
Oct 20 2020 01: +0,250.313,2
Oct 21 2020 01: +0,235.32,1
Oct 22 2020 01: +0,233.295,2
Oct 24 2020 01: +0,237.078,1
Oct 26 2020 01: +0,235.06,1
Oct 27 2020 01: +0,247.044,2
Oct 28 2020 01: +0,252.854,1
Oct 29 2020 01: +0,248.455,2
Oct 31 2020 01: +0,227.78,1
Nov 04 2020 01: +0,223.668,1
Nov 05 2020 01: +0,224.575,2
Nov 06 2020 01: +0,221.96,1
Nov 07 2020 01: +0,213.8,2
Nov 08 2020 01: +0,224.09,2
Nov 09 2020 01: +0,225.2,1
Nov 11 2020 01: +0,226.26,2
Nov 12 2020 01: +0,236.624,3
Nov 15 2020 01: +0,244.513,3
Nov 18 2020 01: +0,248.236,2
Nov 20 2020 01: +0,267.26,1
Nov 21 2020 01: +0,232.266,1
Nov 23 2020 01: +0,241.856,1
Nov 24 2020 01: +0,257.034,2
Nov 25 2020 01: +0,227.13,1
Nov 27 2020 01: +0,224.26,1
Nov 28 2020 01: +0,240.629,2
Dec 03 2020 01: +0,221.459,2
Dec 04 2020 01: +0,274.574,1
Dec 05 2020 01: +0,229.282,2
Dec 06 2020 01: +0,230.867,1
Dec 07 2020 01: +0,225.363,2
Dec 08 2020 01: +0,234.784,2
Dec 09 2020 01: +0,226.358,1
Dec 11 2020 01: +0,226.359,4
Dec 13 2020 01: +0,276.25,3
Dec 15 2020 01: +0,241.307,2
Dec 16 2020 01: +0,214.33,4
Dec 17 2020 01: +0,258.338,1
Dec 18 2020 01: +0,217.135,4
Dec 19 2020 01: +0,210,1
Dec 20 2020 01: +0,226.263,2
Dec 21 2020 01: +0,241.979,3
Dec 22 2020 01: +0,249.886,1
Dec 23 2020 01: +0,252.99,1
Dec 24 2020 01: +0,256.01,4
Dec 25 2020 01: +0,254.94,3
Dec 26 2020 01: +0,299.83,1
Dec 28 2020 01: +0,265.915,2
Dec 29 2020 01: +0,236.089,2
Dec 30 2020 01: +0,277.496,3
Dec 31 2020 01: +0,238.747,3
Jan 01 2021 01: +0,240.25,1
Jan 03 2021 01: +0,233.14,1
Jan 04 2021 01: +0,294.26,1
Jan 05 2021 01: +0,269.275,4
Jan 06 2021 01: +0,281.9,1
Jan 07 2021 01: +0,294.361,2
Jan 08 2021 01: +0,285.712,4
Jan 11 2021 01: +0,326.08,1
Jan 13 2021 01: +0,286.209,1
Jan 14 2021 01: +0,279.48,1
Jan 15 2021 01: +0,277.815,3
Jan 17 2021 01: +0,259.05,1
Jan 18 2021 01: +0,277.88,3
Jan 19 2021 01: +0,278.592,2
Jan 21 2021 01: +0,270.576,2
Jan 22 2021 01: +0,277.047,2
Jan 23 2021 01: +0,249.98,1
Jan 24 2021 01: +0,288.372,4
Jan 25 2021 01: +0,251.82,1
Jan 26 2021 01: +0,253.617,4
Jan 27 2021 01: +0,335.515,1
Jan 28 2021 01: +0,274.185,2
Jan 29 2021 01: +0,322.82,1
Jan 30 2021 01: +0,278.197,3
Jan 31 2021 01: +0,285.368,2
Feb 01 2021 01: +0,248.94,1
Feb 02 2021 01: +0,283.764,3
Feb 05 2021 01: +0,293.677,1
Feb 06 2021 01: +0,240.19,1
Feb 07 2021 01: +0,260.913,2
Feb 08 2021 01: +0,264.666,3
Feb 09 2021 01: +0,280.673,2
Feb 10 2021 01: +0,282.077,3
Feb 11 2021 01: +0,290,1
Feb 12 2021 01: +0,308.754,1
Feb 13 2021 01: +0,254.8,2
Feb 14 2021 01: +0,291.693,1
Feb 15 2021 01: +0,273.642,2
Feb 16 2021 01: +0,242.004,1
Feb 17 2021 01: +0,228.676,1
Feb 18 2021 01: +0,259.906,3
Feb 20 2021 01: +0,243.74,1
Feb 21 2021 01: +0,244.61,1
Feb 22 2021 01: +0,252.491,4
Feb 23 2021 01: +0,270.32,2
Feb 24 2021 01: +0,281.809,2
Feb 26 2021 01: +0,284.909,3
Feb 27 2021 01: +0,301.04,1
Mar 01 2021 01: +0,304.151,1
Mar 02 2021 01: +0,286.074,2
Mar 03 2021 01: +0,298.596,2
Mar 04 2021 01: +0,276.448,2
Mar 06 2021 01: +0,285.001,1
Mar 07 2021 01: +0,302.657,4
Mar 08 2021 01: +0,296.339,2
Mar 09 2021 01: +0,266.635,1
Mar 10 2021 01: +0,269.761,2
Mar 11 2021 01: +0,305.02,1
Mar 12 2021 01: +0,286.448,3
Mar 13 2021 01: +0,285.021,3
Mar 16 2021 01: +0,270.83,2
Mar 17 2021 01: +0,279.988,5
Mar 18 2021 01: +0,301.384,1
Mar 19 2021 01: +0,303.824,4
Mar 22 2021 01: +0,307.265,2
Mar 23 2021 01: +0,265.32,2
Mar 24 2021 01: +0,267.629,3
Mar 26 2021 01: +0,295.93,4
Mar 27 2021 01: +0,303.925,2
Mar 28 2021 01: +0,316.802,2
Mar 29 2021 01: +0,272.63,1
Mar 30 2021 01: +0,267.993,2
Mar 31 2021 01: +0,264.913,3
Apr 01 2021 01: +0,289.96,2
Apr 03 2021 01: +0,316.418,1
Apr 04 2021 01: +0,313.775,4
Apr 05 2021 01: +0,300.033,2
Apr 06 2021 01: +0,349.19,1
Apr 07 2021 01: +0,290.6,1
Apr 08 2021 01: +0,302.902,2
Apr 09 2021 01: +0,337.1,1
Apr 10 2021 01: +0,322.443,2
Apr 11 2021 01: +0,299.257,2
Apr 12 2021 01: +0,273.653,3
Apr 13 2021 01: +0,303.941,1
Apr 14 2021 01: +0,272.58,1
Apr 15 2021 01: +0,318.966,2
Apr 16 2021 01: +0,335.466,2
Apr 17 2021 01: +0,343.92,1
Apr 18 2021 01: +0,299.993,1
Apr 20 2021 01: +0,337.8,1
Apr 23 2021 01: +0,286.187,1
Apr 25 2021 01: +0,300.013,1
Apr 26 2021 01: +0,318.118,2
Apr 27 2021 01: +0,320.992,3
Apr 29 2021 01: +0,280.2,1
Apr 30 2021 01: +0,279.082,4
May 01 2021 01: +0,270.478,3
May 02 2021 01: +0,295.5,3
May 03 2021 01: +0,338.474,1
May 04 2021 01: +0,278.22,1
May 05 2021 01: +0,322.497,1
May 06 2021 01: +0,323.967,1
May 07 2021 01: +0,309.311,2
May 08 2021 01: +0,278.25,1
May 09 2021 01: +0,300.048,4
May 10 2021 01: +0,295.822,6
May 11 2021 01: +0,280,2
May 12 2021 01: +0,311.542,3
May 13 2021 01: +0,290.83,1
May 15 2021 01: +0,292.265,1
May 16 2021 01: +0,278.96,1
May 17 2021 01: +0,309.878,2
May 18 2021 01: +0,318.349,2
May 19 2021 01: +0,331.06,1
May 20 2021 01: +0,297.814,1
May 21 2021 01: +0,308.795,1
May 22 2021 01: +0,321.614,2
May 23 2021 01: +0,299,2
May 24 2021 01: +0,298.639,1
May 25 2021 01: +0,314.675,2
May 27 2021 01: +0,298.08,1
May 29 2021 01: +0,317.79,2
May 30 2021 01: +0,319.456,2
May 31 2021 01: +0,313.099,3
Jun 01 2021 01: +0,331.993,1
Jun 02 2021 01: +0,312.348,2
Jun 03 2021 01: +0,300.201,4
Jun 04 2021 01: +0,321.976,1
Jun 05 2021 01: +0,324.581,4
Jun 06 2021 01: +0,280.31,2
Jun 07 2021 01: +0,308.007,2
Jun 08 2021 01: +0,329.131,1
Jun 10 2021 01: +0,339.189,2
Jun 11 2021 01: +0,320.377,2
Jun 12 2021 01: +0,335.358,3
Jun 13 2021 01: +0,330.015,1
Jun 14 2021 01: +0,294,1
Jun 16 2021 01: +0,291.25,1
Jun 17 2021 01: +0,288.27,1
Jun 18 2021 01: +0,280.51,1
Jun 19 2021 01: +0,283.897,3
Jun 20 2021 01: +0,308.007,2
Jun 22 2021 01: +0,327.23,1
Jun 24 2021 01: +0,289.066,3
Jun 25 2021 01: +0,301.952,1
Jun 26 2021 01: +0,274.53,1
Jun 29 2021 01: +0,274.21,1
Jul 01 2021 01: +0,266.61,2
Jul 02 2021 01: +0,284.256,3
Jul 03 2021 01: +0,256.623,1
Jul 04 2021 01: +0,251.335,2
Jul 05 2021 01: +0,315.779,1
Jul 06 2021 01: +0,295.375,1
Jul 07 2021 01: +0,318.18,1
Jul 08 2021 01: +0,320.98,1
Jul 09 2021 01: +0,283.396,2
Jul 13 2021 01: +0,274.468,2
Jul 14 2021 01: +0,273.616,2
Jul 15 2021 01: +0,291.086,2
Jul 16 2021 01: +0,255.77,1
Jul 17 2021 01: +0,262.585,2
Jul 20 2021 01: +0,273.171,3
Jul 22 2021 01: +0,273.496,2
Jul 23 2021 01: +0,273.61,2
Jul 24 2021 01: +0,298.001,1
Jul 25 2021 01: +0,298.869,2
Jul 26 2021 01: +0,300.466,3
Jul 28 2021 01: +0,342.725,1
Aug 02 2021 01: +0,267,3
Aug 03 2021 01: +0,298.013,3
Aug 04 2021 01: +0,270.04,1
Aug 05 2021 01: +0,281.61,4
Aug 07 2021 01: +0,253,1
Aug 08 2021 01: +0,286.376,3
Aug 09 2021 01: +0,306.157,2
Aug 11 2021 01: +0,308.019,2
Aug 12 2021 01: +0,284.049,3
Aug 14 2021 01: +0,315.51,1
Aug 17 2021 01: +0,258.566,4
Aug 19 2021 01: +0,282.995,3
Aug 20 2021 01: +0,246.647,3
Aug 21 2021 01: +0,291.633,2
Aug 22 2021 01: +0,246.673,3
Aug 23 2021 01: +0,345.939,1
Aug 24 2021 01: +0,249.18,1
Aug 25 2021 01: +0,305.24,1
Aug 26 2021 01: +0,303.621,1
Aug 28 2021 01: +0,307.9,1
Aug 29 2021 01: +0,251.479,1
Aug 30 2021 01: +0,280.62,2
Sep 01 2021 01: +0,263.175,5
Sep 03 2021 01: +0,264.763,3
Sep 04 2021 01: +0,256.62,2
Sep 05 2021 01: +0,287.154,1
Sep 06 2021 01: +0,270.911,4
Sep 07 2021 01: +0,291.513,3
Sep 08 2021 01: +0,249.98,1
Sep 09 2021 01: +0,275.269,1
Sep 10 2021 01: +0,252.62,2
Sep 11 2021 01: +0,259.602,1
Sep 14 2021 01: +0,274.095,2
Sep 15 2021 01: +0,289.928,1
Sep 16 2021 01: +0,268.257,2
Sep 17 2021 01: +0,293.813,1
Sep 18 2021 01: +0,301.362,3
Sep 20 2021 01: +0,278.615,3
Sep 21 2021 01: +0,262.17,4
Sep 22 2021 01: +0,226.97,3
Sep 23 2021 01: +0,187.64,1
Sep 24 2021 01: +0,242.988,3
Sep 26 2021 01: +0,228.452,1
Sep 27 2021 01: +0,226.817,2
Sep 28 2021 01: +0,228.265,2
Sep 29 2021 01: +0,224.667,3
Sep 30 2021 01: +0,254.56,3
Oct 01 2021 01: +0,264.29,1
Oct 02 2021 01: +0,261.386,2
Oct 03 2021 01: +0,238.115,4
Oct 04 2021 01: +0,260.124,2
Oct 05 2021 01: +0,257.727,4
Oct 06 2021 01: +0,293.98,1
Oct 07 2021 01: +0,282.464,2
Oct 08 2021 01: +0,285.365,1
Oct 09 2021 01: +0,241.53,1
Oct 10 2021 01: +0,251.545,7
Oct 11 2021 01: +0,275.118,1
Oct 12 2021 01: +0,241,1
Oct 15 2021 01: +0,266.57,1
Oct 17 2021 01: +0,263.327,2
Oct 20 2021 01: +0,309.46,1
Oct 21 2021 01: +0,264.803,1
Oct 22 2021 01: +0,257.085,3
Oct 24 2021 01: +0,257.572,2
Oct 26 2021 01: +0,227.81,1
Oct 27 2021 01: +0,254.757,2
Oct 28 2021 01: +0,256.504,4
Oct 29 2021 01: +0,258.222,3
Oct 30 2021 01: +0,254.607,4
Nov 01 2021 01: +0,248.533,2
Nov 02 2021 01: +0,275.749,1
Nov 03 2021 01: +0,232.5,1
Nov 04 2021 01: +0,233.825,2
Nov 05 2021 01: +0,258.96,1
Nov 06 2021 01: +0,248.383,4
Nov 07 2021 01: +0,265.791,2
Nov 08 2021 01: +0,237.168,1
Nov 09 2021 01: +0,269.558,1
Nov 12 2021 01: +0,243.524,6
Nov 13 2021 01: +0,251.355,2
Nov 14 2021 01: +0,271.203,2
Nov 15 2021 01: +0,242.35,3
Nov 17 2021 01: +0,280.081,2
Nov 18 2021 01: +0,250.496,2
Nov 19 2021 01: +0,247.638,3
Nov 20 2021 01: +0,235.616,1
Nov 21 2021 01: +0,269,1
Nov 22 2021 01: +0,276.933,3
Nov 23 2021 01: +0,227.06,1
Nov 26 2021 01: +0,238.851,3
Nov 27 2021 01: +0,226.621,1
Nov 29 2021 01: +0,228.39,1
Nov 30 2021 01: +0,261.429,2
Dec 01 2021 01: +0,243,3
Dec 02 2021 01: +0,262.394,3
Dec 03 2021 01: +0,290.007,1
Dec 04 2021 01: +0,247.763,5
Dec 05 2021 01: +0,241.09,1
Dec 06 2021 01: +0,250.684,3
Dec 10 2021 01: +0,261.777,3
Dec 11 2021 01: +0,262.63,1
Dec 13 2021 01: +0,276.66,1
Dec 16 2021 01: +0,238.34,1
Dec 18 2021 01: +0,237.87,1
Dec 19 2021 01: +0,287.5,1
Dec 20 2021 01: +0,273.41,2
Dec 21 2021 01: +0,269.716,2
Dec 23 2021 01: +0,236.688,4
Dec 24 2021 01: +0,269.898,1
Dec 25 2021 01: +0,269.806,2
Dec 26 2021 01: +0,267.618,3
Dec 27 2021 01: +0,251.875,1
Dec 29 2021 01: +0,338.079,1
Dec 30 2021 01: +0,260.581,1
Dec 31 2021 01: +0,297.1,2
Jan 01 2022 01: +0,290.086,2
Jan 02 2022 01: +0,310.456,1
Jan 03 2022 01: +0,272.175,2
Jan 04 2022 01: +0,275.012,4
Jan 05 2022 01: +0,312.745,2
Jan 06 2022 01: +0,264.011,5
Jan 11 2022 01: +0,289.031,2
Jan 13 2022 01: +0,267.027,2
Jan 16 2022 01: +0,294.874,1
Jan 18 2022 01: +0,266.72,1
Jan 19 2022 01: +0,293.042,5
Jan 20 2022 01: +0,293.076,2
Jan 21 2022 01: +0,278.906,2
Jan 22 2022 01: +0,265.813,2
Jan 23 2022 01: +0,275.311,3
Jan 24 2022 01: +0,282.789,3
Jan 25 2022 01: +0,254.1,1
Jan 27 2022 01: +0,299.856,2
Jan 28 2022 01: +0,254.19,1
Jan 30 2022 01: +0,254.12,1
Jan 31 2022 01: +0,248.72,1
Feb 02 2022 01: +0,283.431,1
Feb 04 2022 01: +0,251,1
Feb 05 2022 01: +0,313.902,1
Feb 06 2022 01: +0,313.415,2
Feb 10 2022 01: +0,287.322,3
Feb 11 2022 01: +0,245.74,2
Feb 12 2022 01: +0,251.726,5
Feb 13 2022 01: +0,271.21,4
Feb 14 2022 01: +0,306.101,1
Feb 16 2022 01: +0,285.886,2
Feb 19 2022 01: +0,256.14,3
Feb 20 2022 01: +0,283.908,2
Feb 21 2022 01: +0,309.7,1
Feb 25 2022 01: +0,309.403,1
Feb 26 2022 01: +0,252.45,2
Feb 27 2022 01: +0,277.458,2
Feb 28 2022 01: +0,276.898,2
Mar 01 2022 01: +0,303.013,1
Mar 02 2022 01: +0,288.417,3
Mar 05 2022 01: +0,281.129,2
Mar 06 2022 01: +0,278.069,4
Mar 07 2022 01: +0,275.07,3
Mar 08 2022 01: +0,256.511,2
Mar 09 2022 01: +0,287.051,2
Mar 10 2022 01: +0,273.214,1
Mar 11 2022 01: +0,297.592,4
Mar 12 2022 01: +0,331.103,3
Mar 13 2022 01: +0,277.832,2
Mar 16 2022 01: +0,326.531,1
Mar 17 2022 01: +0,277.82,2
Mar 18 2022 01: +0,164.063,2
Mar 19 2022 01: +0,285.04,4
Mar 20 2022 01: +0,342.887,2
Mar 24 2022 01: +0,368.915,2
Mar 25 2022 01: +0,280.629,2
Mar 26 2022 01: +0,353.66,2
Mar 27 2022 01: +0,285.118,1
Mar 28 2022 01: +0,286.02,1
Mar 29 2022 01: +0,345.013,1
Mar 31 2022 01: +0,296.88,1
Apr 02 2022 01: +0,338.224,3
Apr 03 2022 01: +0,342.72,1
Apr 04 2022 01: +0,292.8,1
Apr 05 2022 01: +0,315.735,2
Apr 06 2022 01: +0,333.89,1
Apr 07 2022 01: +0,295.29,1
Apr 08 2022 01: +0,318.15,1
Apr 09 2022 01: +0,335.167,4
Apr 10 2022 01: +0,324,1
Apr 13 2022 01: +0,300,1
Apr 15 2022 01: +0,323.408,3
Apr 17 2022 01: +0,316.487,2
Apr 18 2022 01: +0,351.785,2
Apr 20 2022 01: +0,309.366,1
Apr 22 2022 01: +0,342.904,1
Apr 23 2022 01: +0,335.24,1
Apr 24 2022 01: +0,338.243,2
Apr 25 2022 01: +0,305,1
Apr 26 2022 01: +0,306.77,1
Apr 28 2022 01: +0,303.69,1
Apr 30 2022 01: +0,350.495,1
May 01 2022 01: +0,370.568,2
May 04 2022 01: +0,299.3,3
May 06 2022 01: +0,332.712,4
May 14 2022 01: +0,316.928,2
May 15 2022 01: +0,292,1
May 16 2022 01: +0,313.24,4
May 17 2022 01: +0,290.005,1
May 18 2022 01: +0,290.1,1
May 20 2022 01: +0,284.02,1
May 21 2022 01: +0,327.231,1
May 31 2022 01: +0,342.946,1
Jun 04 2022 01: +0,346.437,1
