Mar 15 2019 01: +0,1016.073,1
Mar 17 2019 01: +0,875.43,1
Mar 19 2019 01: +0,1054.95,1
Mar 21 2019 01: +0,972.536,2
Mar 22 2019 01: +0,820.452,3
Mar 23 2019 01: +0,743.13,2
Mar 24 2019 01: +0,790.174,4
Mar 25 2019 01: +0,912.48,1
Mar 28 2019 01: +0,842.964,1
Mar 29 2019 01: +0,871.487,2
Mar 30 2019 01: +0,956.849,1
Mar 31 2019 01: +0,1035,1
Apr 03 2019 01: +0,821.021,1
Apr 04 2019 01: +0,932.62,1
Apr 05 2019 01: +0,1035,1
Apr 07 2019 01: +0,873.907,2
Apr 08 2019 01: +0,838.383,1
Apr 09 2019 01: +0,901.394,4
Apr 11 2019 01: +0,865.57,3
Apr 12 2019 01: +0,1023.874,2
Apr 14 2019 01: +0,834.266,3
Apr 16 2019 01: +0,911.938,1
Apr 18 2019 01: +0,966.745,4
Apr 19 2019 01: +0,820.9,1
Apr 22 2019 01: +0,1000.017,1
Apr 23 2019 01: +0,1067.784,1
Apr 25 2019 01: +0,842.403,3
Apr 26 2019 01: +0,964.232,4
Apr 27 2019 01: +0,862.5,1
May 01 2019 01: +0,922.087,2
May 02 2019 01: +0,949.32,1
May 03 2019 01: +0,928.518,1
May 04 2019 01: +0,898.854,3
May 05 2019 01: +0,1039.984,1
May 06 2019 01: +0,926.241,2
May 09 2019 01: +0,929.1,1
May 10 2019 01: +0,842.031,2
May 11 2019 01: +0,898.228,4
May 12 2019 01: +0,855.041,3
May 14 2019 01: +0,859.372,2
May 17 2019 01: +0,1025.632,2
May 18 2019 01: +0,1046.812,1
May 20 2019 01: +0,1046.67,1
May 21 2019 01: +0,1091.241,2
May 22 2019 01: +0,914.607,2
May 23 2019 01: +0,859.382,1
May 24 2019 01: +0,1055.063,1
May 26 2019 01: +0,918.02,1
May 27 2019 01: +0,921.64,1
May 29 2019 01: +0,993.073,2
Jun 03 2019 01: +0,1000.016,1
Jun 06 2019 01: +0,1060.089,1
Jun 07 2019 01: +0,968.835,1
Jun 09 2019 01: +0,969.853,2
Jun 11 2019 01: +0,946.509,1
Jun 12 2019 01: +0,1014.658,1
Jun 13 2019 01: +0,1137.42,2
Jun 15 2019 01: +0,978.97,1
Jun 16 2019 01: +0,953.147,1
Jun 17 2019 01: +0,1050.007,1
Jun 18 2019 01: +0,921.658,2
Jun 20 2019 01: +0,920.953,1
Jun 23 2019 01: +0,962.003,1
Jun 25 2019 01: +0,960.593,1
Jun 26 2019 01: +0,1033.996,1
Jun 27 2019 01: +0,980.018,1
Jun 30 2019 01: +0,1035,1
Jul 02 2019 01: +0,1231.095,1
Jul 03 2019 01: +0,1050.866,2
Jul 04 2019 01: +0,976.842,1
Jul 05 2019 01: +0,971.576,5
Jul 06 2019 01: +0,1103.798,2
Jul 08 2019 01: +0,1064.851,3
Jul 09 2019 01: +0,940.825,2
Jul 10 2019 01: +0,948.567,2
Jul 11 2019 01: +0,919.996,1
Jul 13 2019 01: +0,930.004,1
Jul 14 2019 01: +0,966.498,2
Jul 15 2019 01: +0,989.52,1
Jul 16 2019 01: +0,1063.373,2
Jul 17 2019 01: +0,1105.382,1
Jul 19 2019 01: +0,976.873,1
Jul 20 2019 01: +0,980.116,1
Jul 21 2019 01: +0,1184.145,2
Jul 22 2019 01: +0,1016.594,2
Jul 23 2019 01: +0,971.206,2
Jul 26 2019 01: +0,1022.262,2
Jul 27 2019 01: +0,1023.34,1
Jul 28 2019 01: +0,1030,1
Jul 29 2019 01: +0,1055.518,1
Jul 30 2019 01: +0,967.121,1
Jul 31 2019 01: +0,1037.825,2
Aug 01 2019 01: +0,978.52,4
Aug 02 2019 01: +0,1013.666,1
Aug 03 2019 01: +0,1013.65,2
Aug 05 2019 01: +0,964.88,2
Aug 06 2019 01: +0,970.565,1
Aug 07 2019 01: +0,965.43,1
Aug 10 2019 01: +0,960.16,1
Aug 11 2019 01: +0,956.915,1
Aug 13 2019 01: +0,968.428,3
Aug 14 2019 01: +0,1073.073,2
Aug 15 2019 01: +0,889.597,1
Aug 17 2019 01: +0,935.938,2
Aug 18 2019 01: +0,922.485,1
Aug 19 2019 01: +0,1112.586,2
Aug 21 2019 01: +0,929.625,1
Aug 22 2019 01: +0,1145.749,2
Aug 23 2019 01: +0,1216.72,1
Aug 25 2019 01: +0,914.841,3
Aug 26 2019 01: +0,1012.086,1
Aug 28 2019 01: +0,956.677,1
Aug 29 2019 01: +0,956.677,1
Aug 30 2019 01: +0,954.905,3
Aug 31 2019 01: +0,955.406,2
Sep 01 2019 01: +0,915.751,1
Sep 02 2019 01: +0,914.715,1
Sep 03 2019 01: +0,931.331,3
Sep 04 2019 01: +0,1033.377,3
Sep 06 2019 01: +0,927.518,3
Sep 07 2019 01: +0,952.713,2
Sep 08 2019 01: +0,932.823,1
Sep 11 2019 01: +0,978.31,2
Sep 12 2019 01: +0,940.398,1
Sep 17 2019 01: +0,937.779,1
Sep 19 2019 01: +0,949.016,1
Sep 20 2019 01: +0,969.748,3
Sep 22 2019 01: +0,948.77,1
Sep 24 2019 01: +0,891.928,2
Sep 25 2019 01: +0,874.195,3
Sep 26 2019 01: +0,970.534,4
Sep 28 2019 01: +0,950.318,2
Sep 30 2019 01: +0,1066.186,2
Oct 03 2019 01: +0,1001.697,1
Oct 04 2019 01: +0,975.382,2
Oct 05 2019 01: +0,966.008,1
Oct 06 2019 01: +0,1025.003,1
Oct 08 2019 01: +0,923.189,1
Oct 09 2019 01: +0,774.209,1
Oct 10 2019 01: +0,851.575,2
Oct 11 2019 01: +0,911.709,1
Oct 12 2019 01: +0,1000.017,1
Oct 13 2019 01: +0,994.136,1
Oct 14 2019 01: +0,805,1
Oct 15 2019 01: +0,890.234,4
Oct 16 2019 01: +0,940.877,2
Oct 18 2019 01: +0,987.184,1
Oct 20 2019 01: +0,879.108,1
Oct 21 2019 01: +0,837.064,2
Oct 22 2019 01: +0,764.493,2
Oct 26 2019 01: +0,786.736,1
Oct 29 2019 01: +0,775.669,1
Oct 30 2019 01: +0,860.862,2
Oct 31 2019 01: +0,918.883,2
Nov 01 2019 01: +0,818.537,2
Nov 02 2019 01: +0,819.673,1
Nov 03 2019 01: +0,849.339,2
Nov 04 2019 01: +0,846.896,1
Nov 07 2019 01: +0,853.059,2
Nov 08 2019 01: +0,1137.703,1
Nov 09 2019 01: +0,867.202,2
Nov 11 2019 01: +0,804.242,2
Nov 12 2019 01: +0,902.109,4
Nov 14 2019 01: +0,804.797,1
Nov 16 2019 01: +0,937.322,2
Nov 17 2019 01: +0,810.736,1
Nov 18 2019 01: +0,768.024,1
Nov 19 2019 01: +0,696.215,1
Nov 20 2019 01: +0,770.989,2
Nov 21 2019 01: +0,629.507,1
Nov 22 2019 01: +0,653.539,1
Nov 23 2019 01: +0,1000.489,1
Nov 24 2019 01: +0,668.753,3
Nov 25 2019 01: +0,764.379,3
Nov 27 2019 01: +0,689.564,1
Nov 28 2019 01: +0,697.931,2
Nov 29 2019 01: +0,705.218,4
Nov 30 2019 01: +0,856.831,1
Dec 03 2019 01: +0,723.13,2
Dec 04 2019 01: +0,775.007,1
Dec 05 2019 01: +0,837.005,1
Dec 06 2019 01: +0,868.57,1
Dec 07 2019 01: +0,889.068,2
Dec 08 2019 01: +0,798.14,1
Dec 09 2019 01: +0,798.146,1
Dec 10 2019 01: +0,801.689,1
Dec 11 2019 01: +0,805.071,1
Dec 12 2019 01: +0,831.312,1
Dec 13 2019 01: +0,853.505,4
Dec 14 2019 01: +0,830.203,2
Dec 16 2019 01: +0,821.625,3
Dec 17 2019 01: +0,862.777,2
Dec 18 2019 01: +0,927.24,2
Dec 19 2019 01: +0,740.842,2
Dec 21 2019 01: +0,888.712,4
Dec 22 2019 01: +0,780.549,3
Dec 23 2019 01: +0,740.977,1
Dec 24 2019 01: +0,936.19,1
Dec 25 2019 01: +0,923.3,1
Dec 30 2019 01: +0,912.865,1
Jan 01 2020 01: +0,797.951,1
Jan 02 2020 01: +0,878.473,1
Jan 03 2020 01: +0,921.344,1
Jan 04 2020 01: +0,906.087,2
Jan 06 2020 01: +0,848.167,2
Jan 09 2020 01: +0,893.22,1
Jan 10 2020 01: +0,956.16,1
Jan 11 2020 01: +0,810.014,1
Jan 12 2020 01: +0,965.395,2
Jan 13 2020 01: +0,1014.058,2
Jan 15 2020 01: +0,847.313,1
Jan 16 2020 01: +0,1302.747,1
Jan 17 2020 01: +0,848.996,2
Jan 18 2020 01: +0,869.934,3
Jan 19 2020 01: +0,857.496,2
Jan 20 2020 01: +0,852.669,1
Jan 21 2020 01: +0,903.577,3
Jan 22 2020 01: +0,867.071,2
Jan 23 2020 01: +0,839.202,1
Jan 24 2020 01: +0,992.338,1
Jan 25 2020 01: +0,861.125,2
Jan 26 2020 01: +0,900.001,1
Jan 27 2020 01: +0,909.309,2
Jan 28 2020 01: +0,848.03,2
Jan 29 2020 01: +0,787.451,1
Jan 30 2020 01: +0,878.953,2
Feb 01 2020 01: +0,801.197,2
Feb 02 2020 01: +0,806.348,3
Feb 03 2020 01: +0,819.835,3
Feb 04 2020 01: +0,960.885,3
Feb 06 2020 01: +0,800.717,3
Feb 07 2020 01: +0,867.461,1
Feb 09 2020 01: +0,804.999,1
Feb 10 2020 01: +0,803.296,1
Feb 11 2020 01: +0,810.978,3
Feb 13 2020 01: +0,916.233,1
Feb 14 2020 01: +0,787.431,1
Feb 15 2020 01: +0,834.623,2
Feb 16 2020 01: +0,856.279,3
Feb 17 2020 01: +0,856.846,1
Feb 18 2020 01: +0,761.66,1
Feb 20 2020 01: +0,809.513,2
Feb 21 2020 01: +0,777.549,2
Feb 22 2020 01: +0,817.727,2
Feb 25 2020 01: +0,760.557,2
Feb 28 2020 01: +0,815.233,3
Feb 29 2020 01: +0,783.333,3
Mar 01 2020 01: +0,785.995,2
Mar 02 2020 01: +0,874.107,1
Mar 03 2020 01: +0,839.628,2
Mar 04 2020 01: +0,818.003,2
Mar 05 2020 01: +0,764.995,1
Mar 06 2020 01: +0,789.538,1
Mar 07 2020 01: +0,815.189,2
Mar 09 2020 01: +0,770.086,1
Mar 10 2020 01: +0,786.456,1
Mar 11 2020 01: +0,849.058,1
Mar 13 2020 01: +0,839.505,1
Mar 14 2020 01: +0,836.348,1
Mar 15 2020 01: +0,690.189,2
Mar 16 2020 01: +0,744.869,1
Mar 17 2020 01: +0,784.111,2
Mar 18 2020 01: +0,837.46,2
Mar 19 2020 01: +0,803.97,3
Mar 20 2020 01: +0,776.933,4
Mar 21 2020 01: +0,731.533,1
Mar 22 2020 01: +0,723.36,1
Mar 24 2020 01: +0,692.071,3
Mar 25 2020 01: +0,668.686,1
Mar 27 2020 01: +0,648.107,1
Mar 28 2020 01: +0,802.62,1
Mar 29 2020 01: +0,692.096,2
Mar 31 2020 01: +0,698.597,1
Apr 01 2020 01: +0,667.744,3
Apr 02 2020 01: +0,739.845,3
Apr 03 2020 01: +0,766.24,3
Apr 04 2020 01: +0,735.251,3
Apr 05 2020 01: +0,751.682,4
Apr 06 2020 01: +0,716.457,1
Apr 07 2020 01: +0,829.053,3
Apr 08 2020 01: +0,876.812,1
Apr 09 2020 01: +0,786.519,5
Apr 10 2020 01: +0,748.885,5
Apr 11 2020 01: +0,862.499,1
Apr 12 2020 01: +0,780.471,4
Apr 14 2020 01: +0,838.163,3
Apr 15 2020 01: +0,759.92,1
Apr 16 2020 01: +0,768.343,3
Apr 17 2020 01: +0,787.731,4
Apr 18 2020 01: +0,759.253,1
Apr 19 2020 01: +0,810.843,2
Apr 20 2020 01: +0,760.647,3
Apr 21 2020 01: +0,845.499,2
Apr 22 2020 01: +0,825.823,4
Apr 23 2020 01: +0,725.173,3
Apr 24 2020 01: +0,878.17,2
Apr 25 2020 01: +0,762.942,5
Apr 26 2020 01: +0,800.778,1
Apr 27 2020 01: +0,754.51,2
Apr 28 2020 01: +0,747.488,3
Apr 29 2020 01: +0,753.23,4
Apr 30 2020 01: +0,795.861,4
May 01 2020 01: +0,820.629,6
May 02 2020 01: +0,788.432,7
May 03 2020 01: +0,792.812,5
May 04 2020 01: +0,781.815,6
May 05 2020 01: +0,781.493,2
May 06 2020 01: +0,846.773,1
May 07 2020 01: +0,823.834,4
May 08 2020 01: +0,739.048,3
May 09 2020 01: +0,832.733,5
May 10 2020 01: +0,788.473,1
May 11 2020 01: +0,844.876,3
May 12 2020 01: +0,873.734,1
May 13 2020 01: +0,872.392,3
May 14 2020 01: +0,860,1
May 15 2020 01: +0,837.391,3
May 16 2020 01: +0,545.766,3
May 17 2020 01: +0,816.962,2
May 18 2020 01: +0,831.511,4
May 19 2020 01: +0,818.608,2
May 20 2020 01: +0,837.078,2
May 21 2020 01: +0,813.19,3
May 23 2020 01: +0,821.091,5
May 24 2020 01: +0,807.605,3
May 25 2020 01: +0,789.808,3
May 26 2020 01: +0,762.942,2
May 27 2020 01: +0,680,1
May 28 2020 01: +0,704.258,4
May 29 2020 01: +0,726.353,5
May 30 2020 01: +0,976.06,1
May 31 2020 01: +0,770.128,3
Jun 01 2020 01: +0,730.928,1
Jun 02 2020 01: +0,789.993,2
Jun 03 2020 01: +0,790.374,2
Jun 04 2020 01: +0,880.768,2
Jun 05 2020 01: +0,778.865,1
Jun 06 2020 01: +0,757.413,1
Jun 07 2020 01: +0,865.437,3
Jun 08 2020 01: +0,795.486,3
Jun 09 2020 01: +0,772.279,2
Jun 10 2020 01: +0,697.431,3
Jun 11 2020 01: +0,723.553,3
Jun 12 2020 01: +0,824.922,2
Jun 13 2020 01: +0,758.012,4
Jun 14 2020 01: +0,804.613,3
Jun 15 2020 01: +0,741.567,3
Jun 16 2020 01: +0,762.935,3
Jun 17 2020 01: +0,748.472,3
Jun 18 2020 01: +0,748.947,3
Jun 19 2020 01: +0,772.684,2
Jun 20 2020 01: +0,777.051,3
Jun 22 2020 01: +0,774.538,2
Jun 23 2020 01: +0,801.287,2
Jun 24 2020 01: +0,736.461,3
Jun 25 2020 01: +0,1731.36,1
Jun 26 2020 01: +0,900,1
Jun 27 2020 01: +0,716.059,2
Jun 28 2020 01: +0,737.949,6
Jun 29 2020 01: +0,734.879,1
Jun 30 2020 01: +0,757.349,5
Jul 01 2020 01: +0,787.44,6
Jul 02 2020 01: +0,827.704,3
Jul 03 2020 01: +0,823.359,4
Jul 04 2020 01: +0,773.876,2
Jul 06 2020 01: +0,739.885,2
Jul 07 2020 01: +0,793.221,1
Jul 08 2020 01: +0,793.649,3
Jul 09 2020 01: +0,835.002,1
Jul 10 2020 01: +0,796.282,2
Jul 11 2020 01: +0,845.25,1
Jul 12 2020 01: +0,895.952,2
Jul 13 2020 01: +0,803.298,4
Jul 14 2020 01: +0,796.669,1
Jul 15 2020 01: +0,817.771,3
Jul 16 2020 01: +0,816.047,2
Jul 17 2020 01: +0,836.419,3
Jul 18 2020 01: +0,779.337,6
Jul 19 2020 01: +0,829.446,1
Jul 20 2020 01: +0,832.302,2
Jul 21 2020 01: +0,798.113,2
Jul 23 2020 01: +0,823.114,1
Jul 24 2020 01: +0,739.752,2
Jul 25 2020 01: +0,819.594,2
Jul 26 2020 01: +0,848.762,2
Jul 27 2020 01: +0,859.332,1
Jul 28 2020 01: +0,843.935,1
Jul 29 2020 01: +0,832.495,2
Jul 30 2020 01: +0,797.27,6
Aug 01 2020 01: +0,795.175,2
Aug 02 2020 01: +0,798.991,3
Aug 03 2020 01: +0,815.631,3
Aug 04 2020 01: +0,802.949,3
Aug 05 2020 01: +0,834.139,1
Aug 06 2020 01: +0,855.423,2
Aug 07 2020 01: +0,816.761,4
Aug 08 2020 01: +0,795.184,1
Aug 09 2020 01: +0,805.585,5
Aug 10 2020 01: +0,781.173,2
Aug 11 2020 01: +0,789.348,4
Aug 12 2020 01: +0,728.425,2
Aug 13 2020 01: +0,761.569,3
Aug 14 2020 01: +0,809.621,3
Aug 15 2020 01: +0,826.557,3
Aug 16 2020 01: +0,824.927,2
Aug 17 2020 01: +0,828.967,2
Aug 18 2020 01: +0,879.227,3
Aug 19 2020 01: +0,842.192,2
Aug 20 2020 01: +0,935.409,2
Aug 22 2020 01: +0,743.469,2
Aug 23 2020 01: +0,757.488,1
Aug 25 2020 01: +0,767.374,3
Aug 26 2020 01: +0,724.416,2
Aug 27 2020 01: +0,701.499,1
Aug 28 2020 01: +0,737.545,4
Aug 29 2020 01: +0,728.7,1
Aug 31 2020 01: +0,726.798,3
Sep 01 2020 01: +0,771.702,4
Sep 02 2020 01: +0,756.027,4
Sep 04 2020 01: +0,768.437,3
Sep 05 2020 01: +0,718.248,5
Sep 06 2020 01: +0,799.888,1
Sep 07 2020 01: +0,662.833,1
Sep 08 2020 01: +0,729.885,2
Sep 09 2020 01: +0,725,3
Sep 10 2020 01: +0,707.25,2
Sep 11 2020 01: +0,784.878,1
Sep 12 2020 01: +0,800,1
Sep 13 2020 01: +0,835.372,2
Sep 14 2020 01: +0,788.367,1
Sep 15 2020 01: +0,716.271,4
Sep 16 2020 01: +0,729.733,2
Sep 17 2020 01: +0,818.49,1
Sep 18 2020 01: +0,760.538,2
Sep 19 2020 01: +0,1039.041,2
Sep 20 2020 01: +0,735.351,4
Sep 21 2020 01: +0,792.5,2
Sep 22 2020 01: +0,744.588,3
Sep 23 2020 01: +0,819.575,4
Sep 24 2020 01: +0,772.315,4
Sep 25 2020 01: +0,748.674,3
Sep 27 2020 01: +0,767.566,4
Sep 28 2020 01: +0,730.759,3
Sep 29 2020 01: +0,739.14,5
Sep 30 2020 01: +0,789.44,1
Oct 01 2020 01: +0,762.154,2
Oct 02 2020 01: +0,814.99,6
Oct 03 2020 01: +0,767.465,2
Oct 04 2020 01: +0,783.639,1
Oct 05 2020 01: +0,795.235,2
Oct 06 2020 01: +0,741.02,1
Oct 07 2020 01: +0,849.091,3
Oct 08 2020 01: +0,796.973,2
Oct 09 2020 01: +0,861.606,2
Oct 10 2020 01: +0,761.545,2
Oct 11 2020 01: +0,811.325,2
Oct 12 2020 01: +0,850.725,4
Oct 13 2020 01: +0,783.554,2
Oct 14 2020 01: +0,896.869,4
Oct 15 2020 01: +0,776.25,1
Oct 16 2020 01: +0,808.778,4
Oct 17 2020 01: +0,920.438,4
Oct 18 2020 01: +0,732.595,2
Oct 19 2020 01: +0,743.968,4
Oct 20 2020 01: +0,754.75,1
Oct 21 2020 01: +0,742.931,2
Oct 22 2020 01: +0,720.38,1
Oct 23 2020 01: +0,513.489,3
Oct 25 2020 01: +0,687.67,1
Oct 26 2020 01: +0,741.487,4
Oct 27 2020 01: +0,829.343,2
Oct 28 2020 01: +0,721.347,3
Oct 29 2020 01: +0,711.135,2
Oct 30 2020 01: +0,701.79,1
Oct 31 2020 01: +0,759.325,2
Nov 01 2020 01: +0,737.308,8
Nov 02 2020 01: +0,766.935,1
Nov 03 2020 01: +0,734.539,6
Nov 04 2020 01: +0,729.734,3
Nov 06 2020 01: +0,788.119,1
Nov 07 2020 01: +0,784.292,3
Nov 09 2020 01: +0,748.901,2
Nov 10 2020 01: +0,726.605,4
Nov 11 2020 01: +0,746.715,2
Nov 12 2020 01: +0,770.015,1
Nov 14 2020 01: +0,733.289,3
Nov 15 2020 01: +0,726.342,4
Nov 16 2020 01: +0,736.655,2
Nov 17 2020 01: +0,700.108,1
Nov 18 2020 01: +0,753.593,2
Nov 19 2020 01: +0,722.555,6
Nov 20 2020 01: +0,768.035,2
Nov 21 2020 01: +0,739.51,2
Nov 22 2020 01: +0,696.547,3
Nov 23 2020 01: +0,678.7,1
Nov 24 2020 01: +0,700.897,1
Nov 25 2020 01: +0,681.677,2
Nov 26 2020 01: +0,699.84,3
Nov 27 2020 01: +0,726.431,4
Nov 28 2020 01: +0,728.97,3
Nov 29 2020 01: +0,643.223,3
Dec 01 2020 01: +0,744.185,4
Dec 02 2020 01: +0,683.85,2
Dec 03 2020 01: +0,706.434,5
Dec 04 2020 01: +0,734.08,2
Dec 05 2020 01: +0,635.378,10
Dec 06 2020 01: +0,655.561,2
Dec 07 2020 01: +0,695.653,5
Dec 08 2020 01: +0,696.084,3
Dec 09 2020 01: +0,670.402,2
Dec 10 2020 01: +0,660.331,2
Dec 11 2020 01: +0,668.625,5
Dec 12 2020 01: +0,724,1
Dec 13 2020 01: +0,632.025,2
Dec 14 2020 01: +0,642.804,5
Dec 15 2020 01: +0,671.216,2
Dec 16 2020 01: +0,690.926,3
Dec 17 2020 01: +0,663.836,5
Dec 18 2020 01: +0,641.055,3
Dec 19 2020 01: +0,647.075,5
Dec 20 2020 01: +0,686.328,6
Dec 21 2020 01: +0,711.477,3
Dec 22 2020 01: +0,705.581,4
Dec 23 2020 01: +0,671.72,1
Dec 24 2020 01: +0,696.117,3
Dec 25 2020 01: +0,762.916,9
Dec 26 2020 01: +0,710.682,3
Dec 27 2020 01: +0,765.542,2
Dec 28 2020 01: +0,770.732,2
Dec 29 2020 01: +0,702.35,3
Dec 30 2020 01: +0,706.98,6
Dec 31 2020 01: +0,755.262,3
Jan 01 2021 01: +0,884.807,4
Jan 02 2021 01: +0,799.252,4
Jan 03 2021 01: +0,667.62,1
Jan 04 2021 01: +0,713.005,2
Jan 05 2021 01: +0,775.251,3
Jan 06 2021 01: +0,834.497,1
Jan 07 2021 01: +0,806.813,6
Jan 08 2021 01: +0,777.443,6
Jan 09 2021 01: +0,832.918,3
Jan 10 2021 01: +0,815.214,4
Jan 11 2021 01: +0,709.6,1
Jan 14 2021 01: +0,742.179,3
Jan 15 2021 01: +0,817.977,3
Jan 16 2021 01: +0,1063.487,1
Jan 17 2021 01: +0,782.466,4
Jan 18 2021 01: +0,768.15,1
Jan 19 2021 01: +0,860.461,4
Jan 20 2021 01: +0,767.958,2
Jan 21 2021 01: +0,922.23,1
Jan 22 2021 01: +0,828.536,3
Jan 23 2021 01: +0,809.209,3
Jan 24 2021 01: +0,729.99,1
Jan 25 2021 01: +0,754.039,3
Jan 27 2021 01: +0,814.344,5
Jan 28 2021 01: +0,954.169,4
Jan 30 2021 01: +0,743.539,5
Jan 31 2021 01: +0,814.485,2
Feb 01 2021 01: +0,751.785,3
Feb 02 2021 01: +0,736.083,2
Feb 03 2021 01: +0,820,1
Feb 04 2021 01: +0,727.333,3
Feb 05 2021 01: +0,741.845,2
Feb 06 2021 01: +0,922.349,5
Feb 07 2021 01: +0,808.258,4
Feb 08 2021 01: +0,789.055,2
Feb 09 2021 01: +0,783.623,5
Feb 10 2021 01: +0,780.511,6
Feb 11 2021 01: +0,738.181,2
Feb 12 2021 01: +0,844.273,1
Feb 13 2021 01: +0,727.659,2
Feb 14 2021 01: +0,762.32,2
Feb 15 2021 01: +0,746.138,3
Feb 16 2021 01: +0,746.298,4
Feb 17 2021 01: +0,751.21,4
Feb 18 2021 01: +0,782.3,1
Feb 19 2021 01: +0,761.875,5
Feb 20 2021 01: +0,788.585,4
Feb 21 2021 01: +0,697.6,2
Feb 22 2021 01: +0,777.998,6
Feb 23 2021 01: +0,712.025,4
Feb 24 2021 01: +0,763.53,5
Feb 25 2021 01: +0,894.642,5
Feb 26 2021 01: +0,764.115,3
Feb 27 2021 01: +0,755.782,4
Feb 28 2021 01: +0,711.452,2
Mar 01 2021 01: +0,796.765,9
Mar 02 2021 01: +0,729.809,5
Mar 03 2021 01: +0,714.968,2
Mar 04 2021 01: +0,761.59,4
Mar 05 2021 01: +0,760.407,4
Mar 06 2021 01: +0,788.876,4
Mar 07 2021 01: +0,782.413,5
Mar 08 2021 01: +0,780.37,5
Mar 09 2021 01: +0,737.43,1
Mar 10 2021 01: +0,746.668,3
Mar 11 2021 01: +0,805.242,4
Mar 12 2021 01: +0,762.032,3
Mar 13 2021 01: +0,787.783,4
Mar 14 2021 01: +0,819.994,1
Mar 15 2021 01: +0,803.523,4
Mar 16 2021 01: +0,815.287,5
Mar 17 2021 01: +0,730.055,2
Mar 18 2021 01: +0,856.897,3
Mar 19 2021 01: +0,806.512,2
Mar 20 2021 01: +0,766.85,1
Mar 21 2021 01: +0,812.056,6
Mar 23 2021 01: +0,820.08,4
Mar 24 2021 01: +0,787.732,4
Mar 25 2021 01: +0,772.993,3
Mar 26 2021 01: +0,810.676,8
Mar 27 2021 01: +0,824.667,7
Mar 28 2021 01: +0,827.33,5
Mar 29 2021 01: +0,870.289,3
Mar 30 2021 01: +0,852.19,3
Mar 31 2021 01: +0,823.387,3
Apr 01 2021 01: +0,810.83,1
Apr 02 2021 01: +0,805.383,4
Apr 03 2021 01: +0,950.007,1
Apr 04 2021 01: +0,864.019,3
Apr 05 2021 01: +0,828.82,1
Apr 06 2021 01: +0,829.966,3
Apr 07 2021 01: +0,821.57,2
Apr 08 2021 01: +0,941.838,3
Apr 09 2021 01: +0,850.142,4
Apr 10 2021 01: +0,871.522,3
Apr 11 2021 01: +0,867.243,3
Apr 12 2021 01: +0,804.537,6
Apr 13 2021 01: +0,796.914,5
Apr 14 2021 01: +0,780.009,1
Apr 15 2021 01: +0,802.56,1
Apr 16 2021 01: +0,826.218,3
Apr 17 2021 01: +0,789.628,5
Apr 18 2021 01: +0,798.009,1
Apr 19 2021 01: +0,797.87,1
Apr 20 2021 01: +0,810.902,5
Apr 22 2021 01: +0,777.65,1
Apr 23 2021 01: +0,805.515,3
Apr 24 2021 01: +0,830.558,3
Apr 25 2021 01: +0,862.261,1
Apr 26 2021 01: +0,894.978,2
Apr 27 2021 01: +0,781.7,1
Apr 28 2021 01: +0,882.202,4
Apr 29 2021 01: +0,924.76,1
Apr 30 2021 01: +0,853.15,5
May 01 2021 01: +0,827,6
May 02 2021 01: +0,864.7,5
May 03 2021 01: +0,857.974,4
May 04 2021 01: +0,803.8,6
May 05 2021 01: +0,817.582,3
May 06 2021 01: +0,838.638,6
May 07 2021 01: +0,914.237,2
May 08 2021 01: +0,830.723,4
May 09 2021 01: +0,866.426,3
May 10 2021 01: +0,867.87,3
May 11 2021 01: +0,906.036,1
May 12 2021 01: +0,867.093,4
May 13 2021 01: +0,809.657,4
May 14 2021 01: +0,823.569,3
May 15 2021 01: +0,809.782,9
May 16 2021 01: +0,825.005,2
May 17 2021 01: +0,833.02,3
May 18 2021 01: +0,819.6,1
May 19 2021 01: +0,893.277,5
May 20 2021 01: +0,876.873,6
May 21 2021 01: +0,902.294,2
May 22 2021 01: +0,868.105,5
May 23 2021 01: +0,881.553,5
May 25 2021 01: +0,956.109,1
May 26 2021 01: +0,910.988,2
May 28 2021 01: +0,871.763,5
May 29 2021 01: +0,856.67,3
May 30 2021 01: +0,900.965,2
May 31 2021 01: +0,848.255,2
Jun 01 2021 01: +0,873.923,3
Jun 02 2021 01: +0,885.499,4
Jun 03 2021 01: +0,879.857,8
Jun 04 2021 01: +0,909.44,4
Jun 05 2021 01: +0,933.186,6
Jun 06 2021 01: +0,909.99,2
Jun 07 2021 01: +0,885.888,5
Jun 08 2021 01: +0,882.069,3
Jun 09 2021 01: +0,917.7,2
Jun 10 2021 01: +0,892.734,2
Jun 11 2021 01: +0,833.089,7
Jun 12 2021 01: +0,839.42,4
Jun 13 2021 01: +0,853.31,6
Jun 14 2021 01: +0,853.805,4
Jun 15 2021 01: +0,843.688,3
Jun 16 2021 01: +0,1044.95,1
Jun 17 2021 01: +0,824.235,2
Jun 18 2021 01: +0,857.211,3
Jun 19 2021 01: +0,824.062,5
Jun 20 2021 01: +0,832.551,6
Jun 21 2021 01: +0,899.99,1
Jun 22 2021 01: +0,859.075,3
Jun 23 2021 01: +0,826.652,3
Jun 24 2021 01: +0,807.238,5
Jun 25 2021 01: +0,840.848,2
Jun 26 2021 01: +0,834.795,2
Jun 27 2021 01: +0,832.423,2
Jun 28 2021 01: +0,834.303,2
Jun 29 2021 01: +0,846.677,1
Jul 01 2021 01: +0,802.791,4
Jul 02 2021 01: +0,791.052,6
Jul 03 2021 01: +0,805.884,5
Jul 04 2021 01: +0,772.72,4
Jul 05 2021 01: +0,815.937,4
Jul 06 2021 01: +0,810.74,2
Jul 07 2021 01: +0,782.76,1
Jul 08 2021 01: +0,887.839,2
Jul 09 2021 01: +0,783.963,4
Jul 10 2021 01: +0,780.016,7
Jul 11 2021 01: +0,744.898,3
Jul 12 2021 01: +0,741.879,3
Jul 13 2021 01: +0,732.933,4
Jul 14 2021 01: +0,745.88,2
Jul 15 2021 01: +0,758.55,1
Jul 16 2021 01: +0,789.042,6
Jul 17 2021 01: +0,873.453,1
Jul 18 2021 01: +0,747.71,4
Jul 19 2021 01: +0,738.703,4
Jul 22 2021 01: +0,799.151,2
Jul 23 2021 01: +0,931.015,2
Jul 24 2021 01: +0,773.776,4
Jul 25 2021 01: +0,802.406,2
Jul 26 2021 01: +0,772.084,4
Jul 27 2021 01: +0,782.455,2
Jul 28 2021 01: +0,773.081,4
Jul 29 2021 01: +0,796.642,2
Jul 30 2021 01: +0,735.26,1
Jul 31 2021 01: +0,768.26,2
Aug 01 2021 01: +0,781.04,3
Aug 02 2021 01: +0,839.325,6
Aug 03 2021 01: +0,801.597,4
Aug 04 2021 01: +0,808.372,6
Aug 05 2021 01: +0,771.655,4
Aug 06 2021 01: +0,764.781,6
Aug 07 2021 01: +0,748.749,7
Aug 08 2021 01: +0,836.138,3
Aug 09 2021 01: +0,840.36,3
Aug 10 2021 01: +0,703,2
Aug 11 2021 01: +0,690,1
Aug 12 2021 01: +0,855.01,1
Aug 13 2021 01: +0,832.791,1
Aug 14 2021 01: +0,830.013,1
Aug 15 2021 01: +0,717.068,3
Aug 16 2021 01: +0,820.323,3
Aug 18 2021 01: +0,834.155,1
Aug 20 2021 01: +0,693.92,1
Aug 21 2021 01: +0,748.55,3
Aug 22 2021 01: +0,697.063,3
Aug 23 2021 01: +0,678.122,4
Aug 24 2021 01: +0,680.08,1
Aug 25 2021 01: +0,743.566,4
Aug 26 2021 01: +0,683.01,1
Aug 27 2021 01: +0,778.64,3
Aug 28 2021 01: +0,746.409,2
Aug 29 2021 01: +0,721.892,2
Aug 30 2021 01: +0,793.464,3
Aug 31 2021 01: +0,786.078,1
Sep 01 2021 01: +0,803.874,3
Sep 02 2021 01: +0,750.179,2
Sep 03 2021 01: +0,761.791,4
Sep 05 2021 01: +0,737.442,3
Sep 06 2021 01: +0,699.105,2
Sep 07 2021 01: +0,771.874,4
Sep 08 2021 01: +0,769.43,2
Sep 09 2021 01: +0,773.994,5
Sep 10 2021 01: +0,709.35,2
Sep 11 2021 01: +0,774.715,4
Sep 12 2021 01: +0,728.37,2
Sep 13 2021 01: +0,705.794,5
Sep 14 2021 01: +0,705.927,4
Sep 15 2021 01: +0,720.807,5
Sep 16 2021 01: +0,776.962,7
Sep 17 2021 01: +0,745.333,3
Sep 18 2021 01: +0,717.957,4
Sep 19 2021 01: +0,705.881,1
Sep 20 2021 01: +0,729.995,1
Sep 21 2021 01: +0,688.21,2
Sep 22 2021 01: +0,686.556,11
Sep 23 2021 01: +0,616.166,8
Sep 24 2021 01: +0,631.315,11
Sep 25 2021 01: +0,600.722,5
Sep 26 2021 01: +0,627.171,5
Sep 27 2021 01: +0,604.27,4
Sep 28 2021 01: +0,645.766,4
Sep 29 2021 01: +0,706.082,2
Sep 30 2021 01: +0,675.866,5
Oct 01 2021 01: +0,672.916,3
Oct 02 2021 01: +0,662.89,7
Oct 03 2021 01: +0,754.216,3
Oct 04 2021 01: +0,688.568,3
Oct 05 2021 01: +0,601.095,3
Oct 06 2021 01: +0,703.8,2
Oct 07 2021 01: +0,693.43,3
Oct 08 2021 01: +0,702.47,3
Oct 09 2021 01: +0,679.727,5
Oct 10 2021 01: +0,730.95,1
Oct 11 2021 01: +0,715.865,7
Oct 13 2021 01: +0,655.593,4
Oct 14 2021 01: +0,666.993,1
Oct 15 2021 01: +0,668.454,3
Oct 16 2021 01: +0,680.788,7
Oct 17 2021 01: +0,684.969,5
Oct 18 2021 01: +0,725.759,3
Oct 19 2021 01: +0,714.172,1
Oct 20 2021 01: +0,682.51,4
Oct 21 2021 01: +0,717.597,5
Oct 22 2021 01: +0,569.452,3
Oct 23 2021 01: +0,623.642,4
Oct 24 2021 01: +0,671.02,3
Oct 25 2021 01: +0,661.924,4
Oct 26 2021 01: +0,626.07,3
Oct 27 2021 01: +0,654.67,3
Oct 28 2021 01: +0,704.228,3
Oct 29 2021 01: +0,638.69,3
Oct 30 2021 01: +0,658.346,6
Oct 31 2021 01: +0,693.161,1
Nov 01 2021 01: +0,690.532,4
Nov 02 2021 01: +0,708.113,4
Nov 03 2021 01: +0,676.534,5
Nov 04 2021 01: +0,678.033,2
Nov 05 2021 01: +0,662.82,2
Nov 06 2021 01: +0,672.558,4
Nov 07 2021 01: +0,708.731,3
Nov 08 2021 01: +0,742.761,6
Nov 09 2021 01: +0,617.817,1
Nov 10 2021 01: +0,699.017,3
Nov 11 2021 01: +0,688.475,4
Nov 12 2021 01: +0,701.827,4
Nov 13 2021 01: +0,685.295,2
Nov 14 2021 01: +0,720.497,4
Nov 15 2021 01: +0,718.006,6
Nov 16 2021 01: +0,660.356,4
Nov 17 2021 01: +0,634.96,1
Nov 18 2021 01: +0,642.329,2
Nov 19 2021 01: +0,642.92,4
Nov 20 2021 01: +0,687.237,4
Nov 21 2021 01: +0,660.678,2
Nov 22 2021 01: +0,685.25,3
Nov 24 2021 01: +0,677.265,2
Nov 25 2021 01: +0,642.115,2
Nov 26 2021 01: +0,684.086,4
Nov 27 2021 01: +0,725.013,2
Nov 28 2021 01: +0,710.33,2
Nov 29 2021 01: +0,686.98,4
Nov 30 2021 01: +0,758.164,2
Dec 02 2021 01: +0,680.107,5
Dec 03 2021 01: +0,740.654,4
Dec 04 2021 01: +0,771.67,4
Dec 06 2021 01: +0,755.752,2
Dec 07 2021 01: +0,724.587,4
Dec 09 2021 01: +0,775.808,3
Dec 10 2021 01: +0,713.141,3
Dec 11 2021 01: +0,708.39,3
Dec 12 2021 01: +0,704.354,7
Dec 13 2021 01: +0,682.83,1
Dec 14 2021 01: +0,709.647,3
Dec 15 2021 01: +0,737.306,2
Dec 16 2021 01: +0,701.711,7
Dec 17 2021 01: +0,714.166,5
Dec 18 2021 01: +0,696.476,4
Dec 19 2021 01: +0,679.859,2
Dec 20 2021 01: +0,700.882,1
Dec 21 2021 01: +0,731.067,3
Dec 22 2021 01: +0,694.675,5
Dec 23 2021 01: +0,708.892,1
Dec 24 2021 01: +0,680.931,1
Dec 25 2021 01: +0,728.067,5
Dec 26 2021 01: +0,760.594,4
Dec 27 2021 01: +0,696.58,3
Dec 28 2021 01: +0,761.016,6
Dec 29 2021 01: +0,927.826,3
Dec 30 2021 01: +0,736.543,4
Dec 31 2021 01: +0,739.026,2
Jan 01 2022 01: +0,754.094,2
Jan 02 2022 01: +0,761.066,3
Jan 03 2022 01: +0,756.52,5
Jan 04 2022 01: +0,774.273,5
Jan 05 2022 01: +0,776.903,3
Jan 06 2022 01: +0,834.028,2
Jan 07 2022 01: +0,826.658,2
Jan 08 2022 01: +0,789.446,3
Jan 09 2022 01: +0,812.596,3
Jan 10 2022 01: +0,775.058,5
Jan 11 2022 01: +0,824.188,3
Jan 12 2022 01: +0,732.965,4
Jan 14 2022 01: +0,776.387,4
Jan 15 2022 01: +0,763.139,3
Jan 16 2022 01: +0,774.924,2
Jan 17 2022 01: +0,783.96,4
Jan 18 2022 01: +0,775.999,2
Jan 19 2022 01: +0,779.49,2
Jan 20 2022 01: +0,893.886,5
Jan 21 2022 01: +0,696.543,5
Jan 22 2022 01: +0,741.691,5
Jan 23 2022 01: +0,746.212,6
Jan 24 2022 01: +0,795.23,3
Jan 25 2022 01: +0,779.017,4
Jan 26 2022 01: +0,767.28,2
Jan 27 2022 01: +0,852.98,2
Jan 29 2022 01: +0,811.667,5
Jan 30 2022 01: +0,745.685,5
Jan 31 2022 01: +0,772.226,3
Feb 01 2022 01: +0,686.633,4
Feb 02 2022 01: +0,742.996,3
Feb 03 2022 01: +0,760.104,5
Feb 04 2022 01: +0,781.104,4
Feb 05 2022 01: +0,816.788,1
Feb 06 2022 01: +0,744.9,4
Feb 07 2022 01: +0,788.65,1
Feb 09 2022 01: +0,712.83,2
Feb 10 2022 01: +0,792.322,2
Feb 11 2022 01: +0,783.215,4
Feb 12 2022 01: +0,742.473,4
Feb 13 2022 01: +0,829.57,2
Feb 14 2022 01: +0,774.131,3
Feb 15 2022 01: +0,768.506,4
Feb 16 2022 01: +0,763.328,5
Feb 17 2022 01: +0,735.988,4
Feb 18 2022 01: +0,745.774,4
Feb 19 2022 01: +0,724.52,2
Feb 20 2022 01: +0,728.312,9
Feb 21 2022 01: +0,773.738,3
Feb 22 2022 01: +0,732.68,5
Feb 23 2022 01: +0,849.188,1
Feb 24 2022 01: +0,747.143,4
Feb 26 2022 01: +0,775.868,6
Feb 27 2022 01: +0,754.315,5
Feb 28 2022 01: +0,761.501,9
Mar 01 2022 01: +0,814.595,5
Mar 02 2022 01: +0,743.86,2
Mar 03 2022 01: +0,773.792,7
Mar 04 2022 01: +0,842.498,3
Mar 05 2022 01: +0,801.864,8
Mar 06 2022 01: +0,827.919,3
Mar 07 2022 01: +0,799.415,6
Mar 08 2022 01: +0,755.17,3
Mar 09 2022 01: +0,809.255,3
Mar 10 2022 01: +0,779.782,4
Mar 11 2022 01: +0,825.654,5
Mar 12 2022 01: +0,820.402,4
Mar 13 2022 01: +0,807.06,2
Mar 14 2022 01: +0,791.404,5
Mar 15 2022 01: +0,780.29,2
Mar 16 2022 01: +0,830.043,3
Mar 17 2022 01: +0,763.942,3
Mar 18 2022 01: +0,818.161,4
Mar 19 2022 01: +0,809.345,4
Mar 20 2022 01: +0,848.259,1
Mar 21 2022 01: +0,860.119,4
Mar 22 2022 01: +0,809.34,1
Mar 23 2022 01: +0,995.239,1
Mar 24 2022 01: +0,815.02,1
Mar 25 2022 01: +0,890.578,5
Mar 26 2022 01: +0,852.053,6
Mar 27 2022 01: +0,850.035,3
Mar 28 2022 01: +0,799.25,1
Mar 29 2022 01: +0,864.057,6
Mar 30 2022 01: +0,834.511,3
Mar 31 2022 01: +0,690.66,1
Apr 01 2022 01: +0,853.456,1
Apr 02 2022 01: +0,881.824,5
Apr 04 2022 01: +0,901.751,4
Apr 05 2022 01: +0,849.13,1
Apr 06 2022 01: +0,909.536,2
Apr 07 2022 01: +0,889.637,4
Apr 08 2022 01: +0,953.505,2
Apr 09 2022 01: +0,896.147,3
Apr 10 2022 01: +0,883.837,4
Apr 11 2022 01: +0,869.328,4
Apr 12 2022 01: +0,981.979,2
Apr 13 2022 01: +0,877.485,2
Apr 14 2022 01: +0,879.18,1
Apr 15 2022 01: +0,871.36,4
Apr 16 2022 01: +0,888.729,9
Apr 17 2022 01: +0,924.181,5
Apr 18 2022 01: +0,956.078,2
Apr 19 2022 01: +0,926.222,3
Apr 20 2022 01: +0,1027.174,2
Apr 21 2022 01: +0,981.754,3
Apr 22 2022 01: +0,945.9,5
Apr 23 2022 01: +0,922.465,2
Apr 24 2022 01: +0,908.903,3
Apr 25 2022 01: +0,915.007,2
Apr 26 2022 01: +0,986.312,1
Apr 28 2022 01: +0,893.82,3
Apr 29 2022 01: +0,871.184,2
May 01 2022 01: +0,894.695,9
May 02 2022 01: +0,874.042,4
May 04 2022 01: +0,1008.835,3
May 05 2022 01: +0,906.695,3
May 06 2022 01: +0,866.246,3
May 08 2022 01: +0,887.647,3
May 09 2022 01: +0,949.737,3
May 10 2022 01: +0,869.88,1
May 11 2022 01: +0,853.261,5
May 12 2022 01: +0,864.72,1
May 13 2022 01: +0,930.999,2
May 14 2022 01: +0,835.25,1
May 15 2022 01: +0,852.614,2
May 16 2022 01: +0,1138.065,2
May 17 2022 01: +0,966.924,1
May 18 2022 01: +0,838.155,2
May 19 2022 01: +0,889.997,3
May 20 2022 01: +0,859.832,4
May 21 2022 01: +0,858.919,2
Jun 11 2022 01: +0,877.57,1
Jun 14 2022 01: +0,910.467,1
