Mar 19 2017 01: +0,386.074,1
Mar 20 2017 01: +0,400,1
Mar 22 2017 01: +0,394.118,2
Mar 23 2017 01: +0,384.115,3
Mar 27 2017 01: +0,383.046,1
Mar 31 2017 01: +0,385.007,2
Apr 01 2017 01: +0,384.846,3
Apr 02 2017 01: +0,383.862,1
Apr 04 2017 01: +0,395.99,1
Apr 06 2017 01: +0,400.004,1
Apr 07 2017 01: +0,348.404,1
Apr 08 2017 01: +0,392.887,3
Apr 10 2017 01: +0,400.429,2
Apr 13 2017 01: +0,391.727,3
Apr 15 2017 01: +0,399.994,1
Apr 16 2017 01: +0,400,1
Apr 17 2017 01: +0,382.257,1
Apr 18 2017 01: +0,400.007,1
Apr 19 2017 01: +0,428.022,2
Apr 20 2017 01: +0,427.643,2
Apr 23 2017 01: +0,469.497,1
Apr 24 2017 01: +0,400.005,1
Apr 26 2017 01: +0,441.685,6
Apr 27 2017 01: +0,400,1
Apr 28 2017 01: +0,401.799,2
Apr 29 2017 01: +0,464.907,2
May 02 2017 01: +0,420.193,5
May 03 2017 01: +0,459.879,3
May 04 2017 01: +0,435.499,3
May 05 2017 01: +0,364.105,3
May 06 2017 01: +0,431.213,3
May 07 2017 01: +0,438.378,3
May 09 2017 01: +0,370,1
May 10 2017 01: +0,392.691,3
May 11 2017 01: +0,425.729,1
May 12 2017 01: +0,371.638,2
May 13 2017 01: +0,419.262,3
May 14 2017 01: +0,386.653,3
May 15 2017 01: +0,426.951,3
May 16 2017 01: +0,427.012,3
May 17 2017 01: +0,339.4,1
May 18 2017 01: +0,430.84,2
May 19 2017 01: +0,420.79,1
May 20 2017 01: +0,435.01,1
May 21 2017 01: +0,432.792,2
May 22 2017 01: +0,486.289,1
May 23 2017 01: +0,434.29,1
May 24 2017 01: +0,434.268,3
May 26 2017 01: +0,479.498,2
May 27 2017 01: +0,459.457,2
May 28 2017 01: +0,378.6,1
May 30 2017 01: +0,404.175,2
May 31 2017 01: +0,448.026,1
Jun 01 2017 01: +0,373.408,3
Jun 02 2017 01: +0,364.98,1
Jun 03 2017 01: +0,427.584,3
Jun 04 2017 01: +0,385.408,3
Jun 05 2017 01: +0,356.293,1
Jun 06 2017 01: +0,410.109,2
Jun 07 2017 01: +0,391.066,4
Jun 08 2017 01: +0,358.5,2
Jun 09 2017 01: +0,391.061,2
Jun 10 2017 01: +0,398.17,1
Jun 13 2017 01: +0,380.521,1
Jun 14 2017 01: +0,370,1
Jun 15 2017 01: +0,380.459,8
Jun 16 2017 01: +0,364.44,2
Jun 17 2017 01: +0,425,1
Jun 18 2017 01: +0,334.855,1
Jun 19 2017 01: +0,419.562,1
Jun 20 2017 01: +0,374.765,3
Jun 22 2017 01: +0,379.501,1
Jun 23 2017 01: +0,337.456,4
Jun 24 2017 01: +0,344.001,4
Jun 25 2017 01: +0,333.989,3
Jun 26 2017 01: +0,344.316,3
Jun 27 2017 01: +0,346.005,6
Jun 28 2017 01: +0,379.046,1
Jun 29 2017 01: +0,384.169,1
Jun 30 2017 01: +0,448.15,1
Jul 01 2017 01: +0,360.971,2
Jul 02 2017 01: +0,367.951,3
Jul 03 2017 01: +0,323.055,1
Jul 04 2017 01: +0,323.132,4
Jul 05 2017 01: +0,364.884,3
Jul 06 2017 01: +0,368,1
Jul 07 2017 01: +0,379.222,3
Jul 08 2017 01: +0,252.622,1
Jul 09 2017 01: +0,369.9,1
Jul 10 2017 01: +0,330,1
Jul 12 2017 01: +0,321.105,2
Jul 13 2017 01: +0,357.469,2
Jul 14 2017 01: +0,378.951,2
Jul 15 2017 01: +0,373.979,4
Jul 16 2017 01: +0,335,1
Jul 17 2017 01: +0,361.546,3
Jul 18 2017 01: +0,331.065,1
Jul 19 2017 01: +0,381.325,3
Jul 21 2017 01: +0,358.337,4
Jul 22 2017 01: +0,381.962,2
Jul 24 2017 01: +0,379.3,1
Jul 25 2017 01: +0,388.74,2
Jul 26 2017 01: +0,359.82,2
Jul 27 2017 01: +0,371.575,2
Jul 28 2017 01: +0,356.351,2
Jul 29 2017 01: +0,385.498,2
Jul 30 2017 01: +0,340.644,2
Jul 31 2017 01: +0,345.956,3
Aug 01 2017 01: +0,375.006,3
Aug 02 2017 01: +0,404.006,1
Aug 03 2017 01: +0,376.008,3
Aug 04 2017 01: +0,410.905,2
Aug 05 2017 01: +0,392.808,3
Aug 06 2017 01: +0,390.876,2
Aug 07 2017 01: +0,365.716,1
Aug 08 2017 01: +0,402.587,3
Aug 11 2017 01: +0,370.148,3
Aug 12 2017 01: +0,372.241,5
Aug 13 2017 01: +0,404.927,3
Aug 14 2017 01: +0,414.105,1
Aug 15 2017 01: +0,412.011,1
Aug 16 2017 01: +0,412.008,1
Aug 17 2017 01: +0,398.723,2
Aug 18 2017 01: +0,377.865,2
Aug 19 2017 01: +0,364.788,4
Aug 20 2017 01: +0,396.75,1
Aug 21 2017 01: +0,342.001,1
Aug 22 2017 01: +0,399.751,1
Aug 24 2017 01: +0,343.13,1
Aug 26 2017 01: +0,354.611,2
Aug 27 2017 01: +0,377.427,1
Aug 28 2017 01: +0,359.423,3
Aug 29 2017 01: +0,358.704,2
Aug 30 2017 01: +0,360.055,2
Aug 31 2017 01: +0,347.726,4
Sep 01 2017 01: +0,367.985,2
Sep 02 2017 01: +0,384.79,2
Sep 03 2017 01: +0,363.12,4
Sep 04 2017 01: +0,387.451,4
Sep 05 2017 01: +0,399.38,2
Sep 06 2017 01: +0,396.549,6
Sep 07 2017 01: +0,339.25,2
Sep 08 2017 01: +0,404.46,1
Sep 09 2017 01: +0,382.144,3
Sep 11 2017 01: +0,409.02,1
Sep 16 2017 01: +0,353.085,2
Sep 17 2017 01: +0,334.489,3
Sep 18 2017 01: +0,336.429,2
Sep 19 2017 01: +0,325.655,2
Sep 20 2017 01: +0,348.72,5
Sep 21 2017 01: +0,364.53,2
Sep 22 2017 01: +0,345.127,2
Sep 23 2017 01: +0,309.96,2
Sep 24 2017 01: +0,357.005,2
Sep 25 2017 01: +0,344.909,2
Sep 26 2017 01: +0,356.067,2
Sep 27 2017 01: +0,350.579,4
Sep 28 2017 01: +0,336.893,2
Sep 29 2017 01: +0,301.043,3
Sep 30 2017 01: +0,313.63,4
Oct 01 2017 01: +0,323.11,2
Oct 02 2017 01: +0,337.263,2
Oct 03 2017 01: +0,313.288,4
Oct 04 2017 01: +0,312.786,4
Oct 05 2017 01: +0,344.537,3
Oct 06 2017 01: +0,323.511,2
Oct 07 2017 01: +0,301.123,2
Oct 08 2017 01: +0,347.646,2
Oct 09 2017 01: +0,309.209,1
Oct 10 2017 01: +0,301.284,6
Oct 11 2017 01: +0,285.984,5
Oct 12 2017 01: +0,319.129,4
Oct 13 2017 01: +0,330.383,3
Oct 14 2017 01: +0,292.844,4
Oct 15 2017 01: +0,346.73,4
Oct 16 2017 01: +0,277.149,5
Oct 17 2017 01: +0,335.265,1
Oct 18 2017 01: +0,280.95,1
Oct 19 2017 01: +0,323.322,4
Oct 20 2017 01: +0,294.757,1
Oct 21 2017 01: +0,329.99,1
Oct 22 2017 01: +0,324.271,1
Oct 23 2017 01: +0,313.928,4
Oct 24 2017 01: +0,309.447,3
Oct 25 2017 01: +0,310.195,1
Oct 26 2017 01: +0,301.086,2
Oct 27 2017 01: +0,323.827,1
Oct 28 2017 01: +0,307.043,1
Oct 29 2017 01: +0,271.823,5
Oct 30 2017 01: +0,330.012,1
Oct 31 2017 01: +0,311.682,3
Nov 01 2017 01: +0,313.927,1
Nov 02 2017 01: +0,316.152,4
Nov 03 2017 01: +0,264.496,3
Nov 04 2017 01: +0,328.715,2
Nov 06 2017 01: +0,275.92,2
Nov 07 2017 01: +0,276.389,4
Nov 08 2017 01: +0,273.864,5
Nov 09 2017 01: +0,253.044,3
Nov 11 2017 01: +0,279.296,4
Nov 12 2017 01: +0,293.21,3
Nov 13 2017 01: +0,317.722,1
Nov 14 2017 01: +0,296.542,3
Nov 16 2017 01: +0,316.108,1
Nov 17 2017 01: +0,301.765,4
Nov 18 2017 01: +0,306.552,2
Nov 19 2017 01: +0,306.355,1
Nov 20 2017 01: +0,298.28,1
Nov 21 2017 01: +0,280.508,2
Nov 22 2017 01: +0,274.599,2
Nov 23 2017 01: +0,262.839,3
Nov 24 2017 01: +0,258.974,3
Nov 25 2017 01: +0,271.124,3
Nov 26 2017 01: +0,263.309,3
Nov 27 2017 01: +0,267.072,2
Nov 28 2017 01: +0,285.61,5
Nov 29 2017 01: +0,302.036,3
Nov 30 2017 01: +0,258.4,1
Dec 01 2017 01: +0,298.584,2
Dec 02 2017 01: +0,255.924,4
Dec 03 2017 01: +0,274.183,6
Dec 04 2017 01: +0,269.803,3
Dec 05 2017 01: +0,254.029,4
Dec 06 2017 01: +0,252.777,2
Dec 07 2017 01: +0,280.435,4
Dec 08 2017 01: +0,287.804,3
Dec 09 2017 01: +0,279.147,2
Dec 10 2017 01: +0,261.317,3
Dec 11 2017 01: +0,277.563,1
Dec 12 2017 01: +0,282.554,3
Dec 13 2017 01: +0,275.618,3
Dec 15 2017 01: +0,263.841,3
Dec 16 2017 01: +0,261.873,3
Dec 17 2017 01: +0,268.42,3
Dec 18 2017 01: +0,272.724,3
Dec 19 2017 01: +0,264.284,4
Dec 20 2017 01: +0,263.74,5
Dec 21 2017 01: +0,272.651,4
Dec 22 2017 01: +0,282.612,3
Dec 23 2017 01: +0,290.117,1
Dec 24 2017 01: +0,269.484,3
Dec 25 2017 01: +0,244.15,9
Dec 26 2017 01: +0,267.235,3
Dec 27 2017 01: +0,277.011,10
Dec 28 2017 01: +0,290.411,5
Dec 29 2017 01: +0,301.601,5
Dec 31 2017 01: +0,302.72,2
Jan 01 2018 01: +0,282.262,3
Jan 02 2018 01: +0,263.988,3
Jan 03 2018 01: +0,239.18,3
Jan 04 2018 01: +0,259.695,2
Jan 05 2018 01: +0,271.197,6
Jan 06 2018 01: +0,291.648,3
Jan 08 2018 01: +0,300.815,2
Jan 09 2018 01: +0,273.763,2
Jan 10 2018 01: +0,302.488,3
Jan 11 2018 01: +0,306.354,3
Jan 12 2018 01: +0,305.339,3
Jan 13 2018 01: +0,293.193,5
Jan 14 2018 01: +0,285.887,2
Jan 15 2018 01: +0,281.591,3
Jan 16 2018 01: +0,289.989,8
Jan 17 2018 01: +0,312.737,3
Jan 18 2018 01: +0,261.486,2
Jan 19 2018 01: +0,275,1
Jan 20 2018 01: +0,273.958,4
Jan 21 2018 01: +0,261.215,2
Jan 22 2018 01: +0,241.873,6
Jan 23 2018 01: +0,272.845,4
Jan 24 2018 01: +0,261.964,2
Jan 25 2018 01: +0,278.946,2
Jan 26 2018 01: +0,268.71,7
Jan 27 2018 01: +0,282.097,5
Jan 28 2018 01: +0,286.71,5
Jan 29 2018 01: +0,293.63,2
Jan 30 2018 01: +0,283.347,6
Jan 31 2018 01: +0,265.06,3
Feb 01 2018 01: +0,272.615,3
Feb 02 2018 01: +0,266.217,4
Feb 03 2018 01: +0,275.926,4
Feb 04 2018 01: +0,255.365,4
Feb 05 2018 01: +0,254.252,3
Feb 06 2018 01: +0,274.457,2
Feb 07 2018 01: +0,281.009,3
Feb 08 2018 01: +0,273.606,3
Feb 09 2018 01: +0,263.723,8
Feb 10 2018 01: +0,275.29,5
Feb 11 2018 01: +0,265.239,7
Feb 12 2018 01: +0,282.049,6
Feb 13 2018 01: +0,291.904,1
Feb 14 2018 01: +0,272.12,2
Feb 15 2018 01: +0,254.731,3
Feb 16 2018 01: +0,255.878,10
Feb 17 2018 01: +0,273.287,3
Feb 18 2018 01: +0,275.917,4
Feb 19 2018 01: +0,190.823,3
Feb 20 2018 01: +0,256.111,4
Feb 21 2018 01: +0,256.866,4
Feb 22 2018 01: +0,269.512,4
Feb 23 2018 01: +0,271.466,5
Feb 24 2018 01: +0,269.364,4
Feb 25 2018 01: +0,274.407,4
Feb 26 2018 01: +0,274.704,5
Feb 27 2018 01: +0,265.409,7
Feb 28 2018 01: +0,265.509,1
Mar 01 2018 01: +0,274.662,9
Mar 02 2018 01: +0,268.251,5
Mar 03 2018 01: +0,266.596,4
Mar 04 2018 01: +0,258.063,8
Mar 05 2018 01: +0,260.604,3
Mar 06 2018 01: +0,255.195,6
Mar 07 2018 01: +0,270.079,8
Mar 08 2018 01: +0,268.513,5
Mar 09 2018 01: +0,265.273,10
Mar 10 2018 01: +0,247.342,2
Mar 11 2018 01: +0,263.373,2
Mar 12 2018 01: +0,249.166,2
Mar 13 2018 01: +0,279.176,2
Mar 14 2018 01: +0,263.177,4
Mar 15 2018 01: +0,262.281,3
Mar 16 2018 01: +0,267.152,8
Mar 17 2018 01: +0,261.241,10
Mar 18 2018 01: +0,266.349,7
Mar 19 2018 01: +0,283.752,1
Mar 20 2018 01: +0,274.708,3
Mar 21 2018 01: +0,269.817,6
Mar 23 2018 01: +0,258.591,5
Mar 24 2018 01: +0,267.828,3
Mar 25 2018 01: +0,271.873,2
Mar 26 2018 01: +0,223.673,4
Mar 27 2018 01: +0,263.652,3
Mar 28 2018 01: +0,260.089,4
Mar 29 2018 01: +0,256.162,3
Mar 30 2018 01: +0,240.233,7
Mar 31 2018 01: +0,250.361,6
Apr 01 2018 01: +0,247.868,4
Apr 02 2018 01: +0,232.028,6
Apr 03 2018 01: +0,257.832,2
Apr 04 2018 01: +0,250.104,7
Apr 05 2018 01: +0,230.453,5
Apr 06 2018 01: +0,230.695,4
Apr 07 2018 01: +0,227.805,5
Apr 08 2018 01: +0,218.628,7
Apr 09 2018 01: +0,215.156,5
Apr 10 2018 01: +0,226.348,7
Apr 11 2018 01: +0,214.579,3
Apr 12 2018 01: +0,231.013,5
Apr 13 2018 01: +0,222.009,3
Apr 14 2018 01: +0,222.35,7
Apr 15 2018 01: +0,204.609,7
Apr 16 2018 01: +0,201.698,8
Apr 17 2018 01: +0,205.075,7
Apr 18 2018 01: +0,195.487,3
Apr 19 2018 01: +0,216.973,5
Apr 20 2018 01: +0,197.14,7
Apr 21 2018 01: +0,208.534,8
Apr 22 2018 01: +0,215.321,5
Apr 23 2018 01: +0,213.718,8
Apr 24 2018 01: +0,202.73,6
Apr 25 2018 01: +0,227.237,4
Apr 26 2018 01: +0,208.506,2
Apr 27 2018 01: +0,217.049,9
Apr 28 2018 01: +0,207.551,2
Apr 29 2018 01: +0,216.961,8
Apr 30 2018 01: +0,224.253,9
May 01 2018 01: +0,218.837,6
May 02 2018 01: +0,226.038,4
May 03 2018 01: +0,239.348,4
May 04 2018 01: +0,214.525,6
May 05 2018 01: +0,249.322,7
May 06 2018 01: +0,217.437,9
May 07 2018 01: +0,213.947,4
May 08 2018 01: +0,222.002,6
May 09 2018 01: +0,220.003,4
May 10 2018 01: +0,206.915,6
May 11 2018 01: +0,210.735,8
May 12 2018 01: +0,202.623,8
May 13 2018 01: +0,205.551,10
May 14 2018 01: +0,211.649,5
May 15 2018 01: +0,207.445,7
May 16 2018 01: +0,212.95,6
May 17 2018 01: +0,197.014,5
May 18 2018 01: +0,208.912,2
May 19 2018 01: +0,199.21,8
May 20 2018 01: +0,205.822,8
May 21 2018 01: +0,208.675,2
May 22 2018 01: +0,208.534,7
May 23 2018 01: +0,216.339,6
May 24 2018 01: +0,198.29,4
May 25 2018 01: +0,190.344,5
May 26 2018 01: +0,198.997,10
May 27 2018 01: +0,192.383,4
May 28 2018 01: +0,189.48,8
May 29 2018 01: +0,200.649,6
May 30 2018 01: +0,207.121,3
May 31 2018 01: +0,209.178,8
Jun 01 2018 01: +0,205.418,8
Jun 02 2018 01: +0,214.168,2
Jun 03 2018 01: +0,208.826,8
Jun 04 2018 01: +0,205.658,3
Jun 05 2018 01: +0,208.637,5
Jun 06 2018 01: +0,203.877,6
Jun 07 2018 01: +0,197.74,1
Jun 08 2018 01: +0,203.458,4
Jun 09 2018 01: +0,185.199,8
Jun 10 2018 01: +0,174.425,14
Jun 11 2018 01: +0,178.342,7
Jun 12 2018 01: +0,175.664,6
Jun 13 2018 01: +0,173.252,7
Jun 14 2018 01: +0,175.537,9
Jun 15 2018 01: +0,175.816,10
Jun 16 2018 01: +0,179.784,7
Jun 17 2018 01: +0,183.827,12
Jun 18 2018 01: +0,189.596,5
Jun 19 2018 01: +0,189.452,3
Jun 20 2018 01: +0,198.312,10
Jun 21 2018 01: +0,180.409,5
Jun 22 2018 01: +0,193.532,9
Jun 23 2018 01: +0,144.026,4
Jun 24 2018 01: +0,182.334,3
Jun 25 2018 01: +0,179.618,5
Jun 26 2018 01: +0,186.583,3
Jun 27 2018 01: +0,187.873,8
Jun 28 2018 01: +0,193.666,3
Jun 29 2018 01: +0,171.146,11
Jun 30 2018 01: +0,175.189,6
Jul 01 2018 01: +0,184.532,7
Jul 02 2018 01: +0,181.25,5
Jul 03 2018 01: +0,178.61,7
Jul 04 2018 01: +0,195.036,5
Jul 05 2018 01: +0,185.641,6
Jul 06 2018 01: +0,188.327,6
Jul 07 2018 01: +0,189.599,7
Jul 08 2018 01: +0,190.541,7
Jul 09 2018 01: +0,190.438,5
Jul 10 2018 01: +0,195.757,7
Jul 11 2018 01: +0,189.703,11
Jul 12 2018 01: +0,191.056,8
Jul 13 2018 01: +0,189.797,6
Jul 14 2018 01: +0,193.727,11
Jul 15 2018 01: +0,190.217,7
Jul 16 2018 01: +0,184.296,4
Jul 17 2018 01: +0,194.966,12
Jul 18 2018 01: +0,186.556,7
Jul 19 2018 01: +0,184.492,6
Jul 20 2018 01: +0,181.822,13
Jul 21 2018 01: +0,191.556,7
Jul 22 2018 01: +0,179.929,7
Jul 23 2018 01: +0,185.151,7
Jul 24 2018 01: +0,190.95,11
Jul 25 2018 01: +0,194.74,7
Jul 26 2018 01: +0,197.297,8
Jul 27 2018 01: +0,201.635,8
Jul 28 2018 01: +0,201.172,13
Jul 29 2018 01: +0,190.577,9
Jul 30 2018 01: +0,192.25,10
Jul 31 2018 01: +0,205.182,5
Aug 01 2018 01: +0,206.989,9
Aug 02 2018 01: +0,207.761,6
Aug 03 2018 01: +0,189.892,11
Aug 04 2018 01: +0,205.55,5
Aug 05 2018 01: +0,197.068,10
Aug 06 2018 01: +0,198.463,14
Aug 07 2018 01: +0,194.972,8
Aug 08 2018 01: +0,199.371,10
Aug 09 2018 01: +0,189.794,8
Aug 10 2018 01: +0,178.662,14
Aug 11 2018 01: +0,200.788,16
Aug 12 2018 01: +0,196.871,6
Aug 13 2018 01: +0,209.267,10
Aug 14 2018 01: +0,202.994,4
Aug 15 2018 01: +0,191.604,7
Aug 16 2018 01: +0,187.946,12
Aug 17 2018 01: +0,199.676,7
Aug 18 2018 01: +0,187.396,8
Aug 19 2018 01: +0,203.665,7
Aug 20 2018 01: +0,201.04,10
Aug 21 2018 01: +0,200.286,4
Aug 22 2018 01: +0,204.123,5
Aug 23 2018 01: +0,207.584,4
Aug 24 2018 01: +0,203.689,7
Aug 25 2018 01: +0,211.311,5
Aug 26 2018 01: +0,208.3,8
Aug 27 2018 01: +0,194.795,6
Aug 28 2018 01: +0,198.919,3
Aug 29 2018 01: +0,208.362,9
Aug 30 2018 01: +0,189.052,10
Aug 31 2018 01: +0,193.468,15
Sep 01 2018 01: +0,206.035,5
Sep 02 2018 01: +0,194.375,13
Sep 03 2018 01: +0,211.038,11
Sep 04 2018 01: +0,199.582,4
Sep 05 2018 01: +0,207.707,9
Sep 06 2018 01: +0,200.425,5
Sep 07 2018 01: +0,213.535,10
Sep 08 2018 01: +0,211.781,3
Sep 09 2018 01: +0,195.061,8
Sep 10 2018 01: +0,205.961,9
Sep 11 2018 01: +0,209.653,6
Sep 12 2018 01: +0,205.739,7
Sep 13 2018 01: +0,205.518,6
Sep 14 2018 01: +0,208.256,10
Sep 15 2018 01: +0,208.861,10
Sep 16 2018 01: +0,207.677,8
Sep 17 2018 01: +0,201.901,10
Sep 18 2018 01: +0,216.812,4
Sep 19 2018 01: +0,217.969,10
Sep 20 2018 01: +0,207.759,5
Sep 21 2018 01: +0,213.782,8
Sep 22 2018 01: +0,213.471,5
Sep 23 2018 01: +0,214.691,5
Sep 24 2018 01: +0,220.804,6
Sep 25 2018 01: +0,218.323,5
Sep 26 2018 01: +0,220.582,6
Sep 27 2018 01: +0,213.137,8
Sep 28 2018 01: +0,216.434,9
Sep 29 2018 01: +0,214.342,6
Sep 30 2018 01: +0,226.245,8
Oct 01 2018 01: +0,229.737,8
Oct 02 2018 01: +0,233.961,4
Oct 03 2018 01: +0,218.887,15
Oct 04 2018 01: +0,223.665,3
Oct 05 2018 01: +0,219.046,10
Oct 06 2018 01: +0,223.713,6
Oct 07 2018 01: +0,229.322,11
Oct 08 2018 01: +0,238.787,6
Oct 09 2018 01: +0,237.512,4
Oct 10 2018 01: +0,218.514,4
Oct 11 2018 01: +0,226.116,8
Oct 12 2018 01: +0,217.824,2
Oct 13 2018 01: +0,214.235,9
Oct 14 2018 01: +0,202.608,3
Oct 15 2018 01: +0,208.492,4
Oct 16 2018 01: +0,222.935,7
Oct 17 2018 01: +0,225.439,3
Oct 18 2018 01: +0,224.686,6
Oct 19 2018 01: +0,216.645,10
Oct 20 2018 01: +0,212.819,8
Oct 21 2018 01: +0,228.388,4
Oct 22 2018 01: +0,216.758,5
Oct 23 2018 01: +0,226.901,3
Oct 24 2018 01: +0,216.629,6
Oct 25 2018 01: +0,219.714,4
Oct 26 2018 01: +0,203.043,10
Oct 27 2018 01: +0,215.011,1
Oct 28 2018 01: +0,213.68,6
Oct 29 2018 01: +0,201.079,3
Oct 30 2018 01: +0,222.085,8
Oct 31 2018 01: +0,226.45,8
Nov 01 2018 01: +0,219.694,2
Nov 02 2018 01: +0,217.469,8
Nov 03 2018 01: +0,218.572,6
Nov 04 2018 01: +0,213.306,6
Nov 05 2018 01: +0,217.558,4
Nov 06 2018 01: +0,226.193,5
Nov 07 2018 01: +0,215.803,2
Nov 08 2018 01: +0,214.091,4
Nov 09 2018 01: +0,210.365,5
Nov 10 2018 01: +0,223.094,11
Nov 11 2018 01: +0,208.326,6
Nov 12 2018 01: +0,226.707,5
Nov 13 2018 01: +0,219.347,3
Nov 14 2018 01: +0,214.431,6
Nov 15 2018 01: +0,204.386,4
Nov 16 2018 01: +0,210.389,5
Nov 17 2018 01: +0,209.121,6
Nov 18 2018 01: +0,205.161,4
Nov 19 2018 01: +0,212.127,11
Nov 20 2018 01: +0,212.502,2
Nov 21 2018 01: +0,200.056,5
Nov 22 2018 01: +0,203.477,7
Nov 23 2018 01: +0,210.201,4
Nov 24 2018 01: +0,203.406,4
Nov 25 2018 01: +0,202.012,6
Nov 26 2018 01: +0,213.41,3
Nov 27 2018 01: +0,215.251,2
Nov 28 2018 01: +0,200.842,4
Nov 29 2018 01: +0,197.643,7
Nov 30 2018 01: +0,194.699,8
Dec 01 2018 01: +0,200.188,9
Dec 02 2018 01: +0,188.47,9
Dec 03 2018 01: +0,203.75,8
Dec 04 2018 01: +0,183.642,3
Dec 05 2018 01: +0,195.206,7
Dec 06 2018 01: +0,188.769,10
Dec 07 2018 01: +0,185.042,7
Dec 08 2018 01: +0,190.806,14
Dec 09 2018 01: +0,197.753,5
Dec 10 2018 01: +0,200.551,7
Dec 11 2018 01: +0,208.373,8
Dec 12 2018 01: +0,202.675,8
Dec 13 2018 01: +0,200.32,2
Dec 14 2018 01: +0,204.615,5
Dec 15 2018 01: +0,196.971,8
Dec 16 2018 01: +0,193.549,8
Dec 17 2018 01: +0,197.098,1
Dec 18 2018 01: +0,195.743,5
Dec 19 2018 01: +0,200.261,7
Dec 20 2018 01: +0,190.556,5
Dec 21 2018 01: +0,190.201,8
Dec 22 2018 01: +0,191.164,9
Dec 23 2018 01: +0,188.41,7
Dec 24 2018 01: +0,192.863,6
Dec 25 2018 01: +0,198.047,11
Dec 26 2018 01: +0,198.122,13
Dec 27 2018 01: +0,200.555,13
Dec 28 2018 01: +0,219.271,11
Dec 29 2018 01: +0,217.319,5
Dec 30 2018 01: +0,210.87,7
Dec 31 2018 01: +0,202.737,7
Jan 01 2019 01: +0,214.85,10
Jan 02 2019 01: +0,215.129,6
Jan 03 2019 01: +0,208.355,10
Jan 04 2019 01: +0,212.027,10
Jan 05 2019 01: +0,225.487,6
Jan 06 2019 01: +0,225.981,11
Jan 07 2019 01: +0,201.561,8
Jan 08 2019 01: +0,209.03,11
Jan 09 2019 01: +0,207.851,10
Jan 10 2019 01: +0,222.485,9
Jan 11 2019 01: +0,226.348,3
Jan 12 2019 01: +0,217.561,8
Jan 13 2019 01: +0,223.573,4
Jan 14 2019 01: +0,210.907,9
Jan 15 2019 01: +0,221.337,5
Jan 16 2019 01: +0,215.913,7
Jan 17 2019 01: +0,221.761,4
Jan 18 2019 01: +0,225.314,8
Jan 19 2019 01: +0,224.417,10
Jan 20 2019 01: +0,219.409,5
Jan 21 2019 01: +0,225.034,7
Jan 22 2019 01: +0,221.307,11
Jan 23 2019 01: +0,212.37,7
Jan 24 2019 01: +0,220.35,3
Jan 25 2019 01: +0,216.54,10
Jan 26 2019 01: +0,217.282,9
Jan 27 2019 01: +0,213.277,7
Jan 28 2019 01: +0,223.23,5
Jan 29 2019 01: +0,233.645,5
Jan 30 2019 01: +0,238.491,8
Jan 31 2019 01: +0,234.522,6
Feb 01 2019 01: +0,233.754,9
Feb 02 2019 01: +0,223.374,11
Feb 03 2019 01: +0,232.94,10
Feb 04 2019 01: +0,224.862,8
Feb 05 2019 01: +0,216.834,7
Feb 06 2019 01: +0,208.259,9
Feb 07 2019 01: +0,225.484,2
Feb 08 2019 01: +0,221.127,10
Feb 09 2019 01: +0,222.875,10
Feb 10 2019 01: +0,213.878,9
Feb 11 2019 01: +0,228.604,5
Feb 12 2019 01: +0,214.169,7
Feb 13 2019 01: +0,221.5,8
Feb 14 2019 01: +0,195.71,3
Feb 15 2019 01: +0,209.981,5
Feb 16 2019 01: +0,220.92,12
Feb 17 2019 01: +0,227.553,10
Feb 18 2019 01: +0,238.242,4
Feb 19 2019 01: +0,219.139,6
Feb 20 2019 01: +0,222.528,5
Feb 21 2019 01: +0,222.815,10
Feb 22 2019 01: +0,223.197,9
Feb 23 2019 01: +0,228.915,9
Feb 24 2019 01: +0,222.284,7
Feb 25 2019 01: +0,230.21,7
Feb 26 2019 01: +0,242.964,3
Feb 27 2019 01: +0,230.677,10
Feb 28 2019 01: +0,228.996,5
Mar 01 2019 01: +0,233.226,8
Mar 02 2019 01: +0,231.32,5
Mar 03 2019 01: +0,228.091,17
Mar 04 2019 01: +0,230.556,6
Mar 05 2019 01: +0,233.806,7
Mar 06 2019 01: +0,220.163,3
Mar 07 2019 01: +0,231.981,8
Mar 08 2019 01: +0,237.051,6
Mar 09 2019 01: +0,235.654,8
Mar 10 2019 01: +0,242.972,8
Mar 11 2019 01: +0,234.011,7
Mar 12 2019 01: +0,240.194,5
Mar 13 2019 01: +0,247.751,5
Mar 14 2019 01: +0,235.884,7
Mar 15 2019 01: +0,229.513,4
Mar 16 2019 01: +0,239.416,8
Mar 17 2019 01: +0,229.168,9
Mar 18 2019 01: +0,257.899,6
Mar 19 2019 01: +0,225.192,3
Mar 20 2019 01: +0,230.921,8
Mar 21 2019 01: +0,230.811,4
Mar 22 2019 01: +0,236.64,7
Mar 23 2019 01: +0,224.591,7
Mar 24 2019 01: +0,234.26,9
Mar 25 2019 01: +0,237.404,5
Mar 26 2019 01: +0,225.268,9
Mar 27 2019 01: +0,228.463,7
Mar 28 2019 01: +0,228.277,10
Mar 29 2019 01: +0,234.243,9
Mar 30 2019 01: +0,245.407,11
Mar 31 2019 01: +0,245.102,7
Apr 01 2019 01: +0,227.289,8
Apr 02 2019 01: +0,235.108,4
Apr 03 2019 01: +0,239.691,10
Apr 04 2019 01: +0,253.061,8
Apr 05 2019 01: +0,243.672,11
Apr 06 2019 01: +0,234.335,5
Apr 07 2019 01: +0,242.025,9
Apr 08 2019 01: +0,250.683,10
Apr 09 2019 01: +0,265.44,8
Apr 10 2019 01: +0,235.407,6
Apr 11 2019 01: +0,231.211,11
Apr 12 2019 01: +0,250.403,5
Apr 13 2019 01: +0,244.159,8
Apr 14 2019 01: +0,248.456,6
Apr 15 2019 01: +0,250.396,7
Apr 16 2019 01: +0,258.457,7
Apr 17 2019 01: +0,265.954,4
Apr 18 2019 01: +0,242.695,4
Apr 19 2019 01: +0,254.775,10
Apr 20 2019 01: +0,229.69,2
Apr 21 2019 01: +0,246.562,6
Apr 22 2019 01: +0,237.976,7
Apr 23 2019 01: +0,246.91,3
Apr 24 2019 01: +0,261.248,4
Apr 25 2019 01: +0,242.357,5
Apr 26 2019 01: +0,249.026,8
Apr 27 2019 01: +0,248.241,7
Apr 28 2019 01: +0,262.238,7
Apr 29 2019 01: +0,237.245,5
Apr 30 2019 01: +0,247.569,4
May 01 2019 01: +0,256.055,4
May 02 2019 01: +0,250.323,4
May 03 2019 01: +0,253.714,12
May 04 2019 01: +0,256.94,9
May 05 2019 01: +0,244.313,5
May 06 2019 01: +0,248.579,8
May 07 2019 01: +0,240.304,7
May 08 2019 01: +0,239.435,6
May 09 2019 01: +0,243.462,7
May 10 2019 01: +0,245.022,6
May 11 2019 01: +0,242.209,8
May 12 2019 01: +0,259.987,3
May 13 2019 01: +0,238.986,6
May 14 2019 01: +0,265.109,8
May 15 2019 01: +0,240.685,6
May 16 2019 01: +0,283.236,4
May 17 2019 01: +0,238.521,9
May 18 2019 01: +0,239.977,7
May 19 2019 01: +0,247.687,6
May 20 2019 01: +0,251.567,8
May 21 2019 01: +0,241.753,7
May 22 2019 01: +0,247.538,3
May 23 2019 01: +0,235.626,3
May 24 2019 01: +0,250.699,5
May 25 2019 01: +0,245.952,9
May 26 2019 01: +0,254.236,7
May 27 2019 01: +0,264.159,6
May 28 2019 01: +0,234.853,5
May 29 2019 01: +0,244.57,5
May 30 2019 01: +0,249.055,7
May 31 2019 01: +0,244.93,5
Jun 01 2019 01: +0,252.46,5
Jun 02 2019 01: +0,243.831,10
Jun 03 2019 01: +0,252.279,10
Jun 04 2019 01: +0,246.281,8
Jun 05 2019 01: +0,274.931,3
Jun 06 2019 01: +0,257.104,10
Jun 07 2019 01: +0,260.874,6
Jun 08 2019 01: +0,257.804,5
Jun 09 2019 01: +0,257.153,6
Jun 10 2019 01: +0,261.03,10
Jun 11 2019 01: +0,255.401,9
Jun 12 2019 01: +0,235.491,8
Jun 13 2019 01: +0,264.738,3
Jun 14 2019 01: +0,265.521,5
Jun 15 2019 01: +0,256.321,6
Jun 16 2019 01: +0,252.898,5
Jun 17 2019 01: +0,252.759,9
Jun 18 2019 01: +0,266.363,4
Jun 19 2019 01: +0,261.623,7
Jun 20 2019 01: +0,261.634,7
Jun 21 2019 01: +0,266.136,3
Jun 22 2019 01: +0,263.83,10
Jun 23 2019 01: +0,259.818,9
Jun 24 2019 01: +0,270.123,1
Jun 25 2019 01: +0,254.211,9
Jun 26 2019 01: +0,271.363,7
Jun 27 2019 01: +0,249.237,2
Jun 28 2019 01: +0,263.311,13
Jun 29 2019 01: +0,241.72,5
Jun 30 2019 01: +0,248.287,9
Jul 01 2019 01: +0,244.003,8
Jul 02 2019 01: +0,262.815,10
Jul 03 2019 01: +0,251.655,4
Jul 04 2019 01: +0,250.375,4
Jul 05 2019 01: +0,252.71,2
Jul 06 2019 01: +0,251.777,7
Jul 07 2019 01: +0,261.259,7
Jul 08 2019 01: +0,260.499,3
Jul 09 2019 01: +0,256.245,6
Jul 10 2019 01: +0,262.398,7
Jul 11 2019 01: +0,273.755,9
Jul 12 2019 01: +0,273.363,6
Jul 13 2019 01: +0,257.178,9
Jul 14 2019 01: +0,269.476,4
Jul 15 2019 01: +0,271.861,6
Jul 16 2019 01: +0,269.039,6
Jul 17 2019 01: +0,265.995,9
Jul 18 2019 01: +0,265.59,7
Jul 19 2019 01: +0,266.999,6
Jul 20 2019 01: +0,284.048,11
Jul 21 2019 01: +0,271.81,5
Jul 22 2019 01: +0,271.066,7
Jul 23 2019 01: +0,267.186,6
Jul 24 2019 01: +0,250.755,5
Jul 25 2019 01: +0,259.254,4
Jul 26 2019 01: +0,255.029,12
Jul 27 2019 01: +0,261.554,11
Jul 28 2019 01: +0,270.881,14
Jul 29 2019 01: +0,256.819,4
Jul 30 2019 01: +0,274.824,7
Jul 31 2019 01: +0,264.503,5
Aug 01 2019 01: +0,263.864,16
Aug 02 2019 01: +0,266.098,7
Aug 03 2019 01: +0,280.149,7
Aug 04 2019 01: +0,264.969,3
Aug 05 2019 01: +0,275.422,6
Aug 06 2019 01: +0,262.121,4
Aug 07 2019 01: +0,254.952,8
Aug 08 2019 01: +0,274.904,8
Aug 09 2019 01: +0,267.409,9
Aug 10 2019 01: +0,266.703,8
Aug 11 2019 01: +0,268.023,10
Aug 12 2019 01: +0,265.958,13
Aug 13 2019 01: +0,243.667,1
Aug 14 2019 01: +0,269.735,9
Aug 15 2019 01: +0,264.651,9
Aug 16 2019 01: +0,265.431,8
Aug 17 2019 01: +0,263.596,6
Aug 18 2019 01: +0,274.622,6
Aug 19 2019 01: +0,261.983,9
Aug 20 2019 01: +0,254.326,8
Aug 21 2019 01: +0,242.458,3
Aug 22 2019 01: +0,269.611,6
Aug 23 2019 01: +0,213.313,12
Aug 24 2019 01: +0,248.12,5
Aug 25 2019 01: +0,265.551,6
Aug 26 2019 01: +0,254.592,7
Aug 27 2019 01: +0,250.813,7
Aug 28 2019 01: +0,263.62,7
Aug 29 2019 01: +0,256.222,2
Aug 30 2019 01: +0,273.503,11
Aug 31 2019 01: +0,278.352,8
Sep 01 2019 01: +0,289.491,6
Sep 02 2019 01: +0,284.805,5
Sep 03 2019 01: +0,284.25,8
Sep 04 2019 01: +0,275.593,9
Sep 05 2019 01: +0,297.955,8
Sep 06 2019 01: +0,298.525,3
Sep 07 2019 01: +0,271.354,5
Sep 08 2019 01: +0,268.99,8
Sep 09 2019 01: +0,276.643,5
Sep 10 2019 01: +0,268.869,8
Sep 11 2019 01: +0,286.244,6
Sep 12 2019 01: +0,292.983,3
Sep 13 2019 01: +0,278.912,3
Sep 14 2019 01: +0,278.868,5
Sep 15 2019 01: +0,270.445,6
Sep 16 2019 01: +0,260.874,5
Sep 17 2019 01: +0,278.658,9
Sep 18 2019 01: +0,293.028,7
Sep 19 2019 01: +0,270.912,2
Sep 20 2019 01: +0,278.659,5
Sep 21 2019 01: +0,283.229,8
Sep 22 2019 01: +0,255.534,6
Sep 23 2019 01: +0,276.837,4
Sep 24 2019 01: +0,278.454,5
Sep 25 2019 01: +0,263.526,5
Sep 26 2019 01: +0,264.806,5
Sep 27 2019 01: +0,281.958,10
Sep 28 2019 01: +0,279.135,5
Sep 29 2019 01: +0,271.663,13
Sep 30 2019 01: +0,265.611,9
Oct 01 2019 01: +0,263.037,6
Oct 02 2019 01: +0,262.883,4
Oct 03 2019 01: +0,268.922,11
Oct 04 2019 01: +0,271.774,7
Oct 05 2019 01: +0,283.751,11
Oct 06 2019 01: +0,266.755,7
Oct 07 2019 01: +0,279.376,7
Oct 08 2019 01: +0,275.851,6
Oct 09 2019 01: +0,274.196,10
Oct 10 2019 01: +0,264.921,6
Oct 11 2019 01: +0,274.063,7
Oct 12 2019 01: +0,269.926,7
Oct 13 2019 01: +0,278.961,7
Oct 14 2019 01: +0,274.79,6
Oct 15 2019 01: +0,267.578,7
Oct 16 2019 01: +0,281.776,9
Oct 17 2019 01: +0,278.762,6
Oct 18 2019 01: +0,270.282,5
Oct 19 2019 01: +0,268.06,13
Oct 20 2019 01: +0,249.957,6
Oct 21 2019 01: +0,268.544,14
Oct 22 2019 01: +0,265.45,7
Oct 23 2019 01: +0,273.679,4
Oct 24 2019 01: +0,268.801,10
Oct 25 2019 01: +0,271.981,7
Oct 26 2019 01: +0,272.882,6
Oct 27 2019 01: +0,274.444,4
Oct 28 2019 01: +0,262.454,7
Oct 29 2019 01: +0,275.479,6
Oct 30 2019 01: +0,277.074,7
Oct 31 2019 01: +0,260.848,9
Nov 01 2019 01: +0,249.025,6
Nov 02 2019 01: +0,250.625,9
Nov 03 2019 01: +0,259.092,6
Nov 04 2019 01: +0,253.707,8
Nov 05 2019 01: +0,260.856,11
Nov 06 2019 01: +0,275.049,5
Nov 07 2019 01: +0,263.345,7
Nov 08 2019 01: +0,270.965,10
Nov 09 2019 01: +0,258.428,9
Nov 10 2019 01: +0,273.637,7
Nov 11 2019 01: +0,266.834,3
Nov 12 2019 01: +0,276.684,5
Nov 13 2019 01: +0,257.583,5
Nov 14 2019 01: +0,263.847,5
Nov 15 2019 01: +0,254.63,10
Nov 16 2019 01: +0,254.897,7
Nov 17 2019 01: +0,255.949,6
Nov 18 2019 01: +0,240.885,6
Nov 19 2019 01: +0,218.368,13
Nov 20 2019 01: +0,231.458,7
Nov 21 2019 01: +0,228.896,15
Nov 22 2019 01: +0,231.994,7
Nov 23 2019 01: +0,235.999,8
Nov 24 2019 01: +0,239.479,11
Nov 25 2019 01: +0,226.97,7
Nov 26 2019 01: +0,219.062,8
Nov 27 2019 01: +0,227.36,4
Nov 28 2019 01: +0,241.552,10
Nov 29 2019 01: +0,229.182,10
Nov 30 2019 01: +0,234.598,10
Dec 01 2019 01: +0,236.319,6
Dec 02 2019 01: +0,230.034,12
Dec 03 2019 01: +0,233.15,3
Dec 04 2019 01: +0,229.435,8
Dec 05 2019 01: +0,235.401,8
Dec 06 2019 01: +0,225.475,11
Dec 07 2019 01: +0,248.627,11
Dec 08 2019 01: +0,237.757,10
Dec 09 2019 01: +0,247.256,6
Dec 10 2019 01: +0,247.157,12
Dec 11 2019 01: +0,261.707,3
Dec 12 2019 01: +0,257.276,12
Dec 13 2019 01: +0,266.598,7
Dec 14 2019 01: +0,254.67,6
Dec 15 2019 01: +0,250.548,13
Dec 16 2019 01: +0,256.366,5
Dec 17 2019 01: +0,258.978,11
Dec 18 2019 01: +0,256.64,6
Dec 19 2019 01: +0,252.491,6
Dec 20 2019 01: +0,253.255,12
Dec 21 2019 01: +0,254.885,10
Dec 22 2019 01: +0,255.34,12
Dec 23 2019 01: +0,256.946,9
Dec 24 2019 01: +0,256.602,7
Dec 25 2019 01: +0,257.792,18
Dec 26 2019 01: +0,263.024,16
Dec 27 2019 01: +0,275.28,17
Dec 28 2019 01: +0,275.802,17
Dec 29 2019 01: +0,279.46,8
Dec 30 2019 01: +0,274.515,10
Dec 31 2019 01: +0,267.891,3
Jan 01 2020 01: +0,269.632,15
Jan 02 2020 01: +0,241.427,7
Jan 03 2020 01: +0,271.418,11
Jan 04 2020 01: +0,268.371,13
Jan 05 2020 01: +0,269.593,11
Jan 06 2020 01: +0,272.692,7
Jan 07 2020 01: +0,278.679,8
Jan 08 2020 01: +0,271.578,10
Jan 09 2020 01: +0,263.25,7
Jan 10 2020 01: +0,270.237,10
Jan 11 2020 01: +0,280.08,12
Jan 12 2020 01: +0,280.977,7
Jan 13 2020 01: +0,285.491,9
Jan 14 2020 01: +0,291.221,8
Jan 15 2020 01: +0,288.042,5
Jan 16 2020 01: +0,292.377,6
Jan 17 2020 01: +0,287.003,6
Jan 18 2020 01: +0,275.288,15
Jan 19 2020 01: +0,292.544,9
Jan 20 2020 01: +0,284.399,16
Jan 21 2020 01: +0,267.634,7
Jan 22 2020 01: +0,263.631,9
Jan 23 2020 01: +0,288.346,8
Jan 24 2020 01: +0,286.92,6
Jan 25 2020 01: +0,291.011,8
Jan 26 2020 01: +0,283.964,9
Jan 27 2020 01: +0,260.572,5
Jan 28 2020 01: +0,267.678,7
Jan 29 2020 01: +0,274.253,4
Jan 30 2020 01: +0,303.44,9
Jan 31 2020 01: +0,282.432,9
Feb 01 2020 01: +0,276.943,13
Feb 02 2020 01: +0,274.604,10
Feb 03 2020 01: +0,292.955,6
Feb 04 2020 01: +0,281.16,9
Feb 05 2020 01: +0,287,8
Feb 06 2020 01: +0,275.692,4
Feb 07 2020 01: +0,275.077,11
Feb 08 2020 01: +0,281.271,13
Feb 09 2020 01: +0,269.297,9
Feb 10 2020 01: +0,295.426,16
Feb 11 2020 01: +0,294.588,6
Feb 12 2020 01: +0,292.821,11
Feb 13 2020 01: +0,271.524,9
Feb 14 2020 01: +0,276.783,8
Feb 15 2020 01: +0,267.632,9
Feb 16 2020 01: +0,266.033,10
Feb 17 2020 01: +0,277.275,9
Feb 18 2020 01: +0,287.087,9
Feb 19 2020 01: +0,284.231,7
Feb 20 2020 01: +0,273.287,9
Feb 21 2020 01: +0,273.155,7
Feb 22 2020 01: +0,282.408,10
Feb 23 2020 01: +0,246.143,7
Feb 24 2020 01: +0,275.633,11
Feb 25 2020 01: +0,235.596,9
Feb 26 2020 01: +0,276.012,11
Feb 27 2020 01: +0,282.294,14
Feb 28 2020 01: +0,269.199,7
Feb 29 2020 01: +0,270.443,17
Mar 01 2020 01: +0,269.08,12
Mar 02 2020 01: +0,267.393,7
Mar 03 2020 01: +0,268.109,11
Mar 04 2020 01: +0,267.244,8
Mar 05 2020 01: +0,264.795,10
Mar 06 2020 01: +0,268.13,13
Mar 07 2020 01: +0,285.686,12
Mar 08 2020 01: +0,267.13,11
Mar 09 2020 01: +0,279.857,11
Mar 10 2020 01: +0,265.314,8
Mar 11 2020 01: +0,281.341,11
Mar 12 2020 01: +0,270.273,10
Mar 13 2020 01: +0,278.344,14
Mar 14 2020 01: +0,275.145,9
Mar 15 2020 01: +0,275.408,12
Mar 16 2020 01: +0,255.298,10
Mar 17 2020 01: +0,260.325,14
Mar 18 2020 01: +0,258.577,10
Mar 19 2020 01: +0,257.388,11
Mar 20 2020 01: +0,252.384,11
Mar 21 2020 01: +0,256.742,8
Mar 22 2020 01: +0,258.626,9
Mar 23 2020 01: +0,244.346,7
Mar 24 2020 01: +0,250.248,14
Mar 25 2020 01: +0,259.054,8
Mar 26 2020 01: +0,243.423,9
Mar 27 2020 01: +0,246.314,19
Mar 28 2020 01: +0,249.463,14
Mar 29 2020 01: +0,264.272,6
Mar 30 2020 01: +0,260.746,9
Mar 31 2020 01: +0,257.817,16
Apr 01 2020 01: +0,251.067,14
Apr 02 2020 01: +0,259.873,25
Apr 03 2020 01: +0,270.167,15
Apr 04 2020 01: +0,261.982,20
Apr 05 2020 01: +0,265.711,13
Apr 06 2020 01: +0,279.836,14
Apr 07 2020 01: +0,268.671,14
Apr 08 2020 01: +0,278.014,11
Apr 09 2020 01: +0,284.519,15
Apr 10 2020 01: +0,276.216,21
Apr 11 2020 01: +0,273.771,14
Apr 12 2020 01: +0,270.131,12
Apr 13 2020 01: +0,283.116,13
Apr 14 2020 01: +0,275.011,12
Apr 15 2020 01: +0,278.806,19
Apr 16 2020 01: +0,278.843,19
Apr 17 2020 01: +0,290.066,15
Apr 18 2020 01: +0,295.04,14
Apr 19 2020 01: +0,295.253,15
Apr 20 2020 01: +0,292.133,14
Apr 21 2020 01: +0,284.051,11
Apr 22 2020 01: +0,271.243,11
Apr 23 2020 01: +0,293.11,13
Apr 24 2020 01: +0,275.855,11
Apr 25 2020 01: +0,279.379,11
Apr 26 2020 01: +0,286.847,16
Apr 27 2020 01: +0,281.58,7
Apr 28 2020 01: +0,285.014,17
Apr 29 2020 01: +0,281.125,17
Apr 30 2020 01: +0,258.129,13
May 01 2020 01: +0,293.574,12
May 02 2020 01: +0,279.065,10
May 03 2020 01: +0,278.581,17
May 04 2020 01: +0,283.324,17
May 05 2020 01: +0,285.415,15
May 06 2020 01: +0,301.072,16
May 07 2020 01: +0,295.583,15
May 08 2020 01: +0,287.539,11
May 09 2020 01: +0,293.006,10
May 10 2020 01: +0,258.091,9
May 11 2020 01: +0,298.787,11
May 12 2020 01: +0,293.292,10
May 13 2020 01: +0,289.014,13
May 14 2020 01: +0,296.675,10
May 15 2020 01: +0,288.326,14
May 16 2020 01: +0,303.898,12
May 17 2020 01: +0,298.332,7
May 18 2020 01: +0,296.039,8
May 19 2020 01: +0,296.301,16
May 20 2020 01: +0,294.714,14
May 21 2020 01: +0,303.533,8
May 22 2020 01: +0,277.409,10
May 23 2020 01: +0,289.044,12
May 24 2020 01: +0,292.887,8
May 25 2020 01: +0,294.726,13
May 26 2020 01: +0,284.846,7
May 27 2020 01: +0,271.372,6
May 28 2020 01: +0,273.417,12
May 29 2020 01: +0,264.336,8
May 30 2020 01: +0,275.937,13
May 31 2020 01: +0,280.785,9
Jun 01 2020 01: +0,282.092,7
Jun 02 2020 01: +0,271.281,14
Jun 03 2020 01: +0,267.933,11
Jun 04 2020 01: +0,278.221,12
Jun 05 2020 01: +0,278.756,6
Jun 06 2020 01: +0,285.745,6
Jun 07 2020 01: +0,269.109,8
Jun 08 2020 01: +0,290.137,9
Jun 09 2020 01: +0,291.78,13
Jun 10 2020 01: +0,287.501,7
Jun 11 2020 01: +0,277.45,6
Jun 12 2020 01: +0,272.856,15
Jun 13 2020 01: +0,275.292,10
Jun 14 2020 01: +0,277.251,9
Jun 15 2020 01: +0,262.916,11
Jun 16 2020 01: +0,276.285,9
Jun 17 2020 01: +0,261.908,11
Jun 18 2020 01: +0,269.38,9
Jun 19 2020 01: +0,261.47,7
Jun 20 2020 01: +0,266.184,9
Jun 21 2020 01: +0,268.026,6
Jun 22 2020 01: +0,276.734,6
Jun 23 2020 01: +0,260.122,8
Jun 24 2020 01: +0,271.29,5
Jun 25 2020 01: +0,255.955,15
Jun 26 2020 01: +0,255.757,9
Jun 27 2020 01: +0,255.358,14
Jun 28 2020 01: +0,250.41,11
Jun 29 2020 01: +0,253.098,7
Jun 30 2020 01: +0,241.55,13
Jul 01 2020 01: +0,257.561,9
Jul 02 2020 01: +0,265.267,13
Jul 03 2020 01: +0,274.477,15
Jul 04 2020 01: +0,265.503,14
Jul 05 2020 01: +0,260.924,6
Jul 06 2020 01: +0,267.207,4
Jul 07 2020 01: +0,281.047,5
Jul 08 2020 01: +0,275.584,12
Jul 09 2020 01: +0,267.403,8
Jul 10 2020 01: +0,264.824,5
Jul 11 2020 01: +0,275.258,9
Jul 12 2020 01: +0,269.8,9
Jul 13 2020 01: +0,272.643,13
Jul 14 2020 01: +0,274.712,6
Jul 15 2020 01: +0,272.666,12
Jul 16 2020 01: +0,286.789,10
Jul 17 2020 01: +0,290.196,7
Jul 18 2020 01: +0,287.44,8
Jul 19 2020 01: +0,272.886,12
Jul 20 2020 01: +0,281.986,11
Jul 21 2020 01: +0,282.383,8
Jul 22 2020 01: +0,289.232,9
Jul 23 2020 01: +0,279.566,3
Jul 24 2020 01: +0,279.236,11
Jul 25 2020 01: +0,290.424,5
Jul 26 2020 01: +0,281.516,10
Jul 27 2020 01: +0,281.192,3
Jul 28 2020 01: +0,268.734,9
Jul 29 2020 01: +0,268.025,10
Jul 30 2020 01: +0,277.609,13
Jul 31 2020 01: +0,283.511,11
Aug 01 2020 01: +0,283.501,10
Aug 02 2020 01: +0,287.605,7
Aug 03 2020 01: +0,295.071,4
Aug 04 2020 01: +0,286.724,10
Aug 05 2020 01: +0,281.896,7
Aug 06 2020 01: +0,284.565,8
Aug 07 2020 01: +0,274.929,8
Aug 08 2020 01: +0,274.161,15
Aug 09 2020 01: +0,280.685,4
Aug 10 2020 01: +0,283.428,5
Aug 11 2020 01: +0,286.215,4
Aug 12 2020 01: +0,269.501,5
Aug 13 2020 01: +0,268.71,12
Aug 14 2020 01: +0,279.938,11
Aug 15 2020 01: +0,274.637,10
Aug 16 2020 01: +0,259.169,7
Aug 17 2020 01: +0,268.029,6
Aug 18 2020 01: +0,252.928,12
Aug 19 2020 01: +0,266.194,7
Aug 20 2020 01: +0,271.413,13
Aug 21 2020 01: +0,260.489,14
Aug 22 2020 01: +0,266.557,6
Aug 23 2020 01: +0,261.912,7
Aug 24 2020 01: +0,250.501,7
Aug 25 2020 01: +0,261.73,6
Aug 26 2020 01: +0,260.364,7
Aug 27 2020 01: +0,247.933,6
Aug 28 2020 01: +0,264.428,2
Aug 29 2020 01: +0,260.315,13
Aug 30 2020 01: +0,259.739,7
Aug 31 2020 01: +0,261.613,6
Sep 01 2020 01: +0,257.705,8
Sep 02 2020 01: +0,263.123,12
Sep 03 2020 01: +0,268.262,5
Sep 04 2020 01: +0,271.577,5
Sep 05 2020 01: +0,246.368,6
Sep 06 2020 01: +0,244.385,9
Sep 07 2020 01: +0,272.078,4
Sep 08 2020 01: +0,265.497,8
Sep 09 2020 01: +0,249.358,10
Sep 10 2020 01: +0,273.988,4
Sep 11 2020 01: +0,260.107,11
Sep 12 2020 01: +0,259.142,11
Sep 13 2020 01: +0,267.216,14
Sep 14 2020 01: +0,260.771,7
Sep 15 2020 01: +0,273.14,6
Sep 16 2020 01: +0,253.398,5
Sep 17 2020 01: +0,265.751,12
Sep 18 2020 01: +0,258.788,9
Sep 19 2020 01: +0,266.131,8
Sep 20 2020 01: +0,263.876,9
Sep 21 2020 01: +0,262.174,8
Sep 22 2020 01: +0,270.392,1
Sep 23 2020 01: +0,264.962,6
Sep 24 2020 01: +0,265.568,12
Sep 25 2020 01: +0,270.646,9
Sep 26 2020 01: +0,267.549,7
Sep 27 2020 01: +0,253.926,7
Sep 28 2020 01: +0,255.662,7
Sep 29 2020 01: +0,256.1,8
Sep 30 2020 01: +0,267.884,10
Oct 01 2020 01: +0,256.542,10
Oct 02 2020 01: +0,258.189,11
Oct 03 2020 01: +0,257.179,6
Oct 04 2020 01: +0,259.539,14
Oct 05 2020 01: +0,291.527,8
Oct 06 2020 01: +0,283.351,9
Oct 07 2020 01: +0,276.26,10
Oct 08 2020 01: +0,273.786,10
Oct 09 2020 01: +0,256.309,5
Oct 10 2020 01: +0,269.612,3
Oct 11 2020 01: +0,281.296,10
Oct 12 2020 01: +0,273.711,7
Oct 13 2020 01: +0,274.174,6
Oct 14 2020 01: +0,273.819,15
Oct 15 2020 01: +0,264.346,8
Oct 16 2020 01: +0,279.304,11
Oct 17 2020 01: +0,285.095,11
Oct 18 2020 01: +0,244.948,6
Oct 19 2020 01: +0,272.522,5
Oct 20 2020 01: +0,264.082,4
Oct 21 2020 01: +0,261.234,8
Oct 22 2020 01: +0,262.335,2
Oct 23 2020 01: +0,272.894,11
Oct 24 2020 01: +0,271.938,3
Oct 25 2020 01: +0,262.52,8
Oct 26 2020 01: +0,262.333,9
Oct 27 2020 01: +0,265.479,7
Oct 28 2020 01: +0,274.516,5
Oct 29 2020 01: +0,270.954,6
Oct 30 2020 01: +0,261.61,5
Oct 31 2020 01: +0,263.294,4
Nov 01 2020 01: +0,247.563,5
Nov 02 2020 01: +0,260.37,6
Nov 03 2020 01: +0,257.791,11
Nov 04 2020 01: +0,261.206,8
Nov 05 2020 01: +0,261.626,11
Nov 06 2020 01: +0,266.831,8
Nov 07 2020 01: +0,264.975,11
Nov 08 2020 01: +0,263.173,8
Nov 09 2020 01: +0,267.001,5
Nov 10 2020 01: +0,252.561,10
Nov 11 2020 01: +0,262.068,12
Nov 12 2020 01: +0,268.585,7
Nov 13 2020 01: +0,259.46,6
Nov 14 2020 01: +0,253.554,10
Nov 15 2020 01: +0,266.194,6
Nov 16 2020 01: +0,274.368,6
Nov 17 2020 01: +0,261.141,8
Nov 18 2020 01: +0,247.861,7
Nov 19 2020 01: +0,263.754,11
Nov 20 2020 01: +0,251.652,8
Nov 21 2020 01: +0,253.032,9
Nov 22 2020 01: +0,258.199,8
Nov 23 2020 01: +0,267.317,5
Nov 24 2020 01: +0,251.391,10
Nov 25 2020 01: +0,252.729,6
Nov 26 2020 01: +0,253.299,8
Nov 27 2020 01: +0,259.712,12
Nov 28 2020 01: +0,247.432,7
Nov 29 2020 01: +0,265.068,9
Nov 30 2020 01: +0,253.829,8
Dec 01 2020 01: +0,252.17,8
Dec 02 2020 01: +0,253.828,11
Dec 03 2020 01: +0,256.272,8
Dec 04 2020 01: +0,234.252,20
Dec 05 2020 01: +0,241.318,11
Dec 06 2020 01: +0,245.008,18
Dec 07 2020 01: +0,254.964,7
Dec 08 2020 01: +0,232.433,8
Dec 09 2020 01: +0,228.107,10
Dec 10 2020 01: +0,246.229,9
Dec 11 2020 01: +0,237.901,14
Dec 12 2020 01: +0,253.572,16
Dec 13 2020 01: +0,244.029,10
Dec 14 2020 01: +0,246.943,11
Dec 15 2020 01: +0,252.163,11
Dec 16 2020 01: +0,263.19,11
Dec 17 2020 01: +0,259.256,9
Dec 18 2020 01: +0,264.524,10
Dec 19 2020 01: +0,257.079,14
Dec 20 2020 01: +0,267.002,11
Dec 21 2020 01: +0,262.956,11
Dec 22 2020 01: +0,255.843,14
Dec 23 2020 01: +0,260.6,12
Dec 24 2020 01: +0,266.66,15
Dec 25 2020 01: +0,283.161,16
Dec 26 2020 01: +0,262.081,13
Dec 27 2020 01: +0,277.066,11
Dec 28 2020 01: +0,273.69,14
Dec 29 2020 01: +0,274.774,16
Dec 30 2020 01: +0,279.116,9
Dec 31 2020 01: +0,286.067,16
Jan 01 2021 01: +0,272.986,15
Jan 02 2021 01: +0,273.616,13
Jan 03 2021 01: +0,283.347,15
Jan 04 2021 01: +0,285.454,10
Jan 05 2021 01: +0,291.447,15
Jan 06 2021 01: +0,285.958,10
Jan 07 2021 01: +0,287.543,12
Jan 08 2021 01: +0,300.164,8
Jan 09 2021 01: +0,297.352,18
Jan 10 2021 01: +0,304.569,7
Jan 11 2021 01: +0,314.14,11
Jan 12 2021 01: +0,306.897,14
Jan 13 2021 01: +0,313.024,9
Jan 14 2021 01: +0,311.371,10
Jan 15 2021 01: +0,306.432,20
Jan 16 2021 01: +0,306.06,13
Jan 17 2021 01: +0,315.474,10
Jan 18 2021 01: +0,297.731,10
Jan 19 2021 01: +0,288.439,8
Jan 20 2021 01: +0,294.882,10
Jan 21 2021 01: +0,292.42,13
Jan 22 2021 01: +0,305.081,10
Jan 23 2021 01: +0,296.838,14
Jan 24 2021 01: +0,297.986,16
Jan 25 2021 01: +0,308.357,13
Jan 26 2021 01: +0,287.118,7
Jan 27 2021 01: +0,310.197,8
Jan 28 2021 01: +0,290.842,15
Jan 29 2021 01: +0,298.835,9
Jan 30 2021 01: +0,295.631,14
Jan 31 2021 01: +0,295.367,15
Feb 01 2021 01: +0,294.23,17
Feb 02 2021 01: +0,299.322,10
Feb 03 2021 01: +0,291.668,14
Feb 04 2021 01: +0,297.074,11
Feb 05 2021 01: +0,273.612,12
Feb 06 2021 01: +0,296.865,11
Feb 07 2021 01: +0,296.999,15
Feb 08 2021 01: +0,289.264,6
Feb 09 2021 01: +0,286.102,13
Feb 10 2021 01: +0,292.052,12
Feb 11 2021 01: +0,283.982,12
Feb 12 2021 01: +0,283.675,12
Feb 13 2021 01: +0,289.95,12
Feb 14 2021 01: +0,293.065,12
Feb 15 2021 01: +0,286.287,14
Feb 16 2021 01: +0,275.114,9
Feb 17 2021 01: +0,287.726,13
Feb 18 2021 01: +0,286.689,7
Feb 19 2021 01: +0,283.958,10
Feb 20 2021 01: +0,279.219,13
Feb 21 2021 01: +0,290.671,8
Feb 22 2021 01: +0,277.975,12
Feb 23 2021 01: +0,293.712,7
Feb 24 2021 01: +0,272.534,11
Feb 25 2021 01: +0,280.529,7
Feb 26 2021 01: +0,289.384,13
Feb 27 2021 01: +0,299.976,9
Feb 28 2021 01: +0,292.967,10
Mar 01 2021 01: +0,295.992,8
Mar 02 2021 01: +0,291.772,12
Mar 03 2021 01: +0,293.379,15
Mar 04 2021 01: +0,301.348,9
Mar 05 2021 01: +0,296.528,9
Mar 06 2021 01: +0,301.383,15
Mar 07 2021 01: +0,309.257,10
Mar 08 2021 01: +0,294.299,12
Mar 09 2021 01: +0,302.793,12
Mar 10 2021 01: +0,304.067,6
Mar 11 2021 01: +0,286.978,11
Mar 12 2021 01: +0,287.154,12
Mar 13 2021 01: +0,289.953,21
Mar 14 2021 01: +0,298.603,10
Mar 15 2021 01: +0,298.512,11
Mar 16 2021 01: +0,286.475,14
Mar 17 2021 01: +0,292.145,8
Mar 18 2021 01: +0,297.126,13
Mar 19 2021 01: +0,314.776,9
Mar 20 2021 01: +0,317.513,12
Mar 21 2021 01: +0,304.049,9
Mar 22 2021 01: +0,310.873,12
Mar 23 2021 01: +0,312.375,11
Mar 24 2021 01: +0,311.808,8
Mar 25 2021 01: +0,294.06,8
Mar 26 2021 01: +0,306.355,12
Mar 27 2021 01: +0,296.224,19
Mar 28 2021 01: +0,298.582,11
Mar 29 2021 01: +0,291.634,10
Mar 30 2021 01: +0,292.071,10
Mar 31 2021 01: +0,313.105,10
Apr 01 2021 01: +0,299.932,12
Apr 02 2021 01: +0,309.632,10
Apr 03 2021 01: +0,324.358,13
Apr 04 2021 01: +0,309.326,12
Apr 05 2021 01: +0,336.106,16
Apr 06 2021 01: +0,325.715,10
Apr 07 2021 01: +0,312.86,7
Apr 08 2021 01: +0,304.874,11
Apr 09 2021 01: +0,309.871,14
Apr 10 2021 01: +0,305.88,15
Apr 11 2021 01: +0,311.589,12
Apr 12 2021 01: +0,287.615,16
Apr 13 2021 01: +0,312.337,12
Apr 14 2021 01: +0,323.911,5
Apr 15 2021 01: +0,297.365,15
Apr 16 2021 01: +0,280.871,14
Apr 17 2021 01: +0,299.668,16
Apr 18 2021 01: +0,293.964,13
Apr 19 2021 01: +0,297.544,7
Apr 20 2021 01: +0,289.21,9
Apr 21 2021 01: +0,293.803,15
Apr 22 2021 01: +0,301.457,12
Apr 23 2021 01: +0,299.419,14
Apr 24 2021 01: +0,264.585,11
Apr 25 2021 01: +0,296.243,10
Apr 26 2021 01: +0,294.362,5
Apr 27 2021 01: +0,305.122,7
Apr 28 2021 01: +0,286.981,13
Apr 29 2021 01: +0,275.127,17
Apr 30 2021 01: +0,263.876,11
May 01 2021 01: +0,289.842,16
May 02 2021 01: +0,311.272,12
May 03 2021 01: +0,293.32,8
May 04 2021 01: +0,291.598,12
May 05 2021 01: +0,286.979,15
May 06 2021 01: +0,294.961,10
May 07 2021 01: +0,294.606,11
May 08 2021 01: +0,294.074,15
May 09 2021 01: +0,290.493,10
May 10 2021 01: +0,299.595,6
May 11 2021 01: +0,299.215,9
May 12 2021 01: +0,304.607,10
May 13 2021 01: +0,307.282,9
May 14 2021 01: +0,308.904,8
May 15 2021 01: +0,311.272,10
May 16 2021 01: +0,299.115,17
May 17 2021 01: +0,323.25,13
May 18 2021 01: +0,328.003,4
May 19 2021 01: +0,309.817,8
May 20 2021 01: +0,308.705,9
May 21 2021 01: +0,310.647,13
May 22 2021 01: +0,302.718,10
May 23 2021 01: +0,305.827,15
May 24 2021 01: +0,312.158,8
May 25 2021 01: +0,315.791,10
May 26 2021 01: +0,309.899,14
May 27 2021 01: +0,317.457,12
May 28 2021 01: +0,305.265,11
May 29 2021 01: +0,300.758,11
May 30 2021 01: +0,305.836,12
May 31 2021 01: +0,305.723,11
Jun 01 2021 01: +0,299.069,11
Jun 02 2021 01: +0,322.673,5
Jun 03 2021 01: +0,330.145,9
Jun 04 2021 01: +0,307.429,11
Jun 05 2021 01: +0,308.349,8
Jun 06 2021 01: +0,312.153,10
Jun 07 2021 01: +0,294.335,13
Jun 08 2021 01: +0,301.76,12
Jun 09 2021 01: +0,303.348,8
Jun 10 2021 01: +0,309.209,6
Jun 11 2021 01: +0,274.154,17
Jun 12 2021 01: +0,299.415,11
Jun 13 2021 01: +0,302.997,19
Jun 14 2021 01: +0,306.502,5
Jun 15 2021 01: +0,295.345,9
Jun 16 2021 01: +0,305.098,8
Jun 17 2021 01: +0,297.32,6
Jun 18 2021 01: +0,287.605,9
Jun 19 2021 01: +0,297.135,12
Jun 20 2021 01: +0,288.347,9
Jun 21 2021 01: +0,300.423,13
Jun 22 2021 01: +0,284.02,8
Jun 23 2021 01: +0,282.944,6
Jun 24 2021 01: +0,283.484,10
Jun 25 2021 01: +0,281.996,12
Jun 26 2021 01: +0,283.287,10
Jun 27 2021 01: +0,267.205,5
Jun 28 2021 01: +0,283.5,5
Jun 29 2021 01: +0,272.483,10
Jun 30 2021 01: +0,269.9,6
Jul 01 2021 01: +0,265.405,7
Jul 02 2021 01: +0,262.113,12
Jul 03 2021 01: +0,260.888,12
Jul 04 2021 01: +0,282.998,10
Jul 05 2021 01: +0,264.999,10
Jul 06 2021 01: +0,269.942,9
Jul 07 2021 01: +0,283.428,12
Jul 08 2021 01: +0,257.865,8
Jul 09 2021 01: +0,270.653,11
Jul 10 2021 01: +0,270.976,10
Jul 11 2021 01: +0,257.745,12
Jul 12 2021 01: +0,251.205,8
Jul 13 2021 01: +0,247.326,8
Jul 14 2021 01: +0,260.183,9
Jul 15 2021 01: +0,259.419,8
Jul 16 2021 01: +0,272.011,3
Jul 17 2021 01: +0,267.993,6
Jul 18 2021 01: +0,252.28,9
Jul 19 2021 01: +0,265.236,13
Jul 20 2021 01: +0,262.011,9
Jul 21 2021 01: +0,264.593,6
Jul 22 2021 01: +0,268.239,11
Jul 23 2021 01: +0,267.008,10
Jul 24 2021 01: +0,267.358,8
Jul 25 2021 01: +0,269.417,7
Jul 26 2021 01: +0,272.959,10
Jul 27 2021 01: +0,263.983,7
Jul 28 2021 01: +0,264.032,12
Jul 29 2021 01: +0,259.065,8
Jul 30 2021 01: +0,270.259,6
Jul 31 2021 01: +0,272.891,12
Aug 01 2021 01: +0,273.81,10
Aug 02 2021 01: +0,268.693,8
Aug 03 2021 01: +0,299.243,5
Aug 04 2021 01: +0,273.172,7
Aug 05 2021 01: +0,281.084,10
Aug 06 2021 01: +0,277.398,10
Aug 07 2021 01: +0,268.43,10
Aug 08 2021 01: +0,253.518,4
Aug 09 2021 01: +0,259.122,10
Aug 10 2021 01: +0,271.816,6
Aug 11 2021 01: +0,267.491,12
Aug 12 2021 01: +0,282.128,7
Aug 13 2021 01: +0,282.446,10
Aug 14 2021 01: +0,266.889,6
Aug 15 2021 01: +0,256.944,12
Aug 16 2021 01: +0,240.102,16
Aug 17 2021 01: +0,274.67,7
Aug 18 2021 01: +0,263.371,7
Aug 19 2021 01: +0,264.576,6
Aug 20 2021 01: +0,269.826,9
Aug 21 2021 01: +0,267.935,4
Aug 22 2021 01: +0,256.665,10
Aug 23 2021 01: +0,252.008,7
Aug 24 2021 01: +0,259.133,10
Aug 25 2021 01: +0,267.899,6
Aug 26 2021 01: +0,271.873,4
Aug 27 2021 01: +0,245.453,8
Aug 28 2021 01: +0,265.737,7
Aug 29 2021 01: +0,251.854,16
Aug 30 2021 01: +0,258.213,6
Aug 31 2021 01: +0,255.03,9
Sep 01 2021 01: +0,207.814,6
Sep 02 2021 01: +0,267.096,14
Sep 03 2021 01: +0,277.619,9
Sep 04 2021 01: +0,260.155,12
Sep 05 2021 01: +0,270.72,9
Sep 06 2021 01: +0,271.06,9
Sep 07 2021 01: +0,271.309,10
Sep 08 2021 01: +0,274.756,7
Sep 09 2021 01: +0,253.986,6
Sep 10 2021 01: +0,263.824,7
Sep 11 2021 01: +0,271.126,12
Sep 12 2021 01: +0,261.119,15
Sep 13 2021 01: +0,282.343,9
Sep 14 2021 01: +0,263.821,12
Sep 15 2021 01: +0,270.466,9
Sep 16 2021 01: +0,268.341,16
Sep 17 2021 01: +0,260.451,8
Sep 18 2021 01: +0,266.823,14
Sep 19 2021 01: +0,262.306,8
Sep 20 2021 01: +0,255.556,11
Sep 21 2021 01: +0,250.772,10
Sep 22 2021 01: +0,209.576,26
Sep 23 2021 01: +0,210.886,15
Sep 24 2021 01: +0,215.914,16
Sep 25 2021 01: +0,215.485,18
Sep 26 2021 01: +0,221.227,24
Sep 27 2021 01: +0,230.106,14
Sep 28 2021 01: +0,227.612,12
Sep 29 2021 01: +0,236.784,13
Sep 30 2021 01: +0,223.556,14
Oct 01 2021 01: +0,231.74,13
Oct 02 2021 01: +0,235.269,14
Oct 03 2021 01: +0,236.588,11
Oct 04 2021 01: +0,236.064,9
Oct 05 2021 01: +0,242.171,16
Oct 06 2021 01: +0,238.903,10
Oct 07 2021 01: +0,243.711,10
Oct 08 2021 01: +0,235.003,13
Oct 09 2021 01: +0,233.927,18
Oct 10 2021 01: +0,241.115,14
Oct 11 2021 01: +0,236.422,15
Oct 12 2021 01: +0,243.425,12
Oct 13 2021 01: +0,251.796,13
Oct 14 2021 01: +0,249.774,13
Oct 15 2021 01: +0,238.382,12
Oct 16 2021 01: +0,245.106,8
Oct 17 2021 01: +0,246.094,17
Oct 18 2021 01: +0,254.665,8
Oct 19 2021 01: +0,253.893,5
Oct 20 2021 01: +0,254.201,7
Oct 21 2021 01: +0,241.083,10
Oct 22 2021 01: +0,233.665,12
Oct 23 2021 01: +0,240.664,15
Oct 24 2021 01: +0,247.913,9
Oct 25 2021 01: +0,231.127,10
Oct 26 2021 01: +0,227.418,12
Oct 27 2021 01: +0,200.981,9
Oct 28 2021 01: +0,230.785,13
Oct 29 2021 01: +0,233.023,17
Oct 30 2021 01: +0,238.296,12
Oct 31 2021 01: +0,232.205,18
Nov 01 2021 01: +0,243.598,7
Nov 02 2021 01: +0,241.189,5
Nov 03 2021 01: +0,243.35,16
Nov 04 2021 01: +0,239.546,12
Nov 05 2021 01: +0,242.699,5
Nov 06 2021 01: +0,242.527,12
Nov 07 2021 01: +0,232.661,12
Nov 08 2021 01: +0,229.918,12
Nov 09 2021 01: +0,220.872,13
Nov 10 2021 01: +0,208.985,11
Nov 11 2021 01: +0,224.166,13
Nov 12 2021 01: +0,221.528,8
Nov 13 2021 01: +0,223.416,12
Nov 14 2021 01: +0,226.152,10
Nov 15 2021 01: +0,226.347,9
Nov 16 2021 01: +0,227.686,12
Nov 17 2021 01: +0,230.086,14
Nov 18 2021 01: +0,225.092,8
Nov 19 2021 01: +0,230.177,13
Nov 20 2021 01: +0,229.495,13
Nov 21 2021 01: +0,231.139,12
Nov 22 2021 01: +0,239.375,4
Nov 23 2021 01: +0,237.36,12
Nov 24 2021 01: +0,234.004,6
Nov 25 2021 01: +0,230.392,12
Nov 26 2021 01: +0,227.686,10
Nov 27 2021 01: +0,227.76,7
Nov 28 2021 01: +0,236.253,11
Nov 29 2021 01: +0,241.044,9
Nov 30 2021 01: +0,230.133,10
Dec 01 2021 01: +0,236.381,7
Dec 02 2021 01: +0,225.729,5
Dec 03 2021 01: +0,237.111,10
Dec 04 2021 01: +0,239.968,11
Dec 05 2021 01: +0,245.51,14
Dec 06 2021 01: +0,246.083,11
Dec 07 2021 01: +0,241.947,12
Dec 08 2021 01: +0,249.62,9
Dec 09 2021 01: +0,242.233,11
Dec 10 2021 01: +0,250.145,8
Dec 11 2021 01: +0,242.772,11
Dec 12 2021 01: +0,243.08,9
Dec 13 2021 01: +0,252.326,8
Dec 14 2021 01: +0,256.961,8
Dec 15 2021 01: +0,244.32,10
Dec 16 2021 01: +0,231.961,6
Dec 17 2021 01: +0,235.218,8
Dec 18 2021 01: +0,237.2,10
Dec 19 2021 01: +0,255.786,8
Dec 20 2021 01: +0,252.425,7
Dec 21 2021 01: +0,237.072,10
Dec 22 2021 01: +0,235.117,5
Dec 23 2021 01: +0,238.213,5
Dec 24 2021 01: +0,239.791,9
Dec 25 2021 01: +0,246.852,9
Dec 26 2021 01: +0,242.448,12
Dec 27 2021 01: +0,242.197,12
Dec 28 2021 01: +0,261.367,11
Dec 29 2021 01: +0,258.23,13
Dec 30 2021 01: +0,253.466,17
Dec 31 2021 01: +0,251.173,11
Jan 01 2022 01: +0,251.093,6
Jan 02 2022 01: +0,261.037,9
Jan 03 2022 01: +0,250.831,11
Jan 04 2022 01: +0,262.55,7
Jan 05 2022 01: +0,253.962,10
Jan 06 2022 01: +0,261.761,12
Jan 07 2022 01: +0,258.572,14
Jan 08 2022 01: +0,269.268,11
Jan 09 2022 01: +0,258.268,15
Jan 10 2022 01: +0,259.544,9
Jan 11 2022 01: +0,269.788,11
Jan 12 2022 01: +0,266.524,7
Jan 13 2022 01: +0,260.449,8
Jan 14 2022 01: +0,273.913,14
Jan 15 2022 01: +0,275.162,7
Jan 16 2022 01: +0,273.795,13
Jan 17 2022 01: +0,263.521,7
Jan 18 2022 01: +0,263.884,10
Jan 19 2022 01: +0,279.936,5
Jan 20 2022 01: +0,277.795,12
Jan 21 2022 01: +0,269.397,8
Jan 22 2022 01: +0,253.614,9
Jan 23 2022 01: +0,250.589,17
Jan 24 2022 01: +0,248.823,9
Jan 25 2022 01: +0,249.285,15
Jan 26 2022 01: +0,259.835,12
Jan 27 2022 01: +0,247.829,9
Jan 28 2022 01: +0,256.523,8
Jan 29 2022 01: +0,251.759,9
Jan 30 2022 01: +0,250.043,14
Jan 31 2022 01: +0,251.676,6
Feb 01 2022 01: +0,259.521,9
Feb 02 2022 01: +0,265.826,6
Feb 03 2022 01: +0,245.612,11
Feb 04 2022 01: +0,266.209,18
Feb 05 2022 01: +0,262.245,9
Feb 06 2022 01: +0,255.526,8
Feb 07 2022 01: +0,247.642,7
Feb 08 2022 01: +0,256.807,14
Feb 09 2022 01: +0,251.852,5
Feb 10 2022 01: +0,247.415,7
Feb 11 2022 01: +0,250.177,4
Feb 12 2022 01: +0,256.232,15
Feb 13 2022 01: +0,269.219,9
Feb 14 2022 01: +0,285.828,6
Feb 15 2022 01: +0,268.684,9
Feb 16 2022 01: +0,259.794,6
Feb 17 2022 01: +0,260.446,6
Feb 18 2022 01: +0,258.342,8
Feb 19 2022 01: +0,248.194,9
Feb 20 2022 01: +0,267.367,7
Feb 21 2022 01: +0,266.469,7
Feb 22 2022 01: +0,261.687,7
Feb 23 2022 01: +0,252.27,9
Feb 24 2022 01: +0,258.529,6
Feb 25 2022 01: +0,261.57,12
Feb 26 2022 01: +0,257.094,11
Feb 27 2022 01: +0,253.886,8
Feb 28 2022 01: +0,253.646,11
Mar 01 2022 01: +0,259.02,10
Mar 02 2022 01: +0,261.978,9
Mar 03 2022 01: +0,261.169,14
Mar 04 2022 01: +0,264.703,8
Mar 05 2022 01: +0,270.754,8
Mar 06 2022 01: +0,267.319,9
Mar 07 2022 01: +0,270.337,11
Mar 08 2022 01: +0,256.671,7
Mar 09 2022 01: +0,263.011,6
Mar 10 2022 01: +0,268.846,9
Mar 11 2022 01: +0,281.288,10
Mar 12 2022 01: +0,273.693,12
Mar 13 2022 01: +0,276.577,12
Mar 14 2022 01: +0,274.488,14
Mar 15 2022 01: +0,274.001,6
Mar 16 2022 01: +0,280.965,7
Mar 17 2022 01: +0,277.663,8
Mar 18 2022 01: +0,274.913,3
Mar 19 2022 01: +0,283.309,11
Mar 20 2022 01: +0,280.487,9
Mar 21 2022 01: +0,271.022,9
Mar 22 2022 01: +0,274.73,7
Mar 23 2022 01: +0,282.526,10
Mar 24 2022 01: +0,281.457,7
Mar 25 2022 01: +0,271.469,12
Mar 26 2022 01: +0,283.043,10
Mar 27 2022 01: +0,287.014,10
Mar 28 2022 01: +0,277.58,5
Mar 29 2022 01: +0,273.271,6
Mar 30 2022 01: +0,284.85,6
Mar 31 2022 01: +0,284.145,10
Apr 01 2022 01: +0,280.55,4
Apr 02 2022 01: +0,271.341,3
Apr 03 2022 01: +0,280.545,7
Apr 04 2022 01: +0,292.513,7
Apr 05 2022 01: +0,294.565,9
Apr 06 2022 01: +0,298.976,12
Apr 07 2022 01: +0,297.899,7
Apr 08 2022 01: +0,303.424,7
Apr 09 2022 01: +0,298.906,8
Apr 10 2022 01: +0,288.593,11
Apr 11 2022 01: +0,297.741,6
Apr 12 2022 01: +0,294.274,10
Apr 13 2022 01: +0,287.128,9
Apr 14 2022 01: +0,295.39,11
Apr 15 2022 01: +0,292.577,10
Apr 16 2022 01: +0,302.263,9
Apr 17 2022 01: +0,287.453,14
Apr 18 2022 01: +0,287.932,10
Apr 19 2022 01: +0,294.705,7
Apr 20 2022 01: +0,281.43,9
Apr 21 2022 01: +0,300.438,8
Apr 22 2022 01: +0,285.973,8
Apr 23 2022 01: +0,292.859,3
Apr 24 2022 01: +0,288.578,8
Apr 25 2022 01: +0,285.034,6
Apr 26 2022 01: +0,289.295,12
Apr 27 2022 01: +0,298.611,7
Apr 28 2022 01: +0,288.936,5
Apr 29 2022 01: +0,283.041,10
Apr 30 2022 01: +0,285.044,5
May 01 2022 01: +0,274.373,15
May 02 2022 01: +0,291.372,9
May 03 2022 01: +0,276.905,7
May 04 2022 01: +0,282.774,8
May 05 2022 01: +0,277.312,2
May 06 2022 01: +0,287.167,11
May 07 2022 01: +0,292.806,8
May 08 2022 01: +0,283.977,5
May 09 2022 01: +0,281.569,5
May 10 2022 01: +0,273.581,8
May 11 2022 01: +0,272.796,6
May 12 2022 01: +0,284.371,5
May 13 2022 01: +0,273.404,7
May 14 2022 01: +0,271.906,10
May 15 2022 01: +0,272.319,12
May 16 2022 01: +0,276.341,7
May 17 2022 01: +0,277.164,7
May 18 2022 01: +0,279.452,8
May 19 2022 01: +0,276.843,11
May 20 2022 01: +0,275.185,10
May 21 2022 01: +0,252.047,10
May 26 2022 01: +0,287.57,1
May 28 2022 01: +0,249.07,2
May 29 2022 01: +0,260.07,1
Jun 04 2022 01: +0,285.712,1
Jun 06 2022 01: +0,311.47,1
Jun 07 2022 01: +0,275,1
Jun 08 2022 01: +0,283.76,1
Jun 10 2022 01: +0,273.078,2
Jun 13 2022 01: +0,279.1,1
Jun 14 2022 01: +0,280,1
Jun 16 2022 01: +0,247.25,1
Jun 21 2022 01: +0,258.75,1
