Aug 18 2013 01: +0,50,1
Aug 20 2013 01: +0,71.443,2
Aug 22 2013 01: +0,92,1
Aug 25 2013 01: +0,74.279,2
Aug 27 2013 01: +0,73.284,2
Aug 30 2013 01: +0,76.94,2
Sep 04 2013 01: +0,125.209,1
Sep 07 2013 01: +0,105.143,1
Sep 10 2013 01: +0,115.851,1
Sep 11 2013 01: +0,107.851,2
Sep 12 2013 01: +0,124.651,1
Sep 13 2013 01: +0,107.466,2
Sep 14 2013 01: +0,100,1
Sep 15 2013 01: +0,101.815,5
Sep 16 2013 01: +0,110.874,2
Sep 17 2013 01: +0,117.647,1
Sep 19 2013 01: +0,109.646,2
Sep 21 2013 01: +0,139.622,1
Sep 22 2013 01: +0,127.512,2
Sep 23 2013 01: +0,144.1,1
Sep 24 2013 01: +0,115.019,3
Sep 25 2013 01: +0,121.338,1
Sep 26 2013 01: +0,104.035,2
Sep 27 2013 01: +0,75.026,3
Sep 28 2013 01: +0,113.135,2
Sep 29 2013 01: +0,129.15,2
Oct 05 2013 01: +0,125.075,2
Oct 10 2013 01: +0,129.073,2
Oct 12 2013 01: +0,154.233,2
Oct 13 2013 01: +0,143.814,3
Oct 14 2013 01: +0,154.83,3
Oct 16 2013 01: +0,135.517,3
Oct 17 2013 01: +0,161,1
Oct 22 2013 01: +0,161.98,1
Oct 24 2013 01: +0,117.251,1
Oct 25 2013 01: +0,158.426,1
Oct 26 2013 01: +0,128.831,3
Oct 28 2013 01: +0,137.716,2
Oct 29 2013 01: +0,171.214,1
Oct 30 2013 01: +0,161.595,2
Oct 31 2013 01: +0,165.763,2
Nov 01 2013 01: +0,165.899,2
Nov 02 2013 01: +0,167.898,1
Nov 04 2013 01: +0,178.34,1
Nov 06 2013 01: +0,165.619,1
Nov 07 2013 01: +0,148.301,4
Nov 08 2013 01: +0,149.219,3
Nov 09 2013 01: +0,174.828,1
Nov 10 2013 01: +0,174.227,2
Nov 12 2013 01: +0,153.47,1
Nov 13 2013 01: +0,158.339,1
Nov 14 2013 01: +0,147.054,1
Nov 16 2013 01: +0,161.478,2
Nov 17 2013 01: +0,157.72,1
Nov 20 2013 01: +0,150.145,1
Nov 21 2013 01: +0,144.283,2
Nov 22 2013 01: +0,153.648,2
Nov 23 2013 01: +0,147.92,1
Nov 24 2013 01: +0,139.839,2
Nov 25 2013 01: +0,163.396,2
Nov 26 2013 01: +0,164.67,2
Nov 27 2013 01: +0,156.91,2
Nov 29 2013 01: +0,156.406,3
Nov 30 2013 01: +0,140.873,2
Dec 01 2013 01: +0,159.823,5
Dec 02 2013 01: +0,134.142,4
Dec 03 2013 01: +0,177.343,2
Dec 04 2013 01: +0,176.186,3
Dec 06 2013 01: +0,167.263,5
Dec 07 2013 01: +0,162.887,3
Dec 08 2013 01: +0,163.996,1
Dec 09 2013 01: +0,188.02,1
Dec 10 2013 01: +0,192.587,1
Dec 11 2013 01: +0,195.561,1
Dec 12 2013 01: +0,174.346,4
Dec 13 2013 01: +0,178.35,1
Dec 14 2013 01: +0,195.23,1
Dec 15 2013 01: +0,188.6,1
Dec 17 2013 01: +0,169.065,3
Dec 18 2013 01: +0,171.21,4
Dec 19 2013 01: +0,193.613,1
Dec 20 2013 01: +0,168.605,4
Dec 21 2013 01: +0,164.044,1
Dec 22 2013 01: +0,177.709,2
Dec 23 2013 01: +0,172.52,2
Dec 24 2013 01: +0,170.617,1
Dec 25 2013 01: +0,161.402,3
Dec 27 2013 01: +0,199.092,3
Dec 28 2013 01: +0,198.373,2
Dec 29 2013 01: +0,182.344,2
Dec 30 2013 01: +0,173.837,4
Dec 31 2013 01: +0,182.942,2
Jan 01 2014 01: +0,164.414,2
Jan 02 2014 01: +0,204.575,1
Jan 03 2014 01: +0,195,1
Jan 04 2014 01: +0,170.697,3
Jan 05 2014 01: +0,177.617,3
Jan 06 2014 01: +0,185.508,3
Jan 07 2014 01: +0,177.292,3
Jan 08 2014 01: +0,183.043,4
Jan 09 2014 01: +0,197.283,1
Jan 10 2014 01: +0,162.941,6
Jan 11 2014 01: +0,178.275,2
Jan 12 2014 01: +0,167.205,4
Jan 13 2014 01: +0,150.528,3
Jan 14 2014 01: +0,177.949,6
Jan 15 2014 01: +0,176.313,2
Jan 16 2014 01: +0,165.985,3
Jan 17 2014 01: +0,168.82,5
Jan 18 2014 01: +0,179.767,4
Jan 19 2014 01: +0,178.697,3
Jan 20 2014 01: +0,188.394,4
Jan 21 2014 01: +0,186.43,1
Jan 22 2014 01: +0,183.812,1
Jan 23 2014 01: +0,185.399,1
Jan 24 2014 01: +0,185.272,5
Jan 25 2014 01: +0,187.352,3
Jan 26 2014 01: +0,178.541,3
Jan 27 2014 01: +0,174.746,3
Jan 28 2014 01: +0,177.597,1
Jan 29 2014 01: +0,155.33,2
Jan 30 2014 01: +0,197.485,2
Jan 31 2014 01: +0,182.71,3
Feb 01 2014 01: +0,155.09,2
Feb 02 2014 01: +0,181.576,4
Feb 03 2014 01: +0,176.629,4
Feb 04 2014 01: +0,170.631,2
Feb 05 2014 01: +0,189.49,1
Feb 06 2014 01: +0,179.815,4
Feb 07 2014 01: +0,176.507,3
Feb 08 2014 01: +0,171.817,1
Feb 09 2014 01: +0,178.114,5
Feb 10 2014 01: +0,187.557,4
Feb 11 2014 01: +0,203.624,1
Feb 12 2014 01: +0,201.54,1
Feb 13 2014 01: +0,190.14,3
Feb 14 2014 01: +0,188.158,1
Feb 15 2014 01: +0,183.887,4
Feb 16 2014 01: +0,151.637,3
Feb 17 2014 01: +0,191.433,2
Feb 18 2014 01: +0,191.08,3
Feb 19 2014 01: +0,198.82,4
Feb 20 2014 01: +0,178.285,2
Feb 21 2014 01: +0,189.137,3
Feb 22 2014 01: +0,188.805,2
Feb 23 2014 01: +0,158.241,3
Feb 24 2014 01: +0,183.073,3
Feb 25 2014 01: +0,187.616,2
Feb 26 2014 01: +0,184.404,2
Feb 27 2014 01: +0,171.958,7
Feb 28 2014 01: +0,185.701,5
Mar 01 2014 01: +0,176.928,5
Mar 02 2014 01: +0,169.071,6
Mar 03 2014 01: +0,185.554,4
Mar 04 2014 01: +0,190.551,4
Mar 05 2014 01: +0,166.899,4
Mar 06 2014 01: +0,161.162,4
Mar 07 2014 01: +0,162.673,4
Mar 08 2014 01: +0,189.815,1
Mar 09 2014 01: +0,146.864,3
Mar 10 2014 01: +0,183.923,2
Mar 11 2014 01: +0,176.887,5
Mar 12 2014 01: +0,169.195,2
Mar 13 2014 01: +0,175.19,3
Mar 14 2014 01: +0,174.675,4
Mar 15 2014 01: +0,179.146,5
Mar 16 2014 01: +0,182.243,5
Mar 17 2014 01: +0,185.81,1
Mar 18 2014 01: +0,180.129,4
Mar 19 2014 01: +0,177.064,3
Mar 20 2014 01: +0,181.172,3
Mar 21 2014 01: +0,177.224,9
Mar 22 2014 01: +0,179.996,3
Mar 23 2014 01: +0,181.553,5
Mar 24 2014 01: +0,185.114,7
Mar 25 2014 01: +0,183.297,3
Mar 26 2014 01: +0,181.316,3
Mar 27 2014 01: +0,183.287,6
Mar 28 2014 01: +0,244.375,2
Mar 29 2014 01: +0,188.815,6
Mar 30 2014 01: +0,202.991,1
Mar 31 2014 01: +0,187.445,3
Apr 01 2014 01: +0,201.98,3
Apr 02 2014 01: +0,180.4,6
Apr 03 2014 01: +0,176.74,4
Apr 04 2014 01: +0,194.088,2
Apr 05 2014 01: +0,185.934,5
Apr 06 2014 01: +0,176.319,4
Apr 07 2014 01: +0,182.337,4
Apr 08 2014 01: +0,172.607,2
Apr 09 2014 01: +0,186.458,5
Apr 10 2014 01: +0,172.661,3
Apr 11 2014 01: +0,178.882,6
Apr 12 2014 01: +0,195.173,2
Apr 13 2014 01: +0,180.905,3
Apr 14 2014 01: +0,174.09,4
Apr 15 2014 01: +0,186.966,2
Apr 16 2014 01: +0,196.34,4
Apr 17 2014 01: +0,203.523,5
Apr 18 2014 01: +0,194.09,7
Apr 19 2014 01: +0,166.101,3
Apr 21 2014 01: +0,192.475,5
Apr 22 2014 01: +0,192.356,4
Apr 23 2014 01: +0,182.987,2
Apr 24 2014 01: +0,185.172,7
Apr 25 2014 01: +0,200.327,6
Apr 26 2014 01: +0,186.097,5
Apr 27 2014 01: +0,191.508,6
Apr 28 2014 01: +0,191.21,1
Apr 29 2014 01: +0,198.074,5
Apr 30 2014 01: +0,200.276,2
May 01 2014 01: +0,191.485,4
May 02 2014 01: +0,190.172,6
May 03 2014 01: +0,175.282,4
May 04 2014 01: +0,185.755,6
May 05 2014 01: +0,182.442,4
May 06 2014 01: +0,177.988,5
May 07 2014 01: +0,186.171,3
May 08 2014 01: +0,177.274,8
May 09 2014 01: +0,176.993,7
May 10 2014 01: +0,172.761,7
May 11 2014 01: +0,158.968,4
May 12 2014 01: +0,160.941,8
May 13 2014 01: +0,184.228,2
May 14 2014 01: +0,169.046,5
May 15 2014 01: +0,172.13,6
May 16 2014 01: +0,167.917,5
May 17 2014 01: +0,154.615,4
May 18 2014 01: +0,153.225,5
May 19 2014 01: +0,163.713,3
May 20 2014 01: +0,156.774,4
May 21 2014 01: +0,158.56,4
May 22 2014 01: +0,159.707,6
May 23 2014 01: +0,159.272,7
May 24 2014 01: +0,156.868,6
May 25 2014 01: +0,162.287,4
May 26 2014 01: +0,146.613,8
May 27 2014 01: +0,166.337,3
May 28 2014 01: +0,156.783,5
May 29 2014 01: +0,163.661,4
May 30 2014 01: +0,155.468,10
May 31 2014 01: +0,155.689,6
Jun 01 2014 01: +0,159.059,6
Jun 02 2014 01: +0,164.75,5
Jun 03 2014 01: +0,153.595,6
Jun 04 2014 01: +0,161.932,4
Jun 05 2014 01: +0,163.965,3
Jun 06 2014 01: +0,164.25,1
Jun 07 2014 01: +0,167.509,4
Jun 08 2014 01: +0,175.165,3
Jun 09 2014 01: +0,169.38,2
Jun 10 2014 01: +0,156.189,4
Jun 11 2014 01: +0,159.362,3
Jun 12 2014 01: +0,159.491,6
Jun 13 2014 01: +0,163.634,5
Jun 14 2014 01: +0,150.481,8
Jun 15 2014 01: +0,141.378,5
Jun 16 2014 01: +0,156.549,8
Jun 17 2014 01: +0,162.367,9
Jun 18 2014 01: +0,157.887,10
Jun 19 2014 01: +0,157.017,4
Jun 20 2014 01: +0,156.668,4
Jun 21 2014 01: +0,139.694,7
Jun 22 2014 01: +0,145.08,8
Jun 23 2014 01: +0,145.987,5
Jun 24 2014 01: +0,140.653,6
Jun 25 2014 01: +0,148.769,9
Jun 26 2014 01: +0,156.579,8
Jun 27 2014 01: +0,154.769,4
Jun 28 2014 01: +0,151.317,7
Jun 29 2014 01: +0,141.913,8
Jun 30 2014 01: +0,153.446,5
Jul 01 2014 01: +0,162.893,2
Jul 02 2014 01: +0,151.746,3
Jul 03 2014 01: +0,158.917,9
Jul 04 2014 01: +0,170.948,1
Jul 05 2014 01: +0,148.98,4
Jul 06 2014 01: +0,144.57,6
Jul 07 2014 01: +0,152.83,6
Jul 08 2014 01: +0,152.948,7
Jul 09 2014 01: +0,159.648,5
Jul 10 2014 01: +0,157.283,6
Jul 11 2014 01: +0,150.793,7
Jul 12 2014 01: +0,155.436,5
Jul 13 2014 01: +0,152.343,9
Jul 14 2014 01: +0,163.39,5
Jul 15 2014 01: +0,149.307,7
Jul 16 2014 01: +0,154.507,2
Jul 17 2014 01: +0,151.361,6
Jul 18 2014 01: +0,155.464,2
Jul 19 2014 01: +0,142.874,7
Jul 20 2014 01: +0,148.128,7
Jul 21 2014 01: +0,153.441,8
Jul 22 2014 01: +0,159.642,7
Jul 23 2014 01: +0,166.35,7
Jul 24 2014 01: +0,169.185,2
Jul 25 2014 01: +0,167.6,8
Jul 26 2014 01: +0,163.137,5
Jul 27 2014 01: +0,165.86,4
Jul 28 2014 01: +0,150.881,4
Jul 29 2014 01: +0,156.208,6
Jul 30 2014 01: +0,163.889,5
Jul 31 2014 01: +0,171.549,8
Aug 01 2014 01: +0,171.497,7
Aug 02 2014 01: +0,161.662,3
Aug 03 2014 01: +0,167.587,8
Aug 04 2014 01: +0,165.316,8
Aug 05 2014 01: +0,144.48,1
Aug 06 2014 01: +0,160.94,4
Aug 07 2014 01: +0,161.454,5
Aug 08 2014 01: +0,168.418,6
Aug 09 2014 01: +0,164.978,5
Aug 10 2014 01: +0,158.694,7
Aug 11 2014 01: +0,164.48,5
Aug 12 2014 01: +0,168.893,6
Aug 13 2014 01: +0,162.373,3
Aug 14 2014 01: +0,156.111,10
Aug 15 2014 01: +0,165.21,8
Aug 16 2014 01: +0,167.589,10
Aug 17 2014 01: +0,159.615,8
Aug 18 2014 01: +0,164.098,9
Aug 19 2014 01: +0,166.621,11
Aug 20 2014 01: +0,166.294,8
Aug 21 2014 01: +0,156.987,8
Aug 22 2014 01: +0,153.331,10
Aug 23 2014 01: +0,157.22,9
Aug 24 2014 01: +0,151.49,7
Aug 25 2014 01: +0,166.741,13
Aug 26 2014 01: +0,167.125,10
Aug 27 2014 01: +0,165.364,9
Aug 28 2014 01: +0,169.196,7
Aug 29 2014 01: +0,163.397,11
Aug 30 2014 01: +0,162.899,11
Aug 31 2014 01: +0,167.348,4
Sep 01 2014 01: +0,169.465,7
Sep 02 2014 01: +0,167.311,10
Sep 03 2014 01: +0,163.171,13
Sep 04 2014 01: +0,165.649,6
Sep 05 2014 01: +0,160.065,8
Sep 06 2014 01: +0,164.102,6
Sep 07 2014 01: +0,162.626,6
Sep 08 2014 01: +0,160.261,4
Sep 09 2014 01: +0,162.702,8
Sep 10 2014 01: +0,154.094,7
Sep 11 2014 01: +0,161.903,12
Sep 12 2014 01: +0,162.149,9
Sep 13 2014 01: +0,159.942,10
Sep 14 2014 01: +0,163.149,6
Sep 15 2014 01: +0,161.693,7
Sep 16 2014 01: +0,156.834,9
Sep 17 2014 01: +0,158.111,8
Sep 18 2014 01: +0,151.725,11
Sep 19 2014 01: +0,160.376,14
Sep 20 2014 01: +0,153.812,7
Sep 21 2014 01: +0,155.517,4
Sep 22 2014 01: +0,153.318,10
Sep 23 2014 01: +0,150.913,8
Sep 24 2014 01: +0,157.005,6
Sep 25 2014 01: +0,151.163,13
Sep 26 2014 01: +0,152.487,7
Sep 27 2014 01: +0,158.354,3
Sep 28 2014 01: +0,158.964,9
Sep 29 2014 01: +0,144.922,10
Sep 30 2014 01: +0,150.645,9
Oct 01 2014 01: +0,151.861,8
Oct 02 2014 01: +0,150.036,13
Oct 03 2014 01: +0,156.047,4
Oct 04 2014 01: +0,153.914,3
Oct 05 2014 01: +0,141.372,5
Oct 06 2014 01: +0,155.944,8
Oct 07 2014 01: +0,154.579,5
Oct 08 2014 01: +0,157.235,12
Oct 09 2014 01: +0,150.587,9
Oct 10 2014 01: +0,131.007,11
Oct 11 2014 01: +0,148.776,10
Oct 12 2014 01: +0,143.802,7
Oct 13 2014 01: +0,150.636,7
Oct 14 2014 01: +0,142.838,9
Oct 15 2014 01: +0,143.161,4
Oct 16 2014 01: +0,145.746,11
Oct 17 2014 01: +0,141.706,12
Oct 18 2014 01: +0,142.794,12
Oct 19 2014 01: +0,139.081,10
Oct 20 2014 01: +0,142.781,9
Oct 21 2014 01: +0,140.621,5
Oct 22 2014 01: +0,136.55,16
Oct 23 2014 01: +0,144.404,7
Oct 24 2014 01: +0,139.021,16
Oct 25 2014 01: +0,139.846,7
Oct 26 2014 01: +0,144.467,10
Oct 27 2014 01: +0,138.846,7
Oct 28 2014 01: +0,140.32,8
Oct 29 2014 01: +0,141.247,5
Oct 30 2014 01: +0,139.651,9
Oct 31 2014 01: +0,139.056,13
Nov 01 2014 01: +0,136.77,17
Nov 02 2014 01: +0,139.904,6
Nov 03 2014 01: +0,131.488,16
Nov 04 2014 01: +0,130.834,10
Nov 05 2014 01: +0,134.191,11
Nov 06 2014 01: +0,131.289,9
Nov 07 2014 01: +0,132.17,11
Nov 08 2014 01: +0,131.882,12
Nov 09 2014 01: +0,130.427,12
Nov 10 2014 01: +0,131.478,9
Nov 11 2014 01: +0,128.959,7
Nov 12 2014 01: +0,128.978,7
Nov 13 2014 01: +0,111.529,11
Nov 14 2014 01: +0,117.887,12
Nov 15 2014 01: +0,121.253,9
Nov 16 2014 01: +0,112.926,8
Nov 17 2014 01: +0,115.037,12
Nov 18 2014 01: +0,116.107,9
Nov 19 2014 01: +0,111.062,13
Nov 20 2014 01: +0,108.354,13
Nov 21 2014 01: +0,117.909,13
Nov 22 2014 01: +0,108.045,12
Nov 23 2014 01: +0,104.807,16
Nov 24 2014 01: +0,109.36,14
Nov 25 2014 01: +0,108.524,14
Nov 26 2014 01: +0,108.707,16
Nov 27 2014 01: +0,106.857,17
Nov 28 2014 01: +0,113.823,18
Nov 29 2014 01: +0,139.332,3
Nov 30 2014 01: +0,114.074,19
Dec 01 2014 01: +0,119.007,13
Dec 02 2014 01: +0,109.638,15
Dec 03 2014 01: +0,120.492,13
Dec 04 2014 01: +0,121.092,15
Dec 05 2014 01: +0,126.556,12
Dec 06 2014 01: +0,122.594,17
Dec 07 2014 01: +0,127.081,10
Dec 08 2014 01: +0,126.613,11
Dec 09 2014 01: +0,125.452,23
Dec 10 2014 01: +0,121.747,15
Dec 11 2014 01: +0,124.642,14
Dec 12 2014 01: +0,135.176,10
Dec 13 2014 01: +0,137.278,15
Dec 14 2014 01: +0,132.857,14
Dec 15 2014 01: +0,127.539,11
Dec 16 2014 01: +0,132.659,8
Dec 17 2014 01: +0,123.277,16
Dec 18 2014 01: +0,130.551,10
Dec 19 2014 01: +0,131.041,16
Dec 20 2014 01: +0,127.851,11
Dec 21 2014 01: +0,129.376,10
Dec 22 2014 01: +0,130.036,18
Dec 23 2014 01: +0,138.37,18
Dec 24 2014 01: +0,139.077,19
Dec 25 2014 01: +0,147.332,26
Dec 26 2014 01: +0,148.379,37
Dec 27 2014 01: +0,151.601,29
Dec 28 2014 01: +0,152.718,15
Dec 29 2014 01: +0,151.986,24
Dec 30 2014 01: +0,161.541,16
Dec 31 2014 01: +0,159.112,13
Jan 01 2015 01: +0,149.714,20
Jan 02 2015 01: +0,147.964,27
Jan 03 2015 01: +0,147.984,21
Jan 04 2015 01: +0,146.93,17
Jan 05 2015 01: +0,142.273,21
Jan 06 2015 01: +0,143.932,19
Jan 07 2015 01: +0,151.765,15
Jan 08 2015 01: +0,145.917,10
Jan 09 2015 01: +0,139.518,24
Jan 10 2015 01: +0,141.082,15
Jan 11 2015 01: +0,135.073,21
Jan 12 2015 01: +0,135.871,17
Jan 13 2015 01: +0,137.264,18
Jan 14 2015 01: +0,134.003,15
Jan 15 2015 01: +0,139.165,22
Jan 16 2015 01: +0,141.213,13
Jan 17 2015 01: +0,132.227,15
Jan 18 2015 01: +0,133.982,19
Jan 19 2015 01: +0,130.977,16
Jan 20 2015 01: +0,130.86,16
Jan 21 2015 01: +0,131.294,14
Jan 22 2015 01: +0,134.249,8
Jan 23 2015 01: +0,132.647,23
Jan 24 2015 01: +0,132.604,14
Jan 25 2015 01: +0,135.208,21
Jan 26 2015 01: +0,129.789,19
Jan 27 2015 01: +0,134.615,15
Jan 28 2015 01: +0,129.57,14
Jan 29 2015 01: +0,125.369,15
Jan 30 2015 01: +0,130.31,22
Jan 31 2015 01: +0,137.398,18
Feb 01 2015 01: +0,133.023,16
Feb 02 2015 01: +0,137.156,14
Feb 03 2015 01: +0,137.333,14
Feb 04 2015 01: +0,134.318,9
Feb 05 2015 01: +0,131.628,16
Feb 06 2015 01: +0,126.3,16
Feb 07 2015 01: +0,132.141,18
Feb 08 2015 01: +0,125.952,19
Feb 09 2015 01: +0,127.728,18
Feb 10 2015 01: +0,129.93,8
Feb 11 2015 01: +0,129.09,12
Feb 12 2015 01: +0,127.856,13
Feb 13 2015 01: +0,125.691,11
Feb 14 2015 01: +0,124.35,18
Feb 15 2015 01: +0,122.8,26
Feb 16 2015 01: +0,122.827,14
Feb 17 2015 01: +0,126.601,21
Feb 18 2015 01: +0,127.252,16
Feb 19 2015 01: +0,128.987,17
Feb 20 2015 01: +0,127.065,12
Feb 21 2015 01: +0,132.428,18
Feb 22 2015 01: +0,132.913,15
Feb 23 2015 01: +0,130.974,11
Feb 24 2015 01: +0,127.499,17
Feb 25 2015 01: +0,134.034,16
Feb 26 2015 01: +0,133.313,14
Feb 27 2015 01: +0,128.251,18
Feb 28 2015 01: +0,126.057,22
Mar 01 2015 01: +0,126.055,19
Mar 02 2015 01: +0,127.046,18
Mar 03 2015 01: +0,127.012,14
Mar 04 2015 01: +0,129.017,12
Mar 05 2015 01: +0,122.382,18
Mar 06 2015 01: +0,117.351,27
Mar 07 2015 01: +0,125.534,24
Mar 08 2015 01: +0,127.603,20
Mar 09 2015 01: +0,120.966,14
Mar 10 2015 01: +0,123.746,19
Mar 11 2015 01: +0,123.541,12
Mar 12 2015 01: +0,122.486,9
Mar 13 2015 01: +0,112.816,22
Mar 14 2015 01: +0,120.065,29
Mar 15 2015 01: +0,118.45,23
Mar 16 2015 01: +0,120.871,19
Mar 17 2015 01: +0,123.413,16
Mar 18 2015 01: +0,128.075,21
Mar 19 2015 01: +0,131.633,14
Mar 20 2015 01: +0,129.035,16
Mar 21 2015 01: +0,125.704,22
Mar 22 2015 01: +0,122.619,10
Mar 23 2015 01: +0,122.567,25
Mar 24 2015 01: +0,128.063,21
Mar 25 2015 01: +0,130.816,17
Mar 26 2015 01: +0,125.486,21
Mar 27 2015 01: +0,133.198,13
Mar 28 2015 01: +0,129.542,19
Mar 29 2015 01: +0,129.484,16
Mar 30 2015 01: +0,122.077,18
Mar 31 2015 01: +0,127.709,23
Apr 01 2015 01: +0,126.973,33
Apr 02 2015 01: +0,124.743,26
Apr 03 2015 01: +0,130.012,19
Apr 04 2015 01: +0,126.163,22
Apr 05 2015 01: +0,126.997,21
Apr 06 2015 01: +0,132.026,17
Apr 07 2015 01: +0,131.84,28
Apr 08 2015 01: +0,128.334,16
Apr 09 2015 01: +0,127.98,19
Apr 10 2015 01: +0,127.753,22
Apr 11 2015 01: +0,128.534,21
Apr 12 2015 01: +0,126.207,20
Apr 13 2015 01: +0,121.064,24
Apr 14 2015 01: +0,117.231,19
Apr 15 2015 01: +0,110.99,27
Apr 16 2015 01: +0,107.568,23
Apr 17 2015 01: +0,104.251,30
Apr 18 2015 01: +0,109.286,25
Apr 19 2015 01: +0,104.308,21
Apr 20 2015 01: +0,108.813,24
Apr 21 2015 01: +0,111.03,24
Apr 22 2015 01: +0,107.668,20
Apr 23 2015 01: +0,109.494,20
Apr 24 2015 01: +0,109.905,24
Apr 25 2015 01: +0,112.38,32
Apr 26 2015 01: +0,108.252,21
Apr 27 2015 01: +0,108.226,22
Apr 28 2015 01: +0,114.332,25
Apr 29 2015 01: +0,117.192,17
Apr 30 2015 01: +0,119.77,22
May 01 2015 01: +0,116.027,42
May 02 2015 01: +0,122.994,26
May 03 2015 01: +0,115.634,35
May 04 2015 01: +0,114.993,35
May 05 2015 01: +0,114.731,26
May 06 2015 01: +0,116.535,21
May 07 2015 01: +0,118.839,28
May 08 2015 01: +0,117.825,25
May 09 2015 01: +0,118.731,25
May 10 2015 01: +0,115.905,23
May 11 2015 01: +0,117.6,30
May 12 2015 01: +0,122.508,23
May 13 2015 01: +0,122.044,19
May 14 2015 01: +0,120.884,21
May 15 2015 01: +0,123.109,23
May 16 2015 01: +0,125.498,23
May 17 2015 01: +0,124.098,22
May 18 2015 01: +0,118.065,25
May 19 2015 01: +0,118.359,23
May 20 2015 01: +0,118.948,12
May 21 2015 01: +0,122.737,20
May 22 2015 01: +0,119.691,24
May 23 2015 01: +0,119.653,22
May 24 2015 01: +0,122.305,27
May 25 2015 01: +0,124.253,22
May 26 2015 01: +0,120.749,28
May 27 2015 01: +0,115.122,28
May 28 2015 01: +0,113.052,31
May 29 2015 01: +0,119.102,27
May 30 2015 01: +0,117.467,24
May 31 2015 01: +0,113.878,32
Jun 01 2015 01: +0,120.516,33
Jun 02 2015 01: +0,120.453,24
Jun 03 2015 01: +0,123.001,25
Jun 04 2015 01: +0,118.682,25
Jun 05 2015 01: +0,119.887,30
Jun 06 2015 01: +0,118.389,27
Jun 07 2015 01: +0,114.404,30
Jun 08 2015 01: +0,115.21,26
Jun 09 2015 01: +0,118.712,28
Jun 10 2015 01: +0,118.014,28
Jun 11 2015 01: +0,118.115,23
Jun 12 2015 01: +0,117.377,23
Jun 13 2015 01: +0,118.011,27
Jun 14 2015 01: +0,113.428,36
Jun 15 2015 01: +0,115.521,28
Jun 16 2015 01: +0,116.669,24
Jun 17 2015 01: +0,115.178,20
Jun 18 2015 01: +0,114.643,23
Jun 19 2015 01: +0,114.427,29
Jun 20 2015 01: +0,116.678,32
Jun 21 2015 01: +0,115.315,19
Jun 22 2015 01: +0,114.468,28
Jun 23 2015 01: +0,114.503,21
Jun 24 2015 01: +0,115.455,21
Jun 25 2015 01: +0,122.498,30
Jun 26 2015 01: +0,123.449,25
Jun 27 2015 01: +0,124.458,21
Jun 28 2015 01: +0,118.86,22
Jun 29 2015 01: +0,118.83,30
Jun 30 2015 01: +0,124.826,37
Jul 01 2015 01: +0,128.052,30
Jul 02 2015 01: +0,124.817,18
Jul 03 2015 01: +0,126.866,27
Jul 04 2015 01: +0,128.489,28
Jul 05 2015 01: +0,124.551,19
Jul 06 2015 01: +0,123.073,23
Jul 07 2015 01: +0,124.873,30
Jul 08 2015 01: +0,123.205,21
Jul 09 2015 01: +0,121.198,31
Jul 10 2015 01: +0,121.037,27
Jul 11 2015 01: +0,128.33,20
Jul 12 2015 01: +0,127.494,23
Jul 13 2015 01: +0,123.516,15
Jul 14 2015 01: +0,124.015,36
Jul 15 2015 01: +0,129.871,23
Jul 16 2015 01: +0,124.379,17
Jul 17 2015 01: +0,121.061,22
Jul 18 2015 01: +0,123.336,21
Jul 19 2015 01: +0,125.343,22
Jul 20 2015 01: +0,128.016,25
Jul 21 2015 01: +0,126.791,27
Jul 22 2015 01: +0,129.028,15
Jul 23 2015 01: +0,132.049,16
Jul 24 2015 01: +0,131.818,30
Jul 25 2015 01: +0,124.559,27
Jul 26 2015 01: +0,124.768,22
Jul 27 2015 01: +0,127.242,31
Jul 28 2015 01: +0,136.753,17
Jul 29 2015 01: +0,138.027,21
Jul 30 2015 01: +0,129.713,19
Jul 31 2015 01: +0,125.123,29
Aug 01 2015 01: +0,131.32,20
Aug 02 2015 01: +0,132.694,22
Aug 03 2015 01: +0,127.416,21
Aug 04 2015 01: +0,128.256,21
Aug 05 2015 01: +0,129.636,22
Aug 06 2015 01: +0,128.224,17
Aug 07 2015 01: +0,126.499,23
Aug 08 2015 01: +0,131.845,17
Aug 09 2015 01: +0,129.57,26
Aug 10 2015 01: +0,126.833,16
Aug 11 2015 01: +0,126.881,22
Aug 12 2015 01: +0,126.515,18
Aug 13 2015 01: +0,126.377,22
Aug 14 2015 01: +0,124.468,22
Aug 15 2015 01: +0,123.371,19
Aug 16 2015 01: +0,122.295,19
Aug 17 2015 01: +0,119.219,21
Aug 18 2015 01: +0,123.514,19
Aug 19 2015 01: +0,124.455,23
Aug 20 2015 01: +0,119.001,18
Aug 21 2015 01: +0,120.637,26
Aug 22 2015 01: +0,126.572,19
Aug 23 2015 01: +0,120.919,26
Aug 24 2015 01: +0,124.177,22
Aug 25 2015 01: +0,126.414,25
Aug 26 2015 01: +0,124.475,17
Aug 27 2015 01: +0,127.899,31
Aug 28 2015 01: +0,130.581,24
Aug 29 2015 01: +0,134.375,23
Aug 30 2015 01: +0,133.926,21
Aug 31 2015 01: +0,135.783,29
Sep 01 2015 01: +0,136.59,30
Sep 02 2015 01: +0,133.016,23
Sep 03 2015 01: +0,136.344,15
Sep 04 2015 01: +0,137.065,21
Sep 05 2015 01: +0,129.955,27
Sep 06 2015 01: +0,134.877,28
Sep 07 2015 01: +0,136.943,17
Sep 08 2015 01: +0,138.263,16
Sep 09 2015 01: +0,134.632,17
Sep 10 2015 01: +0,134.549,16
Sep 11 2015 01: +0,135.734,23
Sep 12 2015 01: +0,138.121,22
Sep 13 2015 01: +0,138.754,16
Sep 14 2015 01: +0,139.398,18
Sep 15 2015 01: +0,138.536,15
Sep 16 2015 01: +0,135.366,21
Sep 17 2015 01: +0,135.018,22
Sep 18 2015 01: +0,132.814,29
Sep 19 2015 01: +0,131.76,31
Sep 20 2015 01: +0,133.065,18
Sep 21 2015 01: +0,130.387,27
Sep 22 2015 01: +0,134.334,15
Sep 23 2015 01: +0,130.352,16
Sep 24 2015 01: +0,133.147,19
Sep 25 2015 01: +0,128.475,20
Sep 26 2015 01: +0,133.384,33
Sep 27 2015 01: +0,131.275,25
Sep 28 2015 01: +0,134.904,20
Sep 29 2015 01: +0,139.46,25
Sep 30 2015 01: +0,140.315,14
Oct 01 2015 01: +0,146.053,19
Oct 02 2015 01: +0,144.527,19
Oct 03 2015 01: +0,140.106,23
Oct 04 2015 01: +0,135.954,19
Oct 05 2015 01: +0,138.104,27
Oct 06 2015 01: +0,143.732,14
Oct 07 2015 01: +0,141.67,16
Oct 08 2015 01: +0,139.346,20
Oct 09 2015 01: +0,144.414,18
Oct 10 2015 01: +0,141.646,16
Oct 11 2015 01: +0,138.064,22
Oct 12 2015 01: +0,141.635,21
Oct 13 2015 01: +0,145.863,19
Oct 14 2015 01: +0,142.952,12
Oct 15 2015 01: +0,135.869,18
Oct 16 2015 01: +0,148.036,13
Oct 17 2015 01: +0,141.685,16
Oct 18 2015 01: +0,141.261,24
Oct 19 2015 01: +0,132.448,18
Oct 20 2015 01: +0,139.843,11
Oct 21 2015 01: +0,139.882,12
Oct 22 2015 01: +0,136.475,17
Oct 23 2015 01: +0,138.918,12
Oct 24 2015 01: +0,135.703,16
Oct 25 2015 01: +0,133.737,14
Oct 26 2015 01: +0,130.83,14
Oct 27 2015 01: +0,132.01,19
Oct 28 2015 01: +0,131.61,20
Oct 29 2015 01: +0,130.776,15
Oct 30 2015 01: +0,135.463,23
Oct 31 2015 01: +0,135.056,17
Nov 01 2015 01: +0,128.827,22
Nov 02 2015 01: +0,126.717,19
Nov 03 2015 01: +0,131.49,15
Nov 04 2015 01: +0,128.566,24
Nov 05 2015 01: +0,127.587,21
Nov 06 2015 01: +0,126.52,26
Nov 07 2015 01: +0,124.21,24
Nov 08 2015 01: +0,121.668,28
Nov 09 2015 01: +0,122.673,19
Nov 10 2015 01: +0,120.538,22
Nov 11 2015 01: +0,121.85,12
Nov 12 2015 01: +0,118.461,20
Nov 13 2015 01: +0,120.736,25
Nov 14 2015 01: +0,112.986,14
Nov 15 2015 01: +0,118.316,27
Nov 16 2015 01: +0,120.874,16
Nov 17 2015 01: +0,122.605,17
Nov 18 2015 01: +0,119.043,14
Nov 19 2015 01: +0,122.56,21
Nov 20 2015 01: +0,122.806,20
Nov 21 2015 01: +0,122.827,11
Nov 22 2015 01: +0,119.449,25
Nov 23 2015 01: +0,124.768,16
Nov 24 2015 01: +0,128.257,20
Nov 25 2015 01: +0,125.894,21
Nov 26 2015 01: +0,119.581,21
Nov 27 2015 01: +0,122.484,23
Nov 28 2015 01: +0,124.696,27
Nov 29 2015 01: +0,121.813,18
Nov 30 2015 01: +0,119.951,19
Dec 01 2015 01: +0,121.451,15
Dec 02 2015 01: +0,115.451,23
Dec 03 2015 01: +0,120.748,19
Dec 04 2015 01: +0,128.132,19
Dec 05 2015 01: +0,129.606,15
Dec 06 2015 01: +0,128.176,20
Dec 07 2015 01: +0,131.182,17
Dec 08 2015 01: +0,128.987,22
Dec 09 2015 01: +0,126.548,16
Dec 10 2015 01: +0,118.521,20
Dec 11 2015 01: +0,121.252,28
Dec 12 2015 01: +0,123.484,32
Dec 13 2015 01: +0,126.123,22
Dec 14 2015 01: +0,122.25,20
Dec 15 2015 01: +0,125.588,18
Dec 16 2015 01: +0,121.738,19
Dec 17 2015 01: +0,124.361,19
Dec 18 2015 01: +0,125.126,25
Dec 19 2015 01: +0,120.461,19
Dec 20 2015 01: +0,120.439,22
Dec 21 2015 01: +0,124.755,22
Dec 22 2015 01: +0,124.857,15
Dec 23 2015 01: +0,120.572,22
Dec 24 2015 01: +0,124.144,31
Dec 25 2015 01: +0,127.989,47
Dec 26 2015 01: +0,138.504,40
Dec 27 2015 01: +0,133.682,31
Dec 28 2015 01: +0,138.667,30
Dec 29 2015 01: +0,139.916,37
Dec 30 2015 01: +0,139.073,29
Dec 31 2015 01: +0,135.426,14
Jan 01 2016 01: +0,127.421,30
Jan 02 2016 01: +0,131.265,35
Jan 03 2016 01: +0,131.722,23
Jan 04 2016 01: +0,124.824,27
Jan 05 2016 01: +0,125.591,24
Jan 06 2016 01: +0,129.566,17
Jan 07 2016 01: +0,124.666,26
Jan 08 2016 01: +0,126.444,24
Jan 09 2016 01: +0,130.297,20
Jan 10 2016 01: +0,127.395,22
Jan 11 2016 01: +0,126.367,15
Jan 12 2016 01: +0,130.169,21
Jan 13 2016 01: +0,129.26,20
Jan 14 2016 01: +0,121.565,14
Jan 15 2016 01: +0,130.476,21
Jan 16 2016 01: +0,132.378,24
Jan 17 2016 01: +0,127.33,28
Jan 18 2016 01: +0,125.011,24
Jan 19 2016 01: +0,123.989,13
Jan 20 2016 01: +0,131.76,19
Jan 21 2016 01: +0,129.377,19
Jan 22 2016 01: +0,128.144,24
Jan 23 2016 01: +0,125.102,21
Jan 24 2016 01: +0,127.089,22
Jan 25 2016 01: +0,123.967,25
Jan 26 2016 01: +0,125.926,10
Jan 27 2016 01: +0,125.639,23
Jan 28 2016 01: +0,126.229,14
Jan 29 2016 01: +0,123.329,28
Jan 30 2016 01: +0,124.173,23
Jan 31 2016 01: +0,125.567,29
Feb 01 2016 01: +0,122.254,16
Feb 02 2016 01: +0,122.16,20
Feb 03 2016 01: +0,118.923,17
Feb 04 2016 01: +0,124.34,19
Feb 05 2016 01: +0,122.527,23
Feb 06 2016 01: +0,121.935,28
Feb 07 2016 01: +0,113.52,20
Feb 08 2016 01: +0,116.191,16
Feb 09 2016 01: +0,107.938,16
Feb 10 2016 01: +0,116.839,19
Feb 11 2016 01: +0,115.43,20
Feb 12 2016 01: +0,113.86,21
Feb 13 2016 01: +0,115.436,36
Feb 14 2016 01: +0,115.136,27
Feb 15 2016 01: +0,122.217,27
Feb 16 2016 01: +0,120.803,26
Feb 17 2016 01: +0,122.766,17
Feb 18 2016 01: +0,119.884,12
Feb 19 2016 01: +0,114.559,28
Feb 20 2016 01: +0,116.896,23
Feb 21 2016 01: +0,114.938,22
Feb 22 2016 01: +0,117.898,14
Feb 23 2016 01: +0,119.573,21
Feb 24 2016 01: +0,114.728,16
Feb 25 2016 01: +0,117.011,19
Feb 26 2016 01: +0,118.544,25
Feb 27 2016 01: +0,118.431,32
Feb 28 2016 01: +0,120.571,13
Feb 29 2016 01: +0,118.03,23
Mar 01 2016 01: +0,119.455,20
Mar 02 2016 01: +0,125.365,17
Mar 03 2016 01: +0,124.449,22
Mar 04 2016 01: +0,123.648,17
Mar 05 2016 01: +0,126.683,24
Mar 06 2016 01: +0,125.669,24
Mar 07 2016 01: +0,120.055,21
Mar 08 2016 01: +0,123.971,22
Mar 09 2016 01: +0,124.299,15
Mar 10 2016 01: +0,121.531,13
Mar 11 2016 01: +0,127.228,18
Mar 12 2016 01: +0,130.013,16
Mar 13 2016 01: +0,121.768,15
Mar 14 2016 01: +0,128.705,20
Mar 15 2016 01: +0,130.51,10
Mar 16 2016 01: +0,130.119,11
Mar 17 2016 01: +0,129.534,19
Mar 18 2016 01: +0,120.706,15
Mar 19 2016 01: +0,125.69,22
Mar 20 2016 01: +0,125.505,29
Mar 21 2016 01: +0,124.512,22
Mar 22 2016 01: +0,130.957,22
Mar 23 2016 01: +0,134.68,13
Mar 24 2016 01: +0,128.862,19
Mar 25 2016 01: +0,130.301,14
Mar 26 2016 01: +0,131.694,13
Mar 27 2016 01: +0,130.465,20
Mar 28 2016 01: +0,129.059,14
Mar 29 2016 01: +0,132.677,22
Mar 30 2016 01: +0,127.053,22
Mar 31 2016 01: +0,130.988,14
Apr 01 2016 01: +0,131.024,27
Apr 02 2016 01: +0,133.623,21
Apr 03 2016 01: +0,138.748,25
Apr 04 2016 01: +0,131.249,17
Apr 05 2016 01: +0,140.368,21
Apr 06 2016 01: +0,137.363,15
Apr 07 2016 01: +0,141.042,19
Apr 08 2016 01: +0,137.309,20
Apr 09 2016 01: +0,139.215,14
Apr 10 2016 01: +0,138.898,23
Apr 11 2016 01: +0,140.773,12
Apr 12 2016 01: +0,138.658,19
Apr 13 2016 01: +0,140.053,16
Apr 14 2016 01: +0,140.756,18
Apr 15 2016 01: +0,137.926,19
Apr 16 2016 01: +0,142.177,12
Apr 17 2016 01: +0,144.117,14
Apr 18 2016 01: +0,144.921,20
Apr 19 2016 01: +0,138.503,11
Apr 20 2016 01: +0,144.063,15
Apr 21 2016 01: +0,142.549,11
Apr 22 2016 01: +0,143.11,10
Apr 23 2016 01: +0,141.472,20
Apr 24 2016 01: +0,135.387,13
Apr 25 2016 01: +0,135.619,15
Apr 26 2016 01: +0,140.14,10
Apr 27 2016 01: +0,142.105,14
Apr 28 2016 01: +0,142.288,14
Apr 29 2016 01: +0,143.268,20
Apr 30 2016 01: +0,145.676,16
May 01 2016 01: +0,144.582,18
May 02 2016 01: +0,143.712,16
May 03 2016 01: +0,142.799,17
May 04 2016 01: +0,144.006,15
May 05 2016 01: +0,143.836,8
May 06 2016 01: +0,150.543,9
May 07 2016 01: +0,144.453,16
May 08 2016 01: +0,147.355,10
May 09 2016 01: +0,145.682,11
May 10 2016 01: +0,149.77,11
May 11 2016 01: +0,148.061,16
May 12 2016 01: +0,157.042,3
May 13 2016 01: +0,146.69,13
May 14 2016 01: +0,144.633,12
May 15 2016 01: +0,142.429,15
May 16 2016 01: +0,135.772,12
May 17 2016 01: +0,132.435,11
May 18 2016 01: +0,130.701,12
May 19 2016 01: +0,133.008,14
May 20 2016 01: +0,133.71,10
May 21 2016 01: +0,137.277,15
May 22 2016 01: +0,124.733,16
May 23 2016 01: +0,128.292,13
May 24 2016 01: +0,131.08,10
May 25 2016 01: +0,129.587,13
May 26 2016 01: +0,129.337,18
May 27 2016 01: +0,133.261,10
May 28 2016 01: +0,129.314,16
May 29 2016 01: +0,129.468,12
May 30 2016 01: +0,133.101,11
May 31 2016 01: +0,127.223,9
Jun 01 2016 01: +0,134.235,10
Jun 02 2016 01: +0,133.932,18
Jun 03 2016 01: +0,132.586,15
Jun 04 2016 01: +0,134.535,9
Jun 05 2016 01: +0,133.543,16
Jun 06 2016 01: +0,132.116,9
Jun 07 2016 01: +0,128.151,15
Jun 08 2016 01: +0,130.353,13
Jun 09 2016 01: +0,137.432,9
Jun 10 2016 01: +0,124.171,13
Jun 11 2016 01: +0,135.678,14
Jun 12 2016 01: +0,136.961,9
Jun 13 2016 01: +0,135.919,7
Jun 14 2016 01: +0,128.446,13
Jun 15 2016 01: +0,128.51,9
Jun 16 2016 01: +0,123.202,16
Jun 17 2016 01: +0,125.215,18
Jun 18 2016 01: +0,123.126,12
Jun 19 2016 01: +0,119.772,13
Jun 20 2016 01: +0,116.773,19
Jun 21 2016 01: +0,121.428,5
Jun 22 2016 01: +0,117.36,12
Jun 23 2016 01: +0,117.106,19
Jun 24 2016 01: +0,112.403,17
Jun 25 2016 01: +0,106.844,23
Jun 26 2016 01: +0,103.675,16
Jun 27 2016 01: +0,96.189,20
Jun 28 2016 01: +0,98.527,28
Jun 29 2016 01: +0,97.664,29
Jun 30 2016 01: +0,95.853,34
Jul 01 2016 01: +0,96.419,25
Jul 02 2016 01: +0,100.29,22
Jul 03 2016 01: +0,97.217,17
Jul 04 2016 01: +0,101.191,22
Jul 05 2016 01: +0,107.589,17
Jul 06 2016 01: +0,108.833,25
Jul 07 2016 01: +0,111.857,17
Jul 08 2016 01: +0,103.6,28
Jul 09 2016 01: +0,110.188,16
Jul 10 2016 01: +0,108.087,16
Jul 11 2016 01: +0,107.635,22
Jul 12 2016 01: +0,109.456,19
Jul 13 2016 01: +0,113.023,17
Jul 14 2016 01: +0,112.508,16
Jul 15 2016 01: +0,107.263,17
Jul 16 2016 01: +0,106.259,26
Jul 17 2016 01: +0,109.009,14
Jul 18 2016 01: +0,109.74,25
Jul 19 2016 01: +0,107.151,18
Jul 20 2016 01: +0,106.098,14
Jul 21 2016 01: +0,109.28,10
Jul 22 2016 01: +0,107.847,20
Jul 23 2016 01: +0,105.004,14
Jul 24 2016 01: +0,105.337,18
Jul 25 2016 01: +0,106.069,14
Jul 26 2016 01: +0,106.256,18
Jul 27 2016 01: +0,106.053,18
Jul 28 2016 01: +0,109.323,15
Jul 29 2016 01: +0,108.436,17
Jul 30 2016 01: +0,105.083,9
Jul 31 2016 01: +0,105.806,19
Aug 01 2016 01: +0,103.025,20
Aug 02 2016 01: +0,104.893,21
Aug 03 2016 01: +0,107.605,22
Aug 04 2016 01: +0,108.63,12
Aug 05 2016 01: +0,104.795,15
Aug 06 2016 01: +0,108.349,8
Aug 07 2016 01: +0,99.429,13
Aug 08 2016 01: +0,106.026,14
Aug 09 2016 01: +0,99.595,9
Aug 10 2016 01: +0,100.343,19
Aug 11 2016 01: +0,95.621,9
Aug 12 2016 01: +0,100.715,23
Aug 13 2016 01: +0,99.533,14
Aug 14 2016 01: +0,95.387,26
Aug 15 2016 01: +0,99.442,15
Aug 16 2016 01: +0,96.633,21
Aug 17 2016 01: +0,101.705,19
Aug 18 2016 01: +0,100.018,13
Aug 19 2016 01: +0,95.389,18
Aug 20 2016 01: +0,94.147,16
Aug 21 2016 01: +0,92.709,19
Aug 22 2016 01: +0,91.338,19
Aug 23 2016 01: +0,90.634,20
Aug 24 2016 01: +0,89.095,22
Aug 25 2016 01: +0,96.332,21
Aug 26 2016 01: +0,102.473,8
Aug 27 2016 01: +0,96.057,18
Aug 28 2016 01: +0,95.901,21
Aug 29 2016 01: +0,95.793,15
Aug 30 2016 01: +0,98.325,11
Aug 31 2016 01: +0,98.468,13
Sep 01 2016 01: +0,98.894,19
Sep 02 2016 01: +0,100.902,20
Sep 03 2016 01: +0,99.21,18
Sep 04 2016 01: +0,101.003,21
Sep 05 2016 01: +0,99.458,16
Sep 06 2016 01: +0,99.56,21
Sep 07 2016 01: +0,98.82,15
Sep 08 2016 01: +0,97.901,19
Sep 09 2016 01: +0,98.561,21
Sep 10 2016 01: +0,99.511,19
Sep 11 2016 01: +0,97.107,26
Sep 12 2016 01: +0,99.737,14
Sep 13 2016 01: +0,100.942,16
Sep 14 2016 01: +0,98.755,14
Sep 15 2016 01: +0,100.163,22
Sep 16 2016 01: +0,105.691,13
Sep 17 2016 01: +0,104.207,11
Sep 18 2016 01: +0,100.019,20
Sep 19 2016 01: +0,96.486,16
Sep 20 2016 01: +0,96.717,9
Sep 21 2016 01: +0,98.813,13
Sep 22 2016 01: +0,102.163,13
Sep 23 2016 01: +0,104.263,17
Sep 24 2016 01: +0,104.905,14
Sep 25 2016 01: +0,105.282,12
Sep 26 2016 01: +0,98.74,19
Sep 27 2016 01: +0,101.258,8
Sep 28 2016 01: +0,101.662,12
Sep 29 2016 01: +0,96.662,10
Sep 30 2016 01: +0,99.871,15
Oct 01 2016 01: +0,100.564,16
Oct 02 2016 01: +0,99.527,18
Oct 03 2016 01: +0,99.686,13
Oct 04 2016 01: +0,101.398,11
Oct 05 2016 01: +0,98.216,14
Oct 06 2016 01: +0,100.902,8
Oct 07 2016 01: +0,97.882,21
Oct 08 2016 01: +0,100.447,11
Oct 09 2016 01: +0,95.56,19
Oct 10 2016 01: +0,99.942,13
Oct 11 2016 01: +0,99.899,5
Oct 12 2016 01: +0,97.657,14
Oct 13 2016 01: +0,97.879,14
Oct 14 2016 01: +0,99.43,20
Oct 15 2016 01: +0,97.162,11
Oct 16 2016 01: +0,100.48,12
Oct 17 2016 01: +0,97.151,19
Oct 18 2016 01: +0,104.313,10
Oct 19 2016 01: +0,97.805,12
Oct 20 2016 01: +0,95.25,14
Oct 21 2016 01: +0,96.273,17
Oct 22 2016 01: +0,96.498,19
Oct 23 2016 01: +0,99.961,12
Oct 24 2016 01: +0,93.893,9
Oct 25 2016 01: +0,89.125,16
Oct 26 2016 01: +0,94.175,9
Oct 27 2016 01: +0,96.182,11
Oct 28 2016 01: +0,92.7,10
Oct 29 2016 01: +0,90.101,17
Oct 30 2016 01: +0,90.449,16
Oct 31 2016 01: +0,92.744,12
Nov 01 2016 01: +0,94.104,10
Nov 02 2016 01: +0,94.066,12
Nov 03 2016 01: +0,93.902,15
Nov 04 2016 01: +0,92.73,19
Nov 05 2016 01: +0,96.523,19
Nov 06 2016 01: +0,95.687,15
Nov 07 2016 01: +0,97.537,11
Nov 08 2016 01: +0,96.019,12
Nov 09 2016 01: +0,96.218,11
Nov 10 2016 01: +0,96.168,7
Nov 11 2016 01: +0,94.157,16
Nov 12 2016 01: +0,96.555,17
Nov 13 2016 01: +0,99.267,10
Nov 14 2016 01: +0,95.034,10
Nov 15 2016 01: +0,96.25,12
Nov 16 2016 01: +0,98.733,11
Nov 17 2016 01: +0,98.003,9
Nov 18 2016 01: +0,94.193,16
Nov 19 2016 01: +0,92.389,14
Nov 20 2016 01: +0,92.084,14
Nov 21 2016 01: +0,93.63,8
Nov 22 2016 01: +0,90.168,12
Nov 23 2016 01: +0,91.739,12
Nov 24 2016 01: +0,89.667,15
Nov 25 2016 01: +0,91.365,11
Nov 26 2016 01: +0,89.141,15
Nov 27 2016 01: +0,86.583,8
Nov 28 2016 01: +0,91.358,12
Nov 29 2016 01: +0,87.876,14
Nov 30 2016 01: +0,88.681,15
Dec 01 2016 01: +0,89.949,12
Dec 02 2016 01: +0,94.446,13
Dec 03 2016 01: +0,92.468,12
Dec 04 2016 01: +0,91.433,20
Dec 05 2016 01: +0,95.791,10
Dec 06 2016 01: +0,98.13,11
Dec 07 2016 01: +0,97.83,10
Dec 08 2016 01: +0,94.21,12
Dec 09 2016 01: +0,96.789,15
Dec 10 2016 01: +0,97.986,14
Dec 11 2016 01: +0,98.668,15
Dec 12 2016 01: +0,93.995,9
Dec 13 2016 01: +0,96.571,17
Dec 14 2016 01: +0,101.084,16
Dec 15 2016 01: +0,99.715,11
Dec 16 2016 01: +0,99.458,12
Dec 17 2016 01: +0,101.124,11
Dec 18 2016 01: +0,98.884,9
Dec 19 2016 01: +0,99.627,9
Dec 20 2016 01: +0,98.091,12
Dec 21 2016 01: +0,85.825,11
Dec 22 2016 01: +0,96.647,12
Dec 23 2016 01: +0,98.938,11
Dec 24 2016 01: +0,97.973,17
Dec 25 2016 01: +0,103.539,37
Dec 26 2016 01: +0,107.327,30
Dec 27 2016 01: +0,109.467,23
Dec 28 2016 01: +0,108.211,19
Dec 29 2016 01: +0,107.884,21
Dec 30 2016 01: +0,113.517,21
Dec 31 2016 01: +0,114.986,13
Jan 01 2017 01: +0,109.153,14
Jan 02 2017 01: +0,106.76,18
Jan 03 2017 01: +0,111.631,19
Jan 04 2017 01: +0,111.236,12
Jan 05 2017 01: +0,113.447,16
Jan 06 2017 01: +0,113.11,12
Jan 07 2017 01: +0,112.306,14
Jan 08 2017 01: +0,118.51,9
Jan 09 2017 01: +0,115.139,13
Jan 10 2017 01: +0,114.524,11
Jan 11 2017 01: +0,111.012,11
Jan 12 2017 01: +0,109.43,14
Jan 13 2017 01: +0,111.852,18
Jan 14 2017 01: +0,110.564,20
Jan 15 2017 01: +0,112.64,13
Jan 16 2017 01: +0,113.53,17
Jan 17 2017 01: +0,111.982,9
Jan 18 2017 01: +0,113.605,10
Jan 19 2017 01: +0,117.424,10
Jan 20 2017 01: +0,115.195,10
Jan 21 2017 01: +0,115.464,16
Jan 22 2017 01: +0,115.158,12
Jan 23 2017 01: +0,114.374,5
Jan 24 2017 01: +0,112.932,5
Jan 25 2017 01: +0,117.395,15
Jan 26 2017 01: +0,120.551,10
Jan 27 2017 01: +0,121.778,13
Jan 28 2017 01: +0,122.487,17
Jan 29 2017 01: +0,118.001,11
Jan 30 2017 01: +0,116.603,12
Jan 31 2017 01: +0,120.645,11
Feb 01 2017 01: +0,124.057,14
Feb 02 2017 01: +0,130.139,13
Feb 03 2017 01: +0,115.976,12
Feb 04 2017 01: +0,121.902,15
Feb 05 2017 01: +0,119.621,10
Feb 06 2017 01: +0,128.917,12
Feb 07 2017 01: +0,129.078,12
Feb 08 2017 01: +0,130.749,11
Feb 09 2017 01: +0,125.299,10
Feb 10 2017 01: +0,128.616,10
Feb 11 2017 01: +0,127.267,12
Feb 12 2017 01: +0,126.154,11
Feb 13 2017 01: +0,131.556,6
Feb 14 2017 01: +0,130.539,7
Feb 15 2017 01: +0,128.472,7
Feb 16 2017 01: +0,119.503,8
Feb 17 2017 01: +0,126.296,12
Feb 18 2017 01: +0,120.693,16
Feb 19 2017 01: +0,123.348,12
Feb 20 2017 01: +0,125.687,11
Feb 21 2017 01: +0,122.164,7
Feb 22 2017 01: +0,121.605,7
Feb 23 2017 01: +0,125.081,8
Feb 24 2017 01: +0,124.932,13
Feb 25 2017 01: +0,124.11,11
Feb 26 2017 01: +0,123.378,12
Feb 27 2017 01: +0,125.535,14
Feb 28 2017 01: +0,125.711,8
Mar 01 2017 01: +0,130.341,8
Mar 02 2017 01: +0,127.289,5
Mar 03 2017 01: +0,127.744,8
Mar 04 2017 01: +0,129.749,15
Mar 05 2017 01: +0,128.857,10
Mar 06 2017 01: +0,133.483,10
Mar 07 2017 01: +0,117.083,9
Mar 08 2017 01: +0,127.253,8
Mar 09 2017 01: +0,122.594,5
Mar 10 2017 01: +0,128.707,10
Mar 11 2017 01: +0,127.645,11
Mar 12 2017 01: +0,127.561,11
Mar 13 2017 01: +0,133.044,7
Mar 14 2017 01: +0,130.995,7
Mar 15 2017 01: +0,134.627,5
Mar 16 2017 01: +0,128.11,5
Mar 17 2017 01: +0,130.925,8
Mar 18 2017 01: +0,124.379,13
Mar 19 2017 01: +0,129.524,8
Mar 20 2017 01: +0,132.336,7
Mar 21 2017 01: +0,127.024,8
Mar 22 2017 01: +0,125.071,9
Mar 23 2017 01: +0,124.896,5
Mar 24 2017 01: +0,126.526,10
Mar 25 2017 01: +0,122.332,10
Mar 26 2017 01: +0,122.374,14
Mar 27 2017 01: +0,122.752,9
Mar 28 2017 01: +0,126.297,9
Mar 29 2017 01: +0,123.908,6
Mar 30 2017 01: +0,124.471,9
Mar 31 2017 01: +0,126.346,12
Apr 01 2017 01: +0,125.621,13
Apr 02 2017 01: +0,128.896,7
Apr 03 2017 01: +0,124.386,8
Apr 04 2017 01: +0,124.038,7
Apr 05 2017 01: +0,118.331,10
Apr 06 2017 01: +0,121.624,12
Apr 07 2017 01: +0,122.309,14
Apr 08 2017 01: +0,126.496,9
Apr 09 2017 01: +0,122.313,12
Apr 10 2017 01: +0,122.928,8
Apr 11 2017 01: +0,128.082,6
Apr 12 2017 01: +0,124.405,11
Apr 13 2017 01: +0,126.154,9
Apr 14 2017 01: +0,122.441,8
Apr 15 2017 01: +0,120.306,8
Apr 16 2017 01: +0,125.917,13
Apr 17 2017 01: +0,128.948,6
Apr 18 2017 01: +0,124.764,9
Apr 19 2017 01: +0,129.406,6
Apr 20 2017 01: +0,129.086,4
Apr 21 2017 01: +0,121.796,9
Apr 22 2017 01: +0,110.317,9
Apr 23 2017 01: +0,125.638,8
Apr 24 2017 01: +0,126.009,7
Apr 25 2017 01: +0,123.706,4
Apr 26 2017 01: +0,125.66,8
Apr 27 2017 01: +0,127.005,11
Apr 28 2017 01: +0,126.332,10
Apr 29 2017 01: +0,126.022,14
Apr 30 2017 01: +0,128.156,12
May 01 2017 01: +0,124.556,10
May 02 2017 01: +0,125.209,9
May 03 2017 01: +0,135.132,5
May 04 2017 01: +0,131.618,9
May 05 2017 01: +0,127.713,13
May 06 2017 01: +0,128.307,10
May 07 2017 01: +0,129.419,8
May 08 2017 01: +0,132.963,7
May 09 2017 01: +0,138.693,2
May 10 2017 01: +0,129.866,2
May 11 2017 01: +0,131.511,9
May 12 2017 01: +0,124.375,11
May 13 2017 01: +0,120.555,10
May 14 2017 01: +0,126.271,10
May 15 2017 01: +0,126.427,13
May 16 2017 01: +0,127.005,7
May 17 2017 01: +0,128.406,15
May 18 2017 01: +0,136.239,9
May 19 2017 01: +0,125.538,8
May 20 2017 01: +0,121.754,7
May 21 2017 01: +0,126.611,16
May 22 2017 01: +0,120.322,7
May 23 2017 01: +0,126.756,10
May 24 2017 01: +0,130.478,12
May 25 2017 01: +0,125.884,4
May 26 2017 01: +0,124.205,6
May 27 2017 01: +0,123.844,11
May 28 2017 01: +0,129.223,7
May 29 2017 01: +0,121.44,10
May 30 2017 01: +0,128.984,9
May 31 2017 01: +0,130.925,11
Jun 01 2017 01: +0,128.315,5
Jun 02 2017 01: +0,130.068,8
Jun 03 2017 01: +0,135.822,11
Jun 04 2017 01: +0,129.531,7
Jun 05 2017 01: +0,136.134,11
Jun 06 2017 01: +0,136.649,6
Jun 07 2017 01: +0,120.492,6
Jun 08 2017 01: +0,126.787,8
Jun 09 2017 01: +0,128.788,10
Jun 10 2017 01: +0,129.008,9
Jun 11 2017 01: +0,131.423,9
Jun 12 2017 01: +0,130.268,10
Jun 13 2017 01: +0,134.184,7
Jun 14 2017 01: +0,133.488,8
Jun 15 2017 01: +0,126.539,8
Jun 16 2017 01: +0,124.795,10
Jun 17 2017 01: +0,129.296,7
Jun 18 2017 01: +0,120.983,11
Jun 19 2017 01: +0,124.254,14
Jun 20 2017 01: +0,122.644,6
Jun 21 2017 01: +0,127.143,5
Jun 22 2017 01: +0,125.895,7
Jun 23 2017 01: +0,117.264,10
Jun 24 2017 01: +0,114.363,10
Jun 25 2017 01: +0,119.503,9
Jun 26 2017 01: +0,119.352,6
Jun 27 2017 01: +0,119.125,7
Jun 28 2017 01: +0,117.555,8
Jun 29 2017 01: +0,118.096,11
Jun 30 2017 01: +0,121.602,14
Jul 01 2017 01: +0,131.163,5
Jul 02 2017 01: +0,121.046,4
Jul 03 2017 01: +0,121.059,8
Jul 04 2017 01: +0,122.377,9
Jul 05 2017 01: +0,127.717,5
Jul 06 2017 01: +0,124.699,4
Jul 07 2017 01: +0,122.967,9
Jul 08 2017 01: +0,131.906,7
Jul 09 2017 01: +0,124.893,4
Jul 10 2017 01: +0,140.842,5
Jul 11 2017 01: +0,139.954,3
Jul 12 2017 01: +0,127.997,2
Jul 13 2017 01: +0,124.18,6
Jul 14 2017 01: +0,133.152,10
Jul 15 2017 01: +0,135.537,4
Jul 16 2017 01: +0,122.899,8
Jul 17 2017 01: +0,127.124,8
Jul 18 2017 01: +0,131.294,4
Jul 19 2017 01: +0,128.311,6
Jul 20 2017 01: +0,123.08,5
Jul 21 2017 01: +0,132.333,9
Jul 22 2017 01: +0,130.119,10
Jul 23 2017 01: +0,130.714,8
Jul 24 2017 01: +0,133.42,3
Jul 25 2017 01: +0,128.354,5
Jul 26 2017 01: +0,134.918,8
Jul 27 2017 01: +0,133.161,11
Jul 28 2017 01: +0,133.592,9
Jul 29 2017 01: +0,134.622,10
Jul 30 2017 01: +0,136.76,9
Jul 31 2017 01: +0,135.566,9
Aug 01 2017 01: +0,141.209,8
Aug 02 2017 01: +0,141.97,8
Aug 03 2017 01: +0,136.667,8
Aug 04 2017 01: +0,139.149,9
Aug 05 2017 01: +0,139.65,6
Aug 06 2017 01: +0,136.809,5
Aug 07 2017 01: +0,133.691,9
Aug 08 2017 01: +0,143.365,3
Aug 09 2017 01: +0,138.152,9
Aug 10 2017 01: +0,139.882,7
Aug 11 2017 01: +0,141.918,5
Aug 12 2017 01: +0,144.534,7
Aug 13 2017 01: +0,141.576,7
Aug 14 2017 01: +0,149.503,5
Aug 15 2017 01: +0,146.167,4
Aug 16 2017 01: +0,142.044,9
Aug 17 2017 01: +0,135.107,4
Aug 18 2017 01: +0,131.877,4
Aug 19 2017 01: +0,137.473,4
Aug 20 2017 01: +0,130.755,7
Aug 21 2017 01: +0,137.561,6
Aug 22 2017 01: +0,138.92,7
Aug 24 2017 01: +0,131.845,7
Aug 25 2017 01: +0,134.037,12
Aug 26 2017 01: +0,137.131,6
Aug 27 2017 01: +0,138.93,5
Aug 28 2017 01: +0,133.444,8
Aug 29 2017 01: +0,142.543,7
Aug 30 2017 01: +0,142.904,5
Aug 31 2017 01: +0,142.516,9
Sep 01 2017 01: +0,138.558,6
Sep 02 2017 01: +0,135.86,6
Sep 03 2017 01: +0,142.122,2
Sep 04 2017 01: +0,136.283,10
Sep 05 2017 01: +0,139.232,5
Sep 06 2017 01: +0,135.798,6
Sep 07 2017 01: +0,139.395,4
Sep 08 2017 01: +0,147.635,3
Sep 09 2017 01: +0,139.024,8
Sep 10 2017 01: +0,137.926,8
Sep 11 2017 01: +0,144.433,4
Sep 12 2017 01: +0,140.974,4
Sep 13 2017 01: +0,146.364,5
Sep 14 2017 01: +0,141.815,6
Sep 15 2017 01: +0,140.207,2
Sep 16 2017 01: +0,141.512,4
Sep 17 2017 01: +0,144.319,3
Sep 18 2017 01: +0,140.752,4
Sep 19 2017 01: +0,129.255,1
Sep 20 2017 01: +0,142.305,5
Sep 21 2017 01: +0,145.15,5
Sep 22 2017 01: +0,140.868,4
Sep 23 2017 01: +0,143.994,3
Sep 24 2017 01: +0,139.104,6
Sep 25 2017 01: +0,134.329,3
Sep 26 2017 01: +0,137.07,5
Sep 27 2017 01: +0,137.011,5
Sep 28 2017 01: +0,137.497,6
Sep 29 2017 01: +0,135.416,2
Sep 30 2017 01: +0,135.586,2
Oct 01 2017 01: +0,139.741,3
Oct 02 2017 01: +0,135.283,4
Oct 03 2017 01: +0,135.122,5
Oct 04 2017 01: +0,137.566,9
Oct 05 2017 01: +0,142.074,7
Oct 06 2017 01: +0,136.223,4
Oct 07 2017 01: +0,134.709,5
Oct 08 2017 01: +0,129.633,4
Oct 09 2017 01: +0,137.857,7
Oct 10 2017 01: +0,128.928,7
Oct 11 2017 01: +0,124.616,2
Oct 12 2017 01: +0,132.521,4
Oct 13 2017 01: +0,137.329,4
Oct 14 2017 01: +0,132.799,7
Oct 15 2017 01: +0,134.343,6
Oct 16 2017 01: +0,131.912,4
Oct 17 2017 01: +0,130.205,7
Oct 18 2017 01: +0,143.365,2
Oct 19 2017 01: +0,134.02,6
Oct 20 2017 01: +0,134.737,3
Oct 21 2017 01: +0,138.209,2
Oct 22 2017 01: +0,143.169,3
Oct 23 2017 01: +0,143.305,3
Oct 24 2017 01: +0,130.25,5
Oct 25 2017 01: +0,130.992,4
Oct 26 2017 01: +0,136.873,4
Oct 27 2017 01: +0,136.78,7
Oct 28 2017 01: +0,132.371,4
Oct 29 2017 01: +0,132.28,4
Oct 31 2017 01: +0,129.914,4
Nov 01 2017 01: +0,139.549,5
Nov 02 2017 01: +0,129.537,3
Nov 03 2017 01: +0,135.813,3
Nov 04 2017 01: +0,124.597,6
Nov 05 2017 01: +0,134.241,5
Nov 06 2017 01: +0,129.427,2
Nov 07 2017 01: +0,124.433,3
Nov 08 2017 01: +0,120.214,7
Nov 09 2017 01: +0,124.116,3
Nov 10 2017 01: +0,125.008,3
Nov 11 2017 01: +0,124.32,5
Nov 12 2017 01: +0,118.733,4
Nov 13 2017 01: +0,127.906,6
Nov 14 2017 01: +0,128.864,1
Nov 15 2017 01: +0,124.569,5
Nov 16 2017 01: +0,130.232,3
Nov 17 2017 01: +0,120.941,5
Nov 18 2017 01: +0,132.892,5
Nov 19 2017 01: +0,130.085,8
Nov 20 2017 01: +0,131.359,6
Nov 21 2017 01: +0,124.849,5
Nov 22 2017 01: +0,130.37,4
Nov 23 2017 01: +0,112.429,4
Nov 24 2017 01: +0,119.129,10
Nov 25 2017 01: +0,124.5,5
Nov 26 2017 01: +0,121.438,6
Nov 27 2017 01: +0,112.531,5
Nov 28 2017 01: +0,123.563,2
Nov 29 2017 01: +0,120.113,8
Nov 30 2017 01: +0,126.579,7
Dec 01 2017 01: +0,130.369,5
Dec 02 2017 01: +0,132.916,4
Dec 03 2017 01: +0,115.789,11
Dec 04 2017 01: +0,129.407,3
Dec 05 2017 01: +0,124.675,3
Dec 06 2017 01: +0,126.243,5
Dec 07 2017 01: +0,126.634,5
Dec 08 2017 01: +0,123.075,5
Dec 09 2017 01: +0,129.821,3
Dec 10 2017 01: +0,119.329,6
Dec 11 2017 01: +0,124.052,3
Dec 12 2017 01: +0,124.967,6
Dec 13 2017 01: +0,123.798,4
Dec 14 2017 01: +0,125.861,6
Dec 15 2017 01: +0,119.793,8
Dec 16 2017 01: +0,131.807,5
Dec 17 2017 01: +0,127.37,6
Dec 18 2017 01: +0,130.563,5
Dec 19 2017 01: +0,130.508,3
Dec 20 2017 01: +0,125.8,2
Dec 21 2017 01: +0,124.223,5
Dec 22 2017 01: +0,126.238,7
Dec 23 2017 01: +0,123.026,4
Dec 24 2017 01: +0,134.341,4
Dec 25 2017 01: +0,133.826,10
Dec 26 2017 01: +0,132.182,8
Dec 27 2017 01: +0,136.703,9
Dec 28 2017 01: +0,143.157,6
Dec 29 2017 01: +0,140.385,4
Dec 30 2017 01: +0,137.822,8
Dec 31 2017 01: +0,141.479,5
Jan 01 2018 01: +0,142.795,8
Jan 02 2018 01: +0,147.181,7
Jan 03 2018 01: +0,143.79,3
Jan 04 2018 01: +0,143.33,4
Jan 05 2018 01: +0,154.276,7
Jan 06 2018 01: +0,140.613,2
Jan 07 2018 01: +0,139.025,5
Jan 08 2018 01: +0,149.031,8
Jan 09 2018 01: +0,140.032,2
Jan 10 2018 01: +0,141.414,5
Jan 11 2018 01: +0,138.735,5
Jan 12 2018 01: +0,143.081,4
Jan 13 2018 01: +0,140.91,3
Jan 14 2018 01: +0,140.97,5
Jan 15 2018 01: +0,133.847,12
Jan 16 2018 01: +0,144.622,5
Jan 17 2018 01: +0,144.743,4
Jan 18 2018 01: +0,137.476,7
Jan 19 2018 01: +0,142.501,3
Jan 20 2018 01: +0,139.563,7
Jan 21 2018 01: +0,144.98,2
Jan 22 2018 01: +0,143.295,7
Jan 23 2018 01: +0,137.534,4
Jan 24 2018 01: +0,147.249,9
Jan 25 2018 01: +0,151.229,4
Jan 26 2018 01: +0,148.387,2
Jan 27 2018 01: +0,148.586,4
Jan 28 2018 01: +0,144.752,7
Jan 29 2018 01: +0,142.598,7
Jan 30 2018 01: +0,141.787,4
Jan 31 2018 01: +0,145.067,6
Feb 01 2018 01: +0,148.147,7
Feb 02 2018 01: +0,149.529,7
Feb 03 2018 01: +0,148.749,8
Feb 04 2018 01: +0,146.77,2
Feb 05 2018 01: +0,152.055,4
Feb 06 2018 01: +0,144.032,7
Feb 07 2018 01: +0,141.235,7
Feb 08 2018 01: +0,148.019,5
Feb 09 2018 01: +0,146.52,6
Feb 10 2018 01: +0,147.703,4
Feb 11 2018 01: +0,151.261,3
Feb 12 2018 01: +0,144.678,7
Feb 13 2018 01: +0,143.795,3
Feb 14 2018 01: +0,145.645,6
Feb 15 2018 01: +0,150.203,8
Feb 16 2018 01: +0,147.827,3
Feb 17 2018 01: +0,145.249,6
Feb 18 2018 01: +0,142.027,3
Feb 19 2018 01: +0,139.338,8
Feb 20 2018 01: +0,144.788,7
Feb 21 2018 01: +0,147.32,6
Feb 22 2018 01: +0,142.781,3
Feb 23 2018 01: +0,148.717,5
Feb 24 2018 01: +0,143.219,5
Feb 25 2018 01: +0,144.607,3
Feb 26 2018 01: +0,135.328,4
Feb 27 2018 01: +0,145.515,5
Feb 28 2018 01: +0,146.516,4
Mar 01 2018 01: +0,144.208,6
Mar 02 2018 01: +0,147.577,7
Mar 03 2018 01: +0,146.687,4
Mar 04 2018 01: +0,136.716,2
Mar 05 2018 01: +0,141.219,2
Mar 06 2018 01: +0,137.249,8
Mar 07 2018 01: +0,139.54,4
Mar 08 2018 01: +0,139.695,6
Mar 09 2018 01: +0,145.718,4
Mar 10 2018 01: +0,135.58,5
Mar 11 2018 01: +0,146.213,2
Mar 12 2018 01: +0,144.954,7
Mar 13 2018 01: +0,137.634,2
Mar 14 2018 01: +0,147.486,4
Mar 15 2018 01: +0,148.782,3
Mar 16 2018 01: +0,143.86,2
Mar 17 2018 01: +0,151.663,3
Mar 18 2018 01: +0,141.222,3
Mar 19 2018 01: +0,139.353,7
Mar 20 2018 01: +0,139.12,4
Mar 21 2018 01: +0,143.941,5
Mar 22 2018 01: +0,145.288,4
Mar 23 2018 01: +0,143.817,7
Mar 24 2018 01: +0,145.007,3
Mar 25 2018 01: +0,138.995,5
Mar 26 2018 01: +0,142.945,4
Mar 27 2018 01: +0,142.316,4
Mar 28 2018 01: +0,140.495,5
Mar 29 2018 01: +0,134.497,2
Mar 30 2018 01: +0,119.565,13
Mar 31 2018 01: +0,118.412,3
Apr 01 2018 01: +0,122.899,8
Apr 02 2018 01: +0,120.259,4
Apr 03 2018 01: +0,128.506,9
Apr 04 2018 01: +0,122.384,9
Apr 05 2018 01: +0,130.904,2
Apr 06 2018 01: +0,124.383,10
Apr 07 2018 01: +0,123.333,7
Apr 08 2018 01: +0,135.015,5
Apr 09 2018 01: +0,121.252,8
Apr 10 2018 01: +0,121.563,7
Apr 11 2018 01: +0,125.43,6
Apr 12 2018 01: +0,126.618,3
Apr 13 2018 01: +0,127.052,4
Apr 14 2018 01: +0,125.932,5
Apr 15 2018 01: +0,122.727,8
Apr 16 2018 01: +0,121.592,8
Apr 17 2018 01: +0,127.755,6
Apr 18 2018 01: +0,122.9,2
Apr 19 2018 01: +0,128.04,2
Apr 20 2018 01: +0,128.083,6
Apr 21 2018 01: +0,124.227,3
Apr 22 2018 01: +0,120.194,6
Apr 23 2018 01: +0,122.434,2
Apr 24 2018 01: +0,118.67,11
Apr 25 2018 01: +0,123.586,3
Apr 26 2018 01: +0,121.627,8
Apr 27 2018 01: +0,123.81,7
Apr 28 2018 01: +0,128.177,4
Apr 29 2018 01: +0,126.213,3
Apr 30 2018 01: +0,122.657,9
May 01 2018 01: +0,125.035,4
May 02 2018 01: +0,119.947,2
May 03 2018 01: +0,121.815,6
May 04 2018 01: +0,120.833,5
May 05 2018 01: +0,126.574,5
May 06 2018 01: +0,117.1,2
May 07 2018 01: +0,123.398,4
May 08 2018 01: +0,126.972,3
May 09 2018 01: +0,117.246,7
May 10 2018 01: +0,122.211,4
May 11 2018 01: +0,120.55,7
May 12 2018 01: +0,127.208,2
May 13 2018 01: +0,124.604,6
May 14 2018 01: +0,123.771,5
May 15 2018 01: +0,110.172,3
May 16 2018 01: +0,120.809,8
May 17 2018 01: +0,122.834,4
May 18 2018 01: +0,121.699,2
May 19 2018 01: +0,115.907,8
May 20 2018 01: +0,114.005,2
May 21 2018 01: +0,121.474,5
May 22 2018 01: +0,121.436,1
May 23 2018 01: +0,122.562,3
May 24 2018 01: +0,128.271,1
May 25 2018 01: +0,127.948,2
May 26 2018 01: +0,120.658,1
May 27 2018 01: +0,116.424,6
May 28 2018 01: +0,118.759,6
May 29 2018 01: +0,114.288,4
May 30 2018 01: +0,115.089,3
May 31 2018 01: +0,117.438,5
Jun 01 2018 01: +0,115.97,7
Jun 02 2018 01: +0,116.021,5
Jun 03 2018 01: +0,112.09,5
Jun 04 2018 01: +0,116.771,5
Jun 05 2018 01: +0,114.39,6
Jun 06 2018 01: +0,117.559,4
Jun 07 2018 01: +0,109.356,5
Jun 08 2018 01: +0,115.506,4
Jun 09 2018 01: +0,110.099,5
Jun 10 2018 01: +0,106.378,5
Jun 11 2018 01: +0,108.905,6
Jun 12 2018 01: +0,108.705,5
Jun 13 2018 01: +0,103.387,10
Jun 14 2018 01: +0,109.032,3
Jun 15 2018 01: +0,103.047,9
Jun 16 2018 01: +0,95.012,7
Jun 17 2018 01: +0,101.788,5
Jun 18 2018 01: +0,102.381,7
Jun 19 2018 01: +0,104.214,8
Jun 20 2018 01: +0,99.274,6
Jun 21 2018 01: +0,102.206,3
Jun 22 2018 01: +0,99.848,6
Jun 23 2018 01: +0,104.687,5
Jun 24 2018 01: +0,107.09,4
Jun 25 2018 01: +0,100.616,4
Jun 26 2018 01: +0,98.531,8
Jun 27 2018 01: +0,103.64,6
Jun 28 2018 01: +0,106.47,4
Jun 29 2018 01: +0,100.572,3
Jun 30 2018 01: +0,102.935,7
Jul 01 2018 01: +0,102.146,6
Jul 02 2018 01: +0,102.712,6
Jul 03 2018 01: +0,102.234,6
Jul 04 2018 01: +0,109.397,5
Jul 05 2018 01: +0,108.86,1
Jul 06 2018 01: +0,108.984,7
Jul 07 2018 01: +0,109.926,5
Jul 08 2018 01: +0,113.898,7
Jul 09 2018 01: +0,109.08,1
Jul 10 2018 01: +0,115.409,9
Jul 11 2018 01: +0,108.532,5
Jul 12 2018 01: +0,115.34,5
Jul 13 2018 01: +0,119.682,4
Jul 14 2018 01: +0,112.331,5
Jul 15 2018 01: +0,118.701,3
Jul 16 2018 01: +0,118.847,7
Jul 17 2018 01: +0,123.035,6
Jul 18 2018 01: +0,117.039,2
Jul 19 2018 01: +0,117.277,6
Jul 20 2018 01: +0,113.376,5
Jul 21 2018 01: +0,114.19,7
Jul 22 2018 01: +0,116.906,6
Jul 23 2018 01: +0,108.488,7
Jul 24 2018 01: +0,107.478,11
Jul 25 2018 01: +0,120.199,10
Jul 26 2018 01: +0,123.873,5
Jul 27 2018 01: +0,114.605,4
Jul 28 2018 01: +0,121.602,5
Jul 29 2018 01: +0,123.07,5
Jul 30 2018 01: +0,123.036,7
Jul 31 2018 01: +0,119.518,5
Aug 01 2018 01: +0,118.179,8
Aug 02 2018 01: +0,115.391,5
Aug 03 2018 01: +0,113.466,11
Aug 04 2018 01: +0,118.29,8
Aug 05 2018 01: +0,126.592,6
Aug 06 2018 01: +0,118.768,2
Aug 07 2018 01: +0,119.77,6
Aug 08 2018 01: +0,127.601,6
Aug 09 2018 01: +0,120.682,5
Aug 10 2018 01: +0,121.077,8
Aug 11 2018 01: +0,111.916,6
Aug 12 2018 01: +0,120.624,6
Aug 13 2018 01: +0,115.785,4
Aug 14 2018 01: +0,122.809,6
Aug 15 2018 01: +0,121.858,2
Aug 16 2018 01: +0,114.163,4
Aug 17 2018 01: +0,120.068,9
Aug 18 2018 01: +0,116.583,6
Aug 19 2018 01: +0,116.055,7
Aug 20 2018 01: +0,111.811,7
Aug 21 2018 01: +0,121.066,6
Aug 22 2018 01: +0,123.754,4
Aug 23 2018 01: +0,117.585,12
Aug 24 2018 01: +0,118.736,7
Aug 25 2018 01: +0,118.425,10
Aug 26 2018 01: +0,115.315,5
Aug 27 2018 01: +0,117.063,12
Aug 28 2018 01: +0,123.102,6
Aug 29 2018 01: +0,123.598,8
Aug 30 2018 01: +0,121.842,3
Aug 31 2018 01: +0,119.66,8
Sep 01 2018 01: +0,119.715,10
Sep 02 2018 01: +0,114.332,6
Sep 03 2018 01: +0,125.779,5
Sep 04 2018 01: +0,127.098,3
Sep 05 2018 01: +0,123.178,4
Sep 06 2018 01: +0,118.619,5
Sep 07 2018 01: +0,120.541,6
Sep 08 2018 01: +0,123.073,12
Sep 09 2018 01: +0,121.7,7
Sep 10 2018 01: +0,119.337,9
Sep 11 2018 01: +0,122.263,5
Sep 12 2018 01: +0,126.087,10
Sep 13 2018 01: +0,127.951,3
Sep 14 2018 01: +0,124.644,7
Sep 15 2018 01: +0,128.52,8
Sep 16 2018 01: +0,122.422,9
Sep 17 2018 01: +0,130.573,6
Sep 18 2018 01: +0,125.658,3
Sep 19 2018 01: +0,113.734,5
Sep 20 2018 01: +0,130.77,5
Sep 21 2018 01: +0,133.381,2
Sep 22 2018 01: +0,130.209,10
Sep 23 2018 01: +0,124.401,7
Sep 24 2018 01: +0,125.815,9
Sep 25 2018 01: +0,136.516,5
Sep 26 2018 01: +0,134.494,6
Sep 27 2018 01: +0,140.34,6
Sep 28 2018 01: +0,134.446,5
Sep 29 2018 01: +0,135.146,4
Sep 30 2018 01: +0,138.872,4
Oct 01 2018 01: +0,135.088,10
Oct 02 2018 01: +0,137.221,5
Oct 03 2018 01: +0,143.596,3
Oct 04 2018 01: +0,138.478,4
Oct 05 2018 01: +0,143.24,5
Oct 06 2018 01: +0,132.122,9
Oct 07 2018 01: +0,136.526,6
Oct 08 2018 01: +0,139.562,3
Oct 09 2018 01: +0,139.856,5
Oct 10 2018 01: +0,140.009,5
Oct 11 2018 01: +0,141.087,6
Oct 12 2018 01: +0,135.652,2
Oct 13 2018 01: +0,142.426,4
Oct 14 2018 01: +0,148.574,4
Oct 15 2018 01: +0,141.254,2
Oct 16 2018 01: +0,134.566,4
Oct 17 2018 01: +0,135.601,6
Oct 18 2018 01: +0,129.888,4
Oct 19 2018 01: +0,137.766,5
Oct 20 2018 01: +0,139.085,4
Oct 21 2018 01: +0,102.306,3
Oct 22 2018 01: +0,138.312,3
Oct 23 2018 01: +0,144.281,4
Oct 24 2018 01: +0,137.264,3
Oct 25 2018 01: +0,130.973,3
Oct 26 2018 01: +0,136.158,2
Oct 27 2018 01: +0,139.584,3
Oct 28 2018 01: +0,139.956,2
Oct 29 2018 01: +0,129.404,2
Oct 30 2018 01: +0,133.647,4
Oct 31 2018 01: +0,132.88,3
Nov 01 2018 01: +0,136.948,6
Nov 02 2018 01: +0,134.167,3
Nov 03 2018 01: +0,131.7,6
Nov 04 2018 01: +0,134.367,5
Nov 05 2018 01: +0,140.24,1
Nov 06 2018 01: +0,139.755,4
Nov 07 2018 01: +0,129.244,6
Nov 08 2018 01: +0,134.209,5
Nov 09 2018 01: +0,126.967,5
Nov 10 2018 01: +0,132.098,7
Nov 11 2018 01: +0,137.826,7
Nov 12 2018 01: +0,123.008,9
Nov 13 2018 01: +0,141.007,3
Nov 14 2018 01: +0,136.074,2
Nov 15 2018 01: +0,138.036,1
Nov 16 2018 01: +0,131.563,3
Nov 17 2018 01: +0,134.885,3
Nov 18 2018 01: +0,139.599,2
Nov 19 2018 01: +0,130.674,4
Nov 20 2018 01: +0,140.306,1
Nov 21 2018 01: +0,136.002,2
Nov 22 2018 01: +0,130.992,1
Nov 23 2018 01: +0,125.606,8
Nov 24 2018 01: +0,126.921,2
Nov 25 2018 01: +0,130.195,3
Nov 26 2018 01: +0,125.468,4
Nov 27 2018 01: +0,122.547,6
Nov 28 2018 01: +0,119.502,3
Nov 29 2018 01: +0,122.574,6
Nov 30 2018 01: +0,129.22,2
Dec 01 2018 01: +0,129.666,5
Dec 02 2018 01: +0,126.054,3
Dec 03 2018 01: +0,124.989,5
Dec 04 2018 01: +0,132.408,8
Dec 05 2018 01: +0,129.005,4
Dec 06 2018 01: +0,143.916,1
Dec 07 2018 01: +0,133.817,5
Dec 08 2018 01: +0,137.215,4
Dec 09 2018 01: +0,133.073,4
Dec 10 2018 01: +0,126.875,2
Dec 11 2018 01: +0,121.553,3
Dec 12 2018 01: +0,136.885,2
Dec 13 2018 01: +0,135.621,2
Dec 14 2018 01: +0,128.018,4
Dec 15 2018 01: +0,135.118,5
Dec 16 2018 01: +0,128.259,6
Dec 17 2018 01: +0,132.842,4
Dec 18 2018 01: +0,128.364,1
Dec 19 2018 01: +0,130.666,5
Dec 20 2018 01: +0,126.54,6
Dec 21 2018 01: +0,122.704,9
Dec 22 2018 01: +0,126.222,2
Dec 23 2018 01: +0,124.892,7
Dec 24 2018 01: +0,126.507,9
Dec 25 2018 01: +0,133.72,6
Dec 26 2018 01: +0,130.611,7
Dec 27 2018 01: +0,129.002,16
Dec 28 2018 01: +0,137.843,7
Dec 29 2018 01: +0,148.36,5
Dec 30 2018 01: +0,127.609,6
Dec 31 2018 01: +0,137.268,3
Jan 01 2019 01: +0,140.203,8
Jan 02 2019 01: +0,139.29,6
Jan 03 2019 01: +0,142.161,8
Jan 04 2019 01: +0,148.02,5
Jan 05 2019 01: +0,144.472,4
Jan 06 2019 01: +0,132.572,6
Jan 07 2019 01: +0,135.986,9
Jan 08 2019 01: +0,133.702,7
Jan 09 2019 01: +0,145.863,11
Jan 10 2019 01: +0,147.192,4
Jan 11 2019 01: +0,151.309,4
Jan 12 2019 01: +0,153.447,8
Jan 13 2019 01: +0,159.471,2
Jan 14 2019 01: +0,148.85,6
Jan 15 2019 01: +0,151.608,9
Jan 16 2019 01: +0,124.879,1
Jan 17 2019 01: +0,140.731,4
Jan 18 2019 01: +0,145.694,7
Jan 19 2019 01: +0,147.307,4
Jan 20 2019 01: +0,144.867,2
Jan 21 2019 01: +0,149.313,5
Jan 22 2019 01: +0,142.02,4
Jan 23 2019 01: +0,135.144,5
Jan 24 2019 01: +0,143.551,4
Jan 25 2019 01: +0,147.046,3
Jan 26 2019 01: +0,152.235,8
Jan 27 2019 01: +0,136.926,6
Jan 28 2019 01: +0,145.884,2
Jan 29 2019 01: +0,145.703,9
Jan 30 2019 01: +0,140.735,3
Jan 31 2019 01: +0,147.874,6
Feb 01 2019 01: +0,145.32,7
Feb 02 2019 01: +0,141.554,6
Feb 03 2019 01: +0,153.648,7
Feb 04 2019 01: +0,158.006,4
Feb 05 2019 01: +0,149.404,6
Feb 06 2019 01: +0,163.785,5
Feb 07 2019 01: +0,149.519,7
Feb 09 2019 01: +0,151.769,1
Feb 10 2019 01: +0,148.062,6
Feb 11 2019 01: +0,154.902,3
Feb 12 2019 01: +0,152.27,6
Feb 13 2019 01: +0,153.322,3
Feb 14 2019 01: +0,152.496,4
Feb 15 2019 01: +0,157.39,3
Feb 16 2019 01: +0,146.148,4
Feb 17 2019 01: +0,153.723,2
Feb 18 2019 01: +0,144.449,7
Feb 19 2019 01: +0,146.506,2
Feb 20 2019 01: +0,145.555,7
Feb 21 2019 01: +0,149.404,6
Feb 22 2019 01: +0,154.912,5
Feb 23 2019 01: +0,148.65,6
Feb 24 2019 01: +0,151.594,5
Feb 25 2019 01: +0,156.728,2
Feb 26 2019 01: +0,146.539,3
Feb 27 2019 01: +0,159.291,3
Feb 28 2019 01: +0,147.867,3
Mar 01 2019 01: +0,141.986,4
Mar 02 2019 01: +0,155.343,4
Mar 03 2019 01: +0,155.143,2
Mar 04 2019 01: +0,150.611,5
Mar 05 2019 01: +0,153.564,3
Mar 06 2019 01: +0,144.958,8
Mar 07 2019 01: +0,153.776,3
Mar 08 2019 01: +0,154.045,6
Mar 09 2019 01: +0,156.773,11
Mar 10 2019 01: +0,164.391,6
Mar 11 2019 01: +0,155.93,4
Mar 12 2019 01: +0,157.843,3
Mar 13 2019 01: +0,152.919,4
Mar 14 2019 01: +0,160.913,4
Mar 15 2019 01: +0,161.727,7
Mar 16 2019 01: +0,163.275,5
Mar 17 2019 01: +0,149.877,10
Mar 18 2019 01: +0,153.052,3
Mar 19 2019 01: +0,141.822,8
Mar 20 2019 01: +0,147.739,5
Mar 21 2019 01: +0,151.016,5
Mar 22 2019 01: +0,157.39,10
Mar 23 2019 01: +0,143.991,7
Mar 24 2019 01: +0,148.179,5
Mar 25 2019 01: +0,145.21,8
Mar 26 2019 01: +0,151.613,5
Mar 27 2019 01: +0,149.136,7
Mar 28 2019 01: +0,144.943,8
Mar 29 2019 01: +0,152.075,7
Mar 30 2019 01: +0,159.643,4
Mar 31 2019 01: +0,153.285,2
Apr 01 2019 01: +0,155.855,4
Apr 02 2019 01: +0,156.945,4
Apr 03 2019 01: +0,144.562,1
Apr 04 2019 01: +0,158.914,6
Apr 05 2019 01: +0,160.998,1
Apr 06 2019 01: +0,160.417,6
Apr 07 2019 01: +0,153.622,5
Apr 08 2019 01: +0,149.565,3
Apr 09 2019 01: +0,160.024,5
Apr 10 2019 01: +0,153.246,9
Apr 11 2019 01: +0,147.572,7
Apr 12 2019 01: +0,158.736,3
Apr 13 2019 01: +0,125.434,4
Apr 14 2019 01: +0,157.034,4
Apr 15 2019 01: +0,163.086,2
Apr 16 2019 01: +0,147.293,3
Apr 17 2019 01: +0,159.208,3
Apr 18 2019 01: +0,153.988,4
Apr 19 2019 01: +0,160.641,4
Apr 20 2019 01: +0,153.788,6
Apr 21 2019 01: +0,150.499,4
Apr 22 2019 01: +0,160.544,6
Apr 23 2019 01: +0,160.751,6
Apr 24 2019 01: +0,170.418,5
Apr 25 2019 01: +0,164.513,4
Apr 26 2019 01: +0,154.112,3
Apr 27 2019 01: +0,151.468,6
Apr 28 2019 01: +0,149.096,7
Apr 29 2019 01: +0,152.118,5
Apr 30 2019 01: +0,156.148,6
May 01 2019 01: +0,148.659,7
May 02 2019 01: +0,152.461,3
May 03 2019 01: +0,159.61,4
May 04 2019 01: +0,144.367,5
May 05 2019 01: +0,159.109,5
May 06 2019 01: +0,157.879,3
May 07 2019 01: +0,146.658,6
May 08 2019 01: +0,154.568,7
May 09 2019 01: +0,149.528,4
May 10 2019 01: +0,153.711,4
May 11 2019 01: +0,150.961,4
May 12 2019 01: +0,154.839,7
May 13 2019 01: +0,160.83,4
May 14 2019 01: +0,158.36,2
May 15 2019 01: +0,154.49,8
May 16 2019 01: +0,166.67,6
May 17 2019 01: +0,158.772,5
May 18 2019 01: +0,153.417,5
May 19 2019 01: +0,152.067,7
May 20 2019 01: +0,152.993,5
May 21 2019 01: +0,155.118,3
May 22 2019 01: +0,147.048,2
May 23 2019 01: +0,155.806,4
May 24 2019 01: +0,151.08,3
May 25 2019 01: +0,166.046,5
May 26 2019 01: +0,148.42,1
May 27 2019 01: +0,161.072,3
May 28 2019 01: +0,158.84,3
May 29 2019 01: +0,149.638,7
May 30 2019 01: +0,163.643,7
May 31 2019 01: +0,157.375,8
Jun 01 2019 01: +0,157.031,8
Jun 02 2019 01: +0,172.19,3
Jun 03 2019 01: +0,166.76,1
Jun 04 2019 01: +0,161.462,3
Jun 05 2019 01: +0,158.04,4
Jun 06 2019 01: +0,171.034,3
Jun 07 2019 01: +0,161.714,2
Jun 08 2019 01: +0,170.229,3
Jun 09 2019 01: +0,172.673,6
Jun 10 2019 01: +0,178.079,2
Jun 11 2019 01: +0,172.294,2
Jun 12 2019 01: +0,178.343,3
Jun 13 2019 01: +0,171.051,4
Jun 14 2019 01: +0,169.227,4
Jun 15 2019 01: +0,164.728,3
Jun 16 2019 01: +0,169.996,6
Jun 17 2019 01: +0,170.608,3
Jun 18 2019 01: +0,177.768,2
Jun 19 2019 01: +0,174.43,3
Jun 20 2019 01: +0,170.533,3
Jun 21 2019 01: +0,167.17,5
Jun 22 2019 01: +0,160.998,2
Jun 23 2019 01: +0,174.5,6
Jun 24 2019 01: +0,156.886,2
Jun 25 2019 01: +0,168.139,4
Jun 26 2019 01: +0,174.023,3
Jun 27 2019 01: +0,153.623,2
Jun 28 2019 01: +0,166.123,9
Jun 29 2019 01: +0,172.77,3
Jun 30 2019 01: +0,162.019,4
Jul 01 2019 01: +0,160.345,6
Jul 02 2019 01: +0,160.521,3
Jul 03 2019 01: +0,163.648,3
Jul 04 2019 01: +0,170.155,2
Jul 05 2019 01: +0,166.803,4
Jul 06 2019 01: +0,171.212,3
Jul 07 2019 01: +0,157.14,4
Jul 08 2019 01: +0,172.988,3
Jul 09 2019 01: +0,166.44,2
Jul 10 2019 01: +0,171.273,5
Jul 11 2019 01: +0,183.994,2
Jul 12 2019 01: +0,170.327,7
Jul 13 2019 01: +0,170.387,5
Jul 14 2019 01: +0,179.548,6
Jul 15 2019 01: +0,168.687,3
Jul 16 2019 01: +0,177.134,4
Jul 17 2019 01: +0,169.904,9
Jul 18 2019 01: +0,161.06,3
Jul 19 2019 01: +0,186.648,7
Jul 20 2019 01: +0,184.578,1
Jul 21 2019 01: +0,178.094,3
Jul 22 2019 01: +0,186.406,5
Jul 23 2019 01: +0,174.318,2
Jul 24 2019 01: +0,167.309,2
Jul 25 2019 01: +0,198.85,1
Jul 26 2019 01: +0,176.674,2
Jul 27 2019 01: +0,180.995,4
Jul 28 2019 01: +0,161.924,2
Jul 29 2019 01: +0,186.559,2
Jul 30 2019 01: +0,181.514,3
Jul 31 2019 01: +0,183.821,6
Aug 01 2019 01: +0,177.07,1
Aug 02 2019 01: +0,179.733,1
Aug 03 2019 01: +0,193.645,3
Aug 04 2019 01: +0,169.095,1
Aug 05 2019 01: +0,165.629,1
Aug 06 2019 01: +0,173.133,1
Aug 07 2019 01: +0,183.329,2
Aug 08 2019 01: +0,171.318,6
Aug 09 2019 01: +0,185.774,4
Aug 10 2019 01: +0,190.158,5
Aug 11 2019 01: +0,182.427,2
Aug 12 2019 01: +0,164,1
Aug 13 2019 01: +0,184.435,2
Aug 14 2019 01: +0,185.601,5
Aug 15 2019 01: +0,193.428,6
Aug 16 2019 01: +0,187.718,4
Aug 17 2019 01: +0,194.185,2
Aug 18 2019 01: +0,188.581,3
Aug 19 2019 01: +0,180.21,2
Aug 20 2019 01: +0,187.014,2
Aug 21 2019 01: +0,193.096,2
Aug 23 2019 01: +0,182.012,5
Aug 24 2019 01: +0,191.674,3
Aug 25 2019 01: +0,199.545,2
Aug 26 2019 01: +0,195.78,1
Aug 27 2019 01: +0,192.188,5
Aug 28 2019 01: +0,171.034,2
Aug 29 2019 01: +0,183.252,4
Aug 30 2019 01: +0,190.233,1
Aug 31 2019 01: +0,188.99,4
Sep 01 2019 01: +0,200.418,5
Sep 02 2019 01: +0,187.507,6
Sep 03 2019 01: +0,184.873,6
Sep 04 2019 01: +0,191.879,3
Sep 05 2019 01: +0,188.598,3
Sep 06 2019 01: +0,190.293,6
Sep 07 2019 01: +0,177.727,1
Sep 08 2019 01: +0,170.759,3
Sep 09 2019 01: +0,187.721,3
Sep 10 2019 01: +0,190.901,3
Sep 11 2019 01: +0,184.328,2
Sep 12 2019 01: +0,201.994,1
Sep 13 2019 01: +0,189.232,3
Sep 14 2019 01: +0,182.874,5
Sep 15 2019 01: +0,193.518,4
Sep 16 2019 01: +0,188.014,4
Sep 17 2019 01: +0,198.953,4
Sep 18 2019 01: +0,185.921,2
Sep 19 2019 01: +0,196.926,2
Sep 20 2019 01: +0,196.935,4
Sep 21 2019 01: +0,188.507,3
Sep 22 2019 01: +0,208.783,3
Sep 23 2019 01: +0,196.429,4
Sep 24 2019 01: +0,187.928,1
Sep 25 2019 01: +0,205,1
Sep 26 2019 01: +0,202.373,3
Sep 27 2019 01: +0,202.285,3
Sep 28 2019 01: +0,196.989,5
Sep 29 2019 01: +0,193.05,4
Oct 01 2019 01: +0,205.342,1
Oct 02 2019 01: +0,199.263,3
Oct 03 2019 01: +0,203.11,5
Oct 04 2019 01: +0,204.743,1
Oct 05 2019 01: +0,206.993,1
Oct 06 2019 01: +0,186.65,4
Oct 07 2019 01: +0,200.621,7
Oct 08 2019 01: +0,204.492,1
Oct 09 2019 01: +0,193.346,3
Oct 10 2019 01: +0,174.461,2
Oct 11 2019 01: +0,194.196,3
Oct 12 2019 01: +0,198.483,2
Oct 13 2019 01: +0,192.41,7
Oct 14 2019 01: +0,201.976,5
Oct 15 2019 01: +0,202.83,2
Oct 16 2019 01: +0,186.949,4
Oct 17 2019 01: +0,188.499,3
Oct 18 2019 01: +0,190.225,5
Oct 19 2019 01: +0,190.62,6
Oct 20 2019 01: +0,197.277,3
Oct 21 2019 01: +0,198.316,4
Oct 22 2019 01: +0,184.141,2
Oct 23 2019 01: +0,178.257,3
Oct 24 2019 01: +0,193.283,1
Oct 25 2019 01: +0,190.435,2
Oct 26 2019 01: +0,184.789,8
Oct 27 2019 01: +0,188.567,3
Oct 28 2019 01: +0,185.966,3
Oct 29 2019 01: +0,177.002,3
Oct 30 2019 01: +0,199.104,3
Oct 31 2019 01: +0,172.155,4
Nov 01 2019 01: +0,185.284,4
Nov 02 2019 01: +0,186.207,5
Nov 03 2019 01: +0,177.16,4
Nov 04 2019 01: +0,184.766,5
Nov 05 2019 01: +0,188.069,7
Nov 06 2019 01: +0,191.198,1
Nov 07 2019 01: +0,175.665,2
Nov 08 2019 01: +0,197.208,3
Nov 09 2019 01: +0,197.922,6
Nov 10 2019 01: +0,181.625,2
Nov 11 2019 01: +0,190.043,1
Nov 12 2019 01: +0,193.722,2
Nov 13 2019 01: +0,177.278,1
Nov 14 2019 01: +0,178.339,2
Nov 15 2019 01: +0,182.518,6
Nov 16 2019 01: +0,191.232,5
Nov 17 2019 01: +0,180.849,3
Nov 18 2019 01: +0,179.465,4
Nov 19 2019 01: +0,175.987,4
Nov 20 2019 01: +0,165.641,5
Nov 21 2019 01: +0,171.939,5
Nov 22 2019 01: +0,165.376,6
Nov 23 2019 01: +0,183.834,2
Nov 24 2019 01: +0,175.824,2
Nov 25 2019 01: +0,174.355,6
Nov 26 2019 01: +0,167.39,2
Nov 27 2019 01: +0,161.531,2
Nov 28 2019 01: +0,175.123,5
Nov 29 2019 01: +0,177.323,3
Nov 30 2019 01: +0,175.187,5
Dec 01 2019 01: +0,166.79,7
Dec 02 2019 01: +0,172.069,8
Dec 03 2019 01: +0,166.559,1
Dec 04 2019 01: +0,165.541,5
Dec 05 2019 01: +0,161.081,2
Dec 06 2019 01: +0,176.32,2
Dec 07 2019 01: +0,173.444,8
Dec 08 2019 01: +0,172.794,7
Dec 09 2019 01: +0,174.688,3
Dec 10 2019 01: +0,178.996,4
Dec 11 2019 01: +0,184.807,3
Dec 12 2019 01: +0,199.007,1
Dec 13 2019 01: +0,186.9,3
Dec 14 2019 01: +0,186.725,3
Dec 15 2019 01: +0,188.985,3
Dec 16 2019 01: +0,172.817,1
Dec 17 2019 01: +0,184.477,4
Dec 18 2019 01: +0,195.843,5
Dec 20 2019 01: +0,185.947,6
Dec 21 2019 01: +0,179.894,6
Dec 22 2019 01: +0,183.522,7
Dec 23 2019 01: +0,181.387,2
Dec 24 2019 01: +0,181.865,6
Dec 25 2019 01: +0,199.25,1
Dec 26 2019 01: +0,192.591,5
Dec 27 2019 01: +0,147.416,4
Dec 28 2019 01: +0,191.536,8
Dec 29 2019 01: +0,197.13,7
Dec 30 2019 01: +0,209.235,1
Dec 31 2019 01: +0,197.165,5
Jan 01 2020 01: +0,196.484,7
Jan 02 2020 01: +0,203.613,5
Jan 03 2020 01: +0,209.935,6
Jan 04 2020 01: +0,215.461,4
Jan 05 2020 01: +0,194.404,3
Jan 06 2020 01: +0,208.719,4
Jan 07 2020 01: +0,189.467,2
Jan 08 2020 01: +0,172.622,1
Jan 09 2020 01: +0,205.907,7
Jan 10 2020 01: +0,206.445,8
Jan 11 2020 01: +0,185.84,2
Jan 12 2020 01: +0,207.561,5
Jan 13 2020 01: +0,199.586,7
Jan 14 2020 01: +0,204.42,5
Jan 15 2020 01: +0,223.027,4
Jan 16 2020 01: +0,229.713,1
Jan 17 2020 01: +0,218.362,3
Jan 18 2020 01: +0,208.027,2
Jan 20 2020 01: +0,205.774,7
Jan 21 2020 01: +0,205.663,1
Jan 22 2020 01: +0,197.988,3
Jan 23 2020 01: +0,216.016,5
Jan 24 2020 01: +0,196.722,7
Jan 25 2020 01: +0,199.398,6
Jan 26 2020 01: +0,195.398,8
Jan 27 2020 01: +0,194.894,5
Jan 28 2020 01: +0,186.103,9
Jan 29 2020 01: +0,189.7,4
Jan 30 2020 01: +0,188.014,3
Jan 31 2020 01: +0,192.492,5
Feb 01 2020 01: +0,203.458,5
Feb 02 2020 01: +0,203.595,7
Feb 03 2020 01: +0,201.81,6
Feb 04 2020 01: +0,210.8,2
Feb 05 2020 01: +0,199.54,4
Feb 06 2020 01: +0,202.792,6
Feb 07 2020 01: +0,193.177,4
Feb 08 2020 01: +0,210.681,6
Feb 09 2020 01: +0,207.702,5
Feb 10 2020 01: +0,202.901,2
Feb 11 2020 01: +0,195.926,6
Feb 12 2020 01: +0,213.561,3
Feb 13 2020 01: +0,216.3,3
Feb 14 2020 01: +0,220.322,3
Feb 15 2020 01: +0,221.909,2
Feb 16 2020 01: +0,194.363,4
Feb 18 2020 01: +0,208.962,2
Feb 19 2020 01: +0,202.814,4
Feb 20 2020 01: +0,215.007,2
Feb 21 2020 01: +0,196.322,5
Feb 22 2020 01: +0,188.609,2
Feb 23 2020 01: +0,188.434,5
Feb 24 2020 01: +0,189.8,2
Feb 25 2020 01: +0,196.167,6
Feb 26 2020 01: +0,197.154,5
Feb 27 2020 01: +0,197.249,2
Feb 28 2020 01: +0,196.42,5
Feb 29 2020 01: +0,193.964,7
Mar 01 2020 01: +0,196.553,2
Mar 02 2020 01: +0,209.334,4
Mar 03 2020 01: +0,193.422,3
Mar 04 2020 01: +0,199.655,3
Mar 05 2020 01: +0,204.389,3
Mar 06 2020 01: +0,200.802,2
Mar 07 2020 01: +0,211.788,3
Mar 09 2020 01: +0,202.972,6
Mar 10 2020 01: +0,210.522,3
Mar 11 2020 01: +0,207.752,4
Mar 12 2020 01: +0,200.892,2
Mar 13 2020 01: +0,196.707,4
Mar 14 2020 01: +0,204.539,4
Mar 15 2020 01: +0,189.157,3
Mar 16 2020 01: +0,194.722,7
Mar 17 2020 01: +0,205.165,2
Mar 18 2020 01: +0,192.771,7
Mar 19 2020 01: +0,192.541,3
Mar 20 2020 01: +0,190.863,3
Mar 21 2020 01: +0,188.486,5
Mar 22 2020 01: +0,192.223,4
Mar 23 2020 01: +0,186.782,4
Mar 24 2020 01: +0,198.735,2
Mar 25 2020 01: +0,191.773,7
Mar 26 2020 01: +0,198.902,4
Mar 27 2020 01: +0,184.558,5
Mar 28 2020 01: +0,193.663,4
Mar 29 2020 01: +0,191.121,3
Mar 30 2020 01: +0,179.989,6
Mar 31 2020 01: +0,191.856,8
Apr 01 2020 01: +0,193.105,6
Apr 02 2020 01: +0,185.628,5
Apr 03 2020 01: +0,191.387,6
Apr 04 2020 01: +0,191.329,4
Apr 05 2020 01: +0,196.58,5
Apr 06 2020 01: +0,195.083,4
Apr 07 2020 01: +0,202.652,3
Apr 08 2020 01: +0,199.028,4
Apr 09 2020 01: +0,202.009,3
Apr 10 2020 01: +0,194.808,5
Apr 11 2020 01: +0,192.329,6
Apr 12 2020 01: +0,195.827,5
Apr 13 2020 01: +0,197.345,5
Apr 14 2020 01: +0,205.284,4
Apr 15 2020 01: +0,195.644,5
Apr 16 2020 01: +0,201.696,4
Apr 17 2020 01: +0,200.032,8
Apr 18 2020 01: +0,202.338,8
Apr 19 2020 01: +0,222.546,3
Apr 20 2020 01: +0,208.009,6
Apr 21 2020 01: +0,211.489,3
Apr 22 2020 01: +0,194.716,5
Apr 23 2020 01: +0,214.974,2
Apr 24 2020 01: +0,208.31,6
Apr 25 2020 01: +0,203.246,6
Apr 26 2020 01: +0,194.416,3
Apr 27 2020 01: +0,199.226,7
Apr 28 2020 01: +0,204.265,4
Apr 29 2020 01: +0,206.771,5
Apr 30 2020 01: +0,199.069,11
May 01 2020 01: +0,206.88,4
May 02 2020 01: +0,200.82,8
May 03 2020 01: +0,206.715,7
May 04 2020 01: +0,194.7,4
May 05 2020 01: +0,206.38,3
May 06 2020 01: +0,213.644,5
May 07 2020 01: +0,222.866,5
May 08 2020 01: +0,211.817,4
May 09 2020 01: +0,211.405,8
May 10 2020 01: +0,216.462,3
May 11 2020 01: +0,207.38,6
May 12 2020 01: +0,215.069,4
May 13 2020 01: +0,217.946,6
May 14 2020 01: +0,208.931,3
May 15 2020 01: +0,201.421,9
May 16 2020 01: +0,201.366,7
May 17 2020 01: +0,222.266,2
May 18 2020 01: +0,213.194,6
May 19 2020 01: +0,207.124,3
May 20 2020 01: +0,211.467,8
May 21 2020 01: +0,211.509,8
May 22 2020 01: +0,211.376,2
May 23 2020 01: +0,215.488,3
May 24 2020 01: +0,218.539,3
May 25 2020 01: +0,200.715,3
May 26 2020 01: +0,205.482,8
May 27 2020 01: +0,211.905,2
May 28 2020 01: +0,201.129,2
May 29 2020 01: +0,208.107,5
May 30 2020 01: +0,204.264,4
May 31 2020 01: +0,207.516,5
Jun 01 2020 01: +0,201.893,4
Jun 02 2020 01: +0,202.83,7
Jun 03 2020 01: +0,211.391,6
Jun 04 2020 01: +0,208.812,4
Jun 05 2020 01: +0,190.092,1
Jun 06 2020 01: +0,201.141,5
Jun 07 2020 01: +0,210.737,4
Jun 08 2020 01: +0,205.711,2
Jun 10 2020 01: +0,208.821,5
Jun 11 2020 01: +0,207.907,5
Jun 12 2020 01: +0,203.322,6
Jun 13 2020 01: +0,208.241,3
Jun 14 2020 01: +0,213.987,3
Jun 15 2020 01: +0,197.791,6
Jun 16 2020 01: +0,188.605,6
Jun 17 2020 01: +0,206.875,5
Jun 18 2020 01: +0,210.795,3
Jun 19 2020 01: +0,213.906,2
Jun 20 2020 01: +0,196.97,2
Jun 21 2020 01: +0,200.578,6
Jun 22 2020 01: +0,201.51,4
Jun 23 2020 01: +0,205.034,4
Jun 24 2020 01: +0,200.35,3
Jun 25 2020 01: +0,184.685,2
Jun 26 2020 01: +0,200.772,4
Jun 28 2020 01: +0,201.092,4
Jun 29 2020 01: +0,194.424,6
Jun 30 2020 01: +0,199.322,5
Jul 01 2020 01: +0,196.889,4
Jul 02 2020 01: +0,203.912,3
Jul 03 2020 01: +0,197.023,7
Jul 04 2020 01: +0,200.489,3
Jul 05 2020 01: +0,188.741,4
Jul 06 2020 01: +0,210.777,3
Jul 07 2020 01: +0,205.005,1
Jul 08 2020 01: +0,195.002,2
Jul 10 2020 01: +0,202.241,3
Jul 11 2020 01: +0,195.84,4
Jul 12 2020 01: +0,204.437,6
Jul 13 2020 01: +0,206.47,2
Jul 14 2020 01: +0,194.417,1
Jul 15 2020 01: +0,215.242,2
Jul 16 2020 01: +0,216.746,5
Jul 18 2020 01: +0,203.113,6
Jul 19 2020 01: +0,198.835,4
Jul 20 2020 01: +0,209.073,3
Jul 21 2020 01: +0,216.784,3
Jul 22 2020 01: +0,211.111,8
Jul 23 2020 01: +0,218.016,1
Jul 24 2020 01: +0,214.953,3
Jul 25 2020 01: +0,229.995,1
Jul 26 2020 01: +0,207.094,3
Jul 27 2020 01: +0,214.289,6
Jul 28 2020 01: +0,217.105,3
Jul 29 2020 01: +0,224.189,4
Jul 30 2020 01: +0,230.69,1
Jul 31 2020 01: +0,231.981,3
Aug 01 2020 01: +0,211.339,4
Aug 02 2020 01: +0,209.001,3
Aug 03 2020 01: +0,222.275,4
Aug 04 2020 01: +0,216.876,2
Aug 05 2020 01: +0,225.046,5
Aug 06 2020 01: +0,238.324,4
Aug 07 2020 01: +0,223.423,1
Aug 08 2020 01: +0,202.263,3
Aug 09 2020 01: +0,215.083,3
Aug 10 2020 01: +0,237.265,1
Aug 11 2020 01: +0,207.499,5
Aug 12 2020 01: +0,213.366,6
Aug 13 2020 01: +0,206.412,4
Aug 14 2020 01: +0,225.609,2
Aug 15 2020 01: +0,211.909,4
Aug 16 2020 01: +0,211.777,1
Aug 17 2020 01: +0,229.995,1
Aug 18 2020 01: +0,221.971,3
Aug 19 2020 01: +0,210.634,2
Aug 20 2020 01: +0,222.011,1
Aug 21 2020 01: +0,214.89,4
Aug 22 2020 01: +0,217.726,1
Aug 24 2020 01: +0,229.558,4
Aug 26 2020 01: +0,210.128,2
Aug 27 2020 01: +0,212.842,3
Aug 28 2020 01: +0,205.736,3
Aug 30 2020 01: +0,199.855,2
Aug 31 2020 01: +0,221.494,3
Sep 01 2020 01: +0,183.48,1
Sep 03 2020 01: +0,206.509,5
Sep 04 2020 01: +0,211.831,5
Sep 05 2020 01: +0,185.016,1
Sep 07 2020 01: +0,212.188,2
Sep 08 2020 01: +0,207.948,4
Sep 09 2020 01: +0,195.824,4
Sep 10 2020 01: +0,219.815,4
Sep 11 2020 01: +0,185.306,1
Sep 12 2020 01: +0,207.07,2
Sep 13 2020 01: +0,211.37,4
Sep 14 2020 01: +0,201.887,3
Sep 15 2020 01: +0,221.677,2
Sep 16 2020 01: +0,221.296,2
Sep 17 2020 01: +0,209.119,3
Sep 18 2020 01: +0,218.54,2
Sep 19 2020 01: +0,209.443,2
Sep 20 2020 01: +0,223.633,1
Sep 21 2020 01: +0,215.142,4
Sep 22 2020 01: +0,205.628,3
Sep 24 2020 01: +0,215.719,2
Sep 25 2020 01: +0,225.323,2
Sep 26 2020 01: +0,209.163,3
Sep 27 2020 01: +0,200.99,2
Sep 28 2020 01: +0,211.879,2
Sep 29 2020 01: +0,198.541,3
Sep 30 2020 01: +0,209.323,5
Oct 01 2020 01: +0,238.021,3
Oct 02 2020 01: +0,227.645,1
Oct 03 2020 01: +0,231.193,2
Oct 04 2020 01: +0,205.01,3
Oct 05 2020 01: +0,222.324,1
Oct 06 2020 01: +0,224.105,2
Oct 07 2020 01: +0,203.987,5
Oct 08 2020 01: +0,235.042,3
Oct 09 2020 01: +0,153.406,3
Oct 10 2020 01: +0,231.608,2
Oct 11 2020 01: +0,230.713,1
Oct 12 2020 01: +0,213.814,3
Oct 13 2020 01: +0,214.341,6
Oct 15 2020 01: +0,230.141,3
Oct 16 2020 01: +0,217.5,3
Oct 17 2020 01: +0,256.03,2
Oct 18 2020 01: +0,225.226,2
Oct 19 2020 01: +0,200,1
Oct 20 2020 01: +0,212.49,1
Oct 21 2020 01: +0,217.098,3
Oct 22 2020 01: +0,208.445,2
Oct 23 2020 01: +0,226.294,1
Oct 24 2020 01: +0,219.358,5
Oct 25 2020 01: +0,229.918,1
Oct 26 2020 01: +0,208.662,5
Oct 27 2020 01: +0,224.451,3
Oct 29 2020 01: +0,234.8,1
Oct 30 2020 01: +0,231.836,2
Oct 31 2020 01: +0,223.343,2
Nov 01 2020 01: +0,227.364,3
Nov 03 2020 01: +0,215.862,4
Nov 04 2020 01: +0,213.101,4
Nov 05 2020 01: +0,231.178,2
Nov 06 2020 01: +0,233.221,2
Nov 07 2020 01: +0,214.246,5
Nov 08 2020 01: +0,238.617,3
Nov 10 2020 01: +0,229.01,1
Nov 11 2020 01: +0,208.948,4
Nov 12 2020 01: +0,233.648,4
Nov 13 2020 01: +0,223.958,5
Nov 15 2020 01: +0,220.572,3
Nov 17 2020 01: +0,199.532,3
Nov 18 2020 01: +0,237.972,1
Nov 19 2020 01: +0,201.57,1
Nov 20 2020 01: +0,200.87,1
Nov 21 2020 01: +0,218.824,4
Nov 23 2020 01: +0,230.008,2
Nov 24 2020 01: +0,230.902,3
Nov 25 2020 01: +0,222.489,3
Nov 26 2020 01: +0,197.752,3
Nov 27 2020 01: +0,215.244,5
Nov 28 2020 01: +0,212.391,6
Nov 30 2020 01: +0,229.24,1
Dec 01 2020 01: +0,210.625,2
Dec 02 2020 01: +0,198.649,3
Dec 03 2020 01: +0,226.349,3
Dec 04 2020 01: +0,212.29,6
Dec 05 2020 01: +0,200.655,7
Dec 06 2020 01: +0,197.286,4
Dec 07 2020 01: +0,208.54,2
Dec 08 2020 01: +0,205.778,3
Dec 09 2020 01: +0,202.779,4
Dec 10 2020 01: +0,178.374,1
Dec 11 2020 01: +0,208.295,3
Dec 12 2020 01: +0,199.855,2
Dec 13 2020 01: +0,182.418,4
Dec 14 2020 01: +0,206.7,2
Dec 15 2020 01: +0,207.498,4
Dec 16 2020 01: +0,229.857,3
Dec 17 2020 01: +0,221.707,2
Dec 18 2020 01: +0,225.371,3
Dec 19 2020 01: +0,222.003,5
Dec 20 2020 01: +0,198.215,2
Dec 21 2020 01: +0,224.47,1
Dec 22 2020 01: +0,207.249,6
Dec 23 2020 01: +0,222.201,1
Dec 24 2020 01: +0,214.265,4
Dec 25 2020 01: +0,218.588,6
Dec 26 2020 01: +0,234,10
Dec 27 2020 01: +0,240.979,2
Dec 28 2020 01: +0,219.2,3
Dec 29 2020 01: +0,232.684,4
Dec 30 2020 01: +0,257.756,1
Dec 31 2020 01: +0,231.498,8
Jan 01 2021 01: +0,250.946,2
Jan 02 2021 01: +0,244.852,4
Jan 03 2021 01: +0,233.425,3
Jan 04 2021 01: +0,241.941,5
Jan 05 2021 01: +0,245.221,7
Jan 06 2021 01: +0,248.874,2
Jan 07 2021 01: +0,238.494,4
Jan 08 2021 01: +0,254.666,3
Jan 09 2021 01: +0,236.722,4
Jan 10 2021 01: +0,241.426,4
Jan 11 2021 01: +0,244.918,5
Jan 12 2021 01: +0,259.955,3
Jan 13 2021 01: +0,269.41,1
Jan 14 2021 01: +0,250.428,3
Jan 15 2021 01: +0,246.668,3
Jan 16 2021 01: +0,248.249,4
Jan 18 2021 01: +0,253.48,4
Jan 19 2021 01: +0,250.116,2
Jan 20 2021 01: +0,234.531,6
Jan 21 2021 01: +0,245.52,4
Jan 22 2021 01: +0,245.693,5
Jan 23 2021 01: +0,241.892,1
Jan 24 2021 01: +0,260.822,1
Jan 25 2021 01: +0,261.891,1
Jan 26 2021 01: +0,249.245,9
Jan 27 2021 01: +0,250.078,4
Jan 28 2021 01: +0,257.241,3
Jan 29 2021 01: +0,243.168,2
Jan 30 2021 01: +0,231.098,6
Jan 31 2021 01: +0,244.664,4
Feb 01 2021 01: +0,247.205,7
Feb 02 2021 01: +0,258.632,2
Feb 03 2021 01: +0,256.146,3
Feb 04 2021 01: +0,251.881,6
Feb 05 2021 01: +0,247.161,4
Feb 06 2021 01: +0,242.255,2
Feb 07 2021 01: +0,248.111,5
Feb 08 2021 01: +0,240.04,7
Feb 09 2021 01: +0,240.326,5
Feb 10 2021 01: +0,236.854,6
Feb 11 2021 01: +0,256.057,2
Feb 12 2021 01: +0,236.169,7
Feb 13 2021 01: +0,226.32,3
Feb 14 2021 01: +0,250.778,3
Feb 15 2021 01: +0,241.582,3
Feb 16 2021 01: +0,242.458,3
Feb 17 2021 01: +0,248.042,3
Feb 18 2021 01: +0,237.918,3
Feb 19 2021 01: +0,257.261,6
Feb 20 2021 01: +0,253.15,4
Feb 21 2021 01: +0,231.176,5
Feb 22 2021 01: +0,258.577,4
Feb 23 2021 01: +0,248.008,5
Feb 24 2021 01: +0,221.09,1
Feb 25 2021 01: +0,246.776,4
Feb 26 2021 01: +0,262.594,6
Feb 27 2021 01: +0,247.459,2
Feb 28 2021 01: +0,243.789,4
Mar 01 2021 01: +0,248.883,4
Mar 02 2021 01: +0,239.997,1
Mar 03 2021 01: +0,258.922,2
Mar 04 2021 01: +0,269.161,1
Mar 05 2021 01: +0,254.873,4
Mar 06 2021 01: +0,259.417,9
Mar 07 2021 01: +0,267.376,5
Mar 08 2021 01: +0,267.153,5
Mar 09 2021 01: +0,259.646,2
Mar 10 2021 01: +0,249.61,2
Mar 11 2021 01: +0,255.28,2
Mar 12 2021 01: +0,251.088,4
Mar 13 2021 01: +0,264.016,6
Mar 14 2021 01: +0,256.979,3
Mar 15 2021 01: +0,273.363,4
Mar 16 2021 01: +0,277.474,1
Mar 17 2021 01: +0,262.095,1
Mar 18 2021 01: +0,270.516,4
Mar 19 2021 01: +0,265.152,7
Mar 20 2021 01: +0,303.69,1
Mar 21 2021 01: +0,260.037,4
Mar 24 2021 01: +0,262.733,4
Mar 25 2021 01: +0,253.125,3
Mar 28 2021 01: +0,276.784,5
Mar 29 2021 01: +0,272.557,3
Mar 30 2021 01: +0,263.815,2
Mar 31 2021 01: +0,273.487,6
Apr 01 2021 01: +0,282.924,6
Apr 02 2021 01: +0,279.565,2
Apr 03 2021 01: +0,285.367,5
Apr 04 2021 01: +0,274.74,3
Apr 05 2021 01: +0,305.714,1
Apr 06 2021 01: +0,279.61,2
Apr 07 2021 01: +0,289.819,5
Apr 08 2021 01: +0,298.356,1
Apr 09 2021 01: +0,292.814,3
Apr 10 2021 01: +0,269,1
Apr 11 2021 01: +0,267.669,4
Apr 12 2021 01: +0,280.399,5
Apr 13 2021 01: +0,302.398,1
Apr 14 2021 01: +0,298.197,1
Apr 15 2021 01: +0,278.477,2
Apr 16 2021 01: +0,294.98,1
Apr 17 2021 01: +0,265.45,2
Apr 18 2021 01: +0,273.777,5
Apr 19 2021 01: +0,293.563,1
Apr 20 2021 01: +0,288.959,5
Apr 21 2021 01: +0,282.839,4
Apr 22 2021 01: +0,279.59,3
Apr 23 2021 01: +0,259.99,1
Apr 24 2021 01: +0,249.735,2
Apr 25 2021 01: +0,274.242,3
Apr 26 2021 01: +0,273.634,7
Apr 27 2021 01: +0,282.914,5
Apr 28 2021 01: +0,257.795,2
Apr 29 2021 01: +0,268.166,3
Apr 30 2021 01: +0,289.89,2
May 01 2021 01: +0,281.349,4
May 02 2021 01: +0,294.131,2
May 03 2021 01: +0,276.616,4
May 04 2021 01: +0,272.427,7
May 05 2021 01: +0,274.95,5
May 06 2021 01: +0,296.171,2
May 07 2021 01: +0,280.548,5
May 08 2021 01: +0,262,1
May 09 2021 01: +0,285.726,3
May 10 2021 01: +0,287.615,4
May 11 2021 01: +0,274.012,4
May 12 2021 01: +0,288.695,6
May 13 2021 01: +0,295.896,1
May 14 2021 01: +0,280.917,4
May 15 2021 01: +0,271.95,2
May 16 2021 01: +0,276.427,2
May 17 2021 01: +0,283.659,4
May 18 2021 01: +0,302.894,3
May 19 2021 01: +0,270.193,3
May 20 2021 01: +0,301.087,3
May 21 2021 01: +0,310.856,1
May 22 2021 01: +0,276.91,2
May 23 2021 01: +0,295.513,4
May 24 2021 01: +0,289.167,2
May 25 2021 01: +0,285.688,4
May 27 2021 01: +0,297.29,5
May 28 2021 01: +0,303.77,2
May 30 2021 01: +0,309.377,3
May 31 2021 01: +0,325.381,1
Jun 01 2021 01: +0,285.078,2
Jun 02 2021 01: +0,279.749,2
Jun 03 2021 01: +0,320.626,1
Jun 04 2021 01: +0,283.264,3
Jun 05 2021 01: +0,295.601,5
Jun 06 2021 01: +0,279.004,3
Jun 07 2021 01: +0,295.155,2
Jun 08 2021 01: +0,300.26,2
Jun 09 2021 01: +0,278.28,2
Jun 10 2021 01: +0,306.191,4
Jun 11 2021 01: +0,317.473,5
Jun 12 2021 01: +0,322.304,2
Jun 13 2021 01: +0,280.811,4
Jun 14 2021 01: +0,285.401,2
Jun 16 2021 01: +0,302.946,3
Jun 17 2021 01: +0,309.933,1
Jun 18 2021 01: +0,308.083,2
Jun 19 2021 01: +0,286.088,2
Jun 20 2021 01: +0,275.667,4
Jun 21 2021 01: +0,288.461,3
Jun 22 2021 01: +0,298.6,1
Jun 24 2021 01: +0,264.219,1
Jun 25 2021 01: +0,262.463,5
Jun 26 2021 01: +0,309.695,1
Jun 27 2021 01: +0,279.428,3
Jun 28 2021 01: +0,271.558,3
Jun 29 2021 01: +0,265.87,1
Jun 30 2021 01: +0,284.036,4
Jul 01 2021 01: +0,272.822,5
Jul 02 2021 01: +0,288.649,1
Jul 03 2021 01: +0,252.09,2
Jul 05 2021 01: +0,285.59,2
Jul 06 2021 01: +0,254.904,3
Jul 07 2021 01: +0,247.16,3
Jul 08 2021 01: +0,261.227,2
Jul 10 2021 01: +0,276.006,3
Jul 12 2021 01: +0,250.288,3
Jul 13 2021 01: +0,256.622,2
Jul 14 2021 01: +0,247.346,3
Jul 15 2021 01: +0,273.97,4
Jul 16 2021 01: +0,253.611,5
Jul 17 2021 01: +0,255.564,1
Jul 18 2021 01: +0,253.85,6
Jul 19 2021 01: +0,269.351,2
Jul 20 2021 01: +0,271.732,1
Jul 21 2021 01: +0,294.172,1
Jul 22 2021 01: +0,281.114,1
Jul 23 2021 01: +0,244.96,3
Jul 24 2021 01: +0,278.047,1
Jul 25 2021 01: +0,271.445,2
Jul 26 2021 01: +0,269.828,2
Jul 27 2021 01: +0,248.907,2
Jul 28 2021 01: +0,286.93,1
Jul 29 2021 01: +0,260.467,5
Jul 30 2021 01: +0,275.602,3
Jul 31 2021 01: +0,274.12,3
Aug 01 2021 01: +0,260.003,1
Aug 02 2021 01: +0,268.465,2
Aug 03 2021 01: +0,274.247,8
Aug 04 2021 01: +0,288.982,1
Aug 05 2021 01: +0,273.156,2
Aug 06 2021 01: +0,272.727,5
Aug 07 2021 01: +0,258.893,3
Aug 08 2021 01: +0,255.23,4
Aug 09 2021 01: +0,263.369,2
Aug 10 2021 01: +0,283.509,1
Aug 11 2021 01: +0,293.678,3
Aug 12 2021 01: +0,286.072,3
Aug 13 2021 01: +0,282.912,2
Aug 14 2021 01: +0,262.68,2
Aug 15 2021 01: +0,248.549,4
Aug 16 2021 01: +0,237.828,3
Aug 17 2021 01: +0,260.748,4
Aug 19 2021 01: +0,270.745,3
Aug 20 2021 01: +0,278.873,1
Aug 21 2021 01: +0,238.605,2
Aug 22 2021 01: +0,251.904,6
Aug 23 2021 01: +0,277.908,1
Aug 24 2021 01: +0,279.448,3
Aug 25 2021 01: +0,235.745,2
Aug 26 2021 01: +0,237.13,1
Aug 27 2021 01: +0,275.386,2
Aug 28 2021 01: +0,250.147,2
Aug 29 2021 01: +0,250.528,4
Aug 30 2021 01: +0,259.202,2
Aug 31 2021 01: +0,268.931,2
Sep 01 2021 01: +0,249.111,2
Sep 02 2021 01: +0,266.669,2
Sep 03 2021 01: +0,287.736,1
Sep 04 2021 01: +0,280.394,2
Sep 05 2021 01: +0,275.167,4
Sep 06 2021 01: +0,283.01,1
Sep 07 2021 01: +0,280.426,5
Sep 09 2021 01: +0,309.438,2
Sep 10 2021 01: +0,281.018,3
Sep 11 2021 01: +0,265.988,2
Sep 12 2021 01: +0,289.457,2
Sep 13 2021 01: +0,269.735,2
Sep 14 2021 01: +0,291.882,2
Sep 15 2021 01: +0,297.674,1
Sep 16 2021 01: +0,283.491,1
Sep 17 2021 01: +0,251.236,1
Sep 18 2021 01: +0,275.199,2
Sep 19 2021 01: +0,268.6,1
Sep 20 2021 01: +0,262.739,5
Sep 21 2021 01: +0,243.69,1
Sep 22 2021 01: +0,238.088,7
Sep 23 2021 01: +0,211.848,2
Sep 24 2021 01: +0,223.114,5
Sep 25 2021 01: +0,246.065,4
Sep 26 2021 01: +0,256.257,4
Sep 27 2021 01: +0,226.229,3
Sep 28 2021 01: +0,213.69,1
Sep 29 2021 01: +0,226.2,4
Sep 30 2021 01: +0,248.701,4
Oct 01 2021 01: +0,216.217,3
Oct 02 2021 01: +0,235.013,6
Oct 03 2021 01: +0,249.586,3
Oct 04 2021 01: +0,239.927,4
Oct 05 2021 01: +0,262.9,5
Oct 06 2021 01: +0,247.906,4
Oct 08 2021 01: +0,241.63,2
Oct 09 2021 01: +0,247.364,3
Oct 10 2021 01: +0,266.005,2
Oct 11 2021 01: +0,252.872,5
Oct 13 2021 01: +0,255.29,5
Oct 14 2021 01: +0,255.245,2
Oct 15 2021 01: +0,250.64,3
Oct 16 2021 01: +0,259.755,3
Oct 17 2021 01: +0,259.56,3
Oct 18 2021 01: +0,260.072,2
Oct 19 2021 01: +0,278.003,1
Oct 20 2021 01: +0,275.019,1
Oct 21 2021 01: +0,253.237,1
Oct 23 2021 01: +0,244.41,4
Oct 24 2021 01: +0,219.65,1
Oct 25 2021 01: +0,241.631,3
Oct 26 2021 01: +0,222.22,1
Oct 27 2021 01: +0,236.338,2
Oct 28 2021 01: +0,259.99,1
Oct 29 2021 01: +0,232.652,8
Oct 30 2021 01: +0,261.225,3
Oct 31 2021 01: +0,242.002,4
Nov 01 2021 01: +0,246.735,2
Nov 02 2021 01: +0,242.405,5
Nov 03 2021 01: +0,251.874,3
Nov 05 2021 01: +0,258.849,5
Nov 06 2021 01: +0,240.955,6
Nov 07 2021 01: +0,247.761,5
Nov 08 2021 01: +0,234.41,2
Nov 09 2021 01: +0,222.664,3
Nov 10 2021 01: +0,235.969,5
Nov 11 2021 01: +0,238.677,3
Nov 12 2021 01: +0,233.4,4
Nov 13 2021 01: +0,236.583,4
Nov 14 2021 01: +0,235.52,4
Nov 15 2021 01: +0,244.769,6
Nov 16 2021 01: +0,226.746,3
Nov 17 2021 01: +0,233.745,4
Nov 18 2021 01: +0,236.052,4
Nov 20 2021 01: +0,232.43,7
Nov 21 2021 01: +0,271.065,2
Nov 23 2021 01: +0,229.872,2
Nov 24 2021 01: +0,236.778,5
Nov 25 2021 01: +0,243.496,3
Nov 26 2021 01: +0,242.866,4
Nov 27 2021 01: +0,235.222,5
Nov 28 2021 01: +0,235.554,2
Nov 29 2021 01: +0,239.835,1
Nov 30 2021 01: +0,223.359,4
Dec 01 2021 01: +0,251.897,1
Dec 02 2021 01: +0,236.528,2
Dec 03 2021 01: +0,252.898,3
Dec 04 2021 01: +0,241.864,3
Dec 05 2021 01: +0,247.219,4
Dec 06 2021 01: +0,254.665,5
Dec 07 2021 01: +0,252.927,3
Dec 08 2021 01: +0,246.997,5
Dec 10 2021 01: +0,261.329,2
Dec 11 2021 01: +0,208.891,6
Dec 13 2021 01: +0,263.216,4
Dec 14 2021 01: +0,251.201,2
Dec 15 2021 01: +0,266.494,3
Dec 16 2021 01: +0,242.2,2
Dec 17 2021 01: +0,258.971,5
Dec 18 2021 01: +0,277.26,2
Dec 19 2021 01: +0,237.543,3
Dec 20 2021 01: +0,302.615,3
Dec 21 2021 01: +0,247.928,2
Dec 22 2021 01: +0,259.289,3
Dec 23 2021 01: +0,249.612,1
Dec 24 2021 01: +0,260.203,5
Dec 25 2021 01: +0,265.011,5
Dec 27 2021 01: +0,272.219,2
Dec 28 2021 01: +0,270.66,1
Dec 29 2021 01: +0,268.724,4
Dec 30 2021 01: +0,247.09,2
Dec 31 2021 01: +0,290.175,5
Jan 01 2022 01: +0,252.562,3
Jan 02 2022 01: +0,293.993,2
Jan 03 2022 01: +0,270.569,2
Jan 04 2022 01: +0,275.136,2
Jan 05 2022 01: +0,274.603,3
Jan 06 2022 01: +0,272.553,4
Jan 07 2022 01: +0,258.7,2
Jan 08 2022 01: +0,289.298,3
Jan 09 2022 01: +0,282.913,1
Jan 10 2022 01: +0,261.997,4
Jan 11 2022 01: +0,254,1
Jan 13 2022 01: +0,280.949,2
Jan 14 2022 01: +0,286.929,3
Jan 15 2022 01: +0,297.829,1
Jan 16 2022 01: +0,282.375,5
Jan 17 2022 01: +0,298.697,1
Jan 18 2022 01: +0,260.79,1
Jan 19 2022 01: +0,261.332,1
Jan 20 2022 01: +0,288.205,3
Jan 21 2022 01: +0,274.734,3
Jan 22 2022 01: +0,294.069,3
Jan 23 2022 01: +0,271.4,2
Jan 24 2022 01: +0,286.971,1
Jan 25 2022 01: +0,262.478,3
Jan 26 2022 01: +0,277.655,4
Jan 27 2022 01: +0,308.709,1
Jan 28 2022 01: +0,244.91,1
Jan 29 2022 01: +0,294.432,2
Jan 30 2022 01: +0,289.571,2
Jan 31 2022 01: +0,281.197,3
Feb 01 2022 01: +0,272.289,3
Feb 02 2022 01: +0,288.795,1
Feb 03 2022 01: +0,282.75,3
Feb 04 2022 01: +0,290.374,4
Feb 05 2022 01: +0,277.044,4
Feb 06 2022 01: +0,274.028,4
Feb 07 2022 01: +0,293.222,4
Feb 08 2022 01: +0,279.352,1
Feb 09 2022 01: +0,303.082,2
Feb 11 2022 01: +0,280.368,3
Feb 12 2022 01: +0,276.306,2
Feb 13 2022 01: +0,284.266,5
Feb 14 2022 01: +0,273.051,2
Feb 15 2022 01: +0,260.679,1
Feb 16 2022 01: +0,283.257,3
Feb 17 2022 01: +0,296.222,4
Feb 18 2022 01: +0,282.265,3
Feb 19 2022 01: +0,309.954,1
Feb 20 2022 01: +0,261.388,6
Feb 21 2022 01: +0,268.511,5
Feb 22 2022 01: +0,279.412,3
Feb 23 2022 01: +0,297.056,5
Feb 24 2022 01: +0,257.427,3
Feb 25 2022 01: +0,285.88,1
Feb 26 2022 01: +0,301.913,1
Feb 27 2022 01: +0,282.563,3
Feb 28 2022 01: +0,297.868,4
Mar 01 2022 01: +0,268.54,1
Mar 02 2022 01: +0,279.508,3
Mar 03 2022 01: +0,283.18,2
Mar 04 2022 01: +0,293.54,5
Mar 05 2022 01: +0,296.293,2
Mar 06 2022 01: +0,306.365,5
Mar 07 2022 01: +0,273.567,3
Mar 08 2022 01: +0,285.346,5
Mar 09 2022 01: +0,294.446,3
Mar 10 2022 01: +0,285.578,3
Mar 11 2022 01: +0,290.321,4
Mar 12 2022 01: +0,299.505,3
Mar 13 2022 01: +0,284.459,5
Mar 14 2022 01: +0,276,1
Mar 15 2022 01: +0,294.283,5
Mar 16 2022 01: +0,301.035,2
Mar 17 2022 01: +0,293.681,2
Mar 19 2022 01: +0,294.542,4
Mar 20 2022 01: +0,304.742,2
Mar 21 2022 01: +0,294.186,2
Mar 22 2022 01: +0,317.604,3
Mar 23 2022 01: +0,297.881,1
Mar 24 2022 01: +0,293.505,2
Mar 26 2022 01: +0,319.943,5
Mar 27 2022 01: +0,300.407,2
Mar 28 2022 01: +0,289.27,1
Mar 29 2022 01: +0,302.171,6
Mar 30 2022 01: +0,321.129,1
Mar 31 2022 01: +0,316.221,2
Apr 01 2022 01: +0,381.872,2
Apr 03 2022 01: +0,325.337,3
Apr 04 2022 01: +0,311.923,5
Apr 07 2022 01: +0,320.03,2
Apr 08 2022 01: +0,335.951,3
Apr 09 2022 01: +0,317.042,2
Apr 10 2022 01: +0,331.828,2
Apr 11 2022 01: +0,328.418,6
Apr 12 2022 01: +0,335.464,2
Apr 13 2022 01: +0,337.228,5
Apr 14 2022 01: +0,349.579,2
Apr 15 2022 01: +0,334.494,2
Apr 16 2022 01: +0,355.469,4
Apr 17 2022 01: +0,353.537,5
Apr 18 2022 01: +0,350,1
Apr 19 2022 01: +0,328.226,2
Apr 20 2022 01: +0,332.06,2
Apr 23 2022 01: +0,346.647,2
Apr 25 2022 01: +0,345.311,4
Apr 26 2022 01: +0,360.976,3
Apr 27 2022 01: +0,374.99,1
Apr 28 2022 01: +0,347.999,1
Apr 29 2022 01: +0,285.966,1
Apr 30 2022 01: +0,350.004,1
May 01 2022 01: +0,367.015,1
May 02 2022 01: +0,363.775,1
May 03 2022 01: +0,340.628,3
May 05 2022 01: +0,319,2
May 06 2022 01: +0,325.866,1
May 07 2022 01: +0,371.38,2
May 08 2022 01: +0,309.35,1
May 09 2022 01: +0,309.219,2
May 10 2022 01: +0,337.79,1
May 11 2022 01: +0,355.95,1
May 12 2022 01: +0,315.02,1
May 13 2022 01: +0,337.926,4
May 14 2022 01: +0,327.404,3
May 15 2022 01: +0,340.82,4
May 16 2022 01: +0,351.058,4
May 17 2022 01: +0,310.41,3
May 20 2022 01: +0,355,2
May 21 2022 01: +0,394.099,1
