Aug 26 2013 01: +0,86.543,1
Aug 27 2013 01: +0,83.126,2
Aug 31 2013 01: +0,80.59,1
Sep 02 2013 01: +0,76.01,1
Sep 04 2013 01: +0,73.695,2
Sep 05 2013 01: +0,83.275,1
Sep 06 2013 01: +0,85.46,2
Sep 08 2013 01: +0,84.95,2
Sep 09 2013 01: +0,80.537,1
Sep 11 2013 01: +0,82.01,3
Sep 12 2013 01: +0,106.71,3
Sep 13 2013 01: +0,118.823,1
Sep 14 2013 01: +0,72.187,2
Sep 15 2013 01: +0,110.819,2
Sep 17 2013 01: +0,117.647,2
Sep 18 2013 01: +0,115,1
Sep 19 2013 01: +0,122.354,1
Sep 20 2013 01: +0,125.919,1
Sep 21 2013 01: +0,107.48,3
Sep 23 2013 01: +0,115,1
Sep 26 2013 01: +0,108.549,2
Sep 28 2013 01: +0,104.681,3
Sep 30 2013 01: +0,133.89,1
Oct 02 2013 01: +0,134.29,1
Oct 03 2013 01: +0,129.87,1
Oct 04 2013 01: +0,146.68,1
Oct 06 2013 01: +0,93.663,1
Oct 08 2013 01: +0,142.563,1
Oct 09 2013 01: +0,137.635,2
Oct 11 2013 01: +0,142.456,2
Oct 13 2013 01: +0,135.401,1
Oct 14 2013 01: +0,142.18,1
Oct 15 2013 01: +0,141.49,1
Oct 16 2013 01: +0,159.28,1
Oct 17 2013 01: +0,156.036,2
Oct 20 2013 01: +0,130.723,9
Oct 22 2013 01: +0,157.875,1
Oct 25 2013 01: +0,148.52,5
Oct 27 2013 01: +0,154.199,3
Oct 28 2013 01: +0,144.119,5
Oct 29 2013 01: +0,156.92,1
Oct 31 2013 01: +0,146.893,2
Nov 01 2013 01: +0,147.909,2
Nov 02 2013 01: +0,155.097,1
Nov 03 2013 01: +0,165.872,1
Nov 05 2013 01: +0,149.08,1
Nov 07 2013 01: +0,137.26,3
Nov 09 2013 01: +0,141.109,2
Nov 10 2013 01: +0,146.771,2
Nov 13 2013 01: +0,154.97,2
Nov 15 2013 01: +0,149.8,1
Nov 16 2013 01: +0,129.646,1
Nov 17 2013 01: +0,133.178,2
Nov 18 2013 01: +0,150.997,2
Nov 19 2013 01: +0,154.118,2
Nov 20 2013 01: +0,143.128,2
Nov 21 2013 01: +0,146.606,2
Nov 22 2013 01: +0,119.3,2
Nov 25 2013 01: +0,146.447,2
Nov 26 2013 01: +0,129.425,2
Nov 27 2013 01: +0,127.948,2
Nov 28 2013 01: +0,137.986,4
Nov 29 2013 01: +0,153.668,1
Nov 30 2013 01: +0,146.095,5
Dec 01 2013 01: +0,153.359,4
Dec 02 2013 01: +0,162.292,4
Dec 03 2013 01: +0,155.47,2
Dec 04 2013 01: +0,173.841,2
Dec 05 2013 01: +0,173.736,1
Dec 06 2013 01: +0,171.683,2
Dec 07 2013 01: +0,132.995,2
Dec 08 2013 01: +0,141.304,4
Dec 09 2013 01: +0,162.997,3
Dec 10 2013 01: +0,171.918,2
Dec 11 2013 01: +0,153.018,4
Dec 12 2013 01: +0,172.5,1
Dec 13 2013 01: +0,171.971,2
Dec 14 2013 01: +0,194.672,3
Dec 15 2013 01: +0,83.569,2
Dec 16 2013 01: +0,133.674,2
Dec 17 2013 01: +0,174.832,2
Dec 19 2013 01: +0,137.251,3
Dec 20 2013 01: +0,162.69,2
Dec 21 2013 01: +0,144.791,3
Dec 22 2013 01: +0,133.915,2
Dec 23 2013 01: +0,162.944,6
Dec 24 2013 01: +0,159.987,5
Dec 25 2013 01: +0,136.89,1
Dec 26 2013 01: +0,174.509,4
Dec 27 2013 01: +0,175.666,2
Dec 28 2013 01: +0,184.998,1
Dec 29 2013 01: +0,175.704,3
Dec 30 2013 01: +0,134.351,3
Dec 31 2013 01: +0,157.919,4
Jan 01 2014 01: +0,161.465,7
Jan 02 2014 01: +0,188.435,2
Jan 03 2014 01: +0,178.88,1
Jan 04 2014 01: +0,156.125,8
Jan 05 2014 01: +0,163.756,3
Jan 06 2014 01: +0,183.538,1
Jan 07 2014 01: +0,160.021,2
Jan 08 2014 01: +0,171.031,2
Jan 09 2014 01: +0,166.225,4
Jan 10 2014 01: +0,167.492,2
Jan 11 2014 01: +0,180.2,1
Jan 12 2014 01: +0,130.529,4
Jan 13 2014 01: +0,173.48,1
Jan 14 2014 01: +0,163.864,4
Jan 15 2014 01: +0,177.863,3
Jan 16 2014 01: +0,172.981,1
Jan 17 2014 01: +0,169.76,1
Jan 18 2014 01: +0,165.573,7
Jan 19 2014 01: +0,107.508,2
Jan 20 2014 01: +0,167.841,3
Jan 21 2014 01: +0,166.532,7
Jan 22 2014 01: +0,164.293,6
Jan 23 2014 01: +0,162.057,5
Jan 24 2014 01: +0,170.399,5
Jan 25 2014 01: +0,162.387,5
Jan 26 2014 01: +0,184.673,1
Jan 27 2014 01: +0,157.822,4
Jan 28 2014 01: +0,190.371,2
Jan 29 2014 01: +0,195,1
Jan 30 2014 01: +0,183.671,4
Jan 31 2014 01: +0,199.99,1
Feb 01 2014 01: +0,166.647,3
Feb 02 2014 01: +0,161.261,2
Feb 03 2014 01: +0,164.765,9
Feb 04 2014 01: +0,164.803,4
Feb 05 2014 01: +0,167.069,4
Feb 06 2014 01: +0,176.937,1
Feb 07 2014 01: +0,184.445,4
Feb 09 2014 01: +0,185.886,3
Feb 10 2014 01: +0,170.075,2
Feb 11 2014 01: +0,188.179,1
Feb 12 2014 01: +0,178.879,1
Feb 13 2014 01: +0,177.61,1
Feb 14 2014 01: +0,173.749,4
Feb 15 2014 01: +0,187.926,2
Feb 16 2014 01: +0,187.119,1
Feb 17 2014 01: +0,154.459,5
Feb 18 2014 01: +0,172.007,5
Feb 19 2014 01: +0,186.881,1
Feb 21 2014 01: +0,167.582,4
Feb 22 2014 01: +0,171.341,1
Feb 23 2014 01: +0,145.496,5
Feb 24 2014 01: +0,155.093,5
Feb 25 2014 01: +0,167.554,2
Feb 26 2014 01: +0,171.649,1
Feb 27 2014 01: +0,156.972,4
Feb 28 2014 01: +0,173.53,2
Mar 01 2014 01: +0,163.574,4
Mar 02 2014 01: +0,179.18,1
Mar 03 2014 01: +0,133.799,3
Mar 04 2014 01: +0,185,1
Mar 05 2014 01: +0,170.755,2
Mar 06 2014 01: +0,164.579,1
Mar 07 2014 01: +0,165.145,3
Mar 08 2014 01: +0,91.769,4
Mar 09 2014 01: +0,111.638,3
Mar 10 2014 01: +0,170.146,4
Mar 11 2014 01: +0,165.574,5
Mar 12 2014 01: +0,176.562,2
Mar 13 2014 01: +0,173.722,4
Mar 14 2014 01: +0,180.897,3
Mar 15 2014 01: +0,173.959,4
Mar 16 2014 01: +0,160.86,2
Mar 17 2014 01: +0,179.29,2
Mar 18 2014 01: +0,172.963,6
Mar 19 2014 01: +0,169.829,5
Mar 20 2014 01: +0,180.355,3
Mar 21 2014 01: +0,191.25,1
Mar 22 2014 01: +0,134.84,1
Mar 23 2014 01: +0,182.185,3
Mar 24 2014 01: +0,177.415,3
Mar 25 2014 01: +0,165.416,3
Mar 26 2014 01: +0,181.203,5
Mar 27 2014 01: +0,191.259,3
Mar 29 2014 01: +0,172.44,6
Mar 30 2014 01: +0,180.211,2
Mar 31 2014 01: +0,176.739,4
Apr 01 2014 01: +0,188.599,2
Apr 02 2014 01: +0,175.537,3
Apr 03 2014 01: +0,177.805,2
Apr 04 2014 01: +0,180.039,5
Apr 05 2014 01: +0,174.436,6
Apr 06 2014 01: +0,173.397,2
Apr 07 2014 01: +0,172.284,8
Apr 08 2014 01: +0,185.23,1
Apr 09 2014 01: +0,178.223,3
Apr 10 2014 01: +0,173.064,4
Apr 11 2014 01: +0,166.815,6
Apr 12 2014 01: +0,174.786,5
Apr 13 2014 01: +0,176.487,3
Apr 14 2014 01: +0,185,1
Apr 15 2014 01: +0,181.709,7
Apr 16 2014 01: +0,190.877,2
Apr 17 2014 01: +0,1.89,1
Apr 18 2014 01: +0,174.391,5
Apr 19 2014 01: +0,167.994,5
Apr 20 2014 01: +0,184.585,4
Apr 21 2014 01: +0,154.042,5
Apr 22 2014 01: +0,163.165,4
Apr 23 2014 01: +0,181.365,4
Apr 24 2014 01: +0,171.894,7
Apr 25 2014 01: +0,180.777,7
Apr 26 2014 01: +0,176.308,3
Apr 27 2014 01: +0,191.257,3
Apr 28 2014 01: +0,191.99,1
Apr 29 2014 01: +0,186.954,3
Apr 30 2014 01: +0,190.265,6
May 01 2014 01: +0,190.265,6
May 02 2014 01: +0,195.979,5
May 03 2014 01: +0,181.085,5
May 04 2014 01: +0,174.014,2
May 05 2014 01: +0,171.569,3
May 06 2014 01: +0,162.878,6
May 07 2014 01: +0,173.102,5
May 08 2014 01: +0,181.333,1
May 09 2014 01: +0,166.638,7
May 10 2014 01: +0,164.06,2
May 11 2014 01: +0,159.803,7
May 12 2014 01: +0,155.641,5
May 13 2014 01: +0,149.041,4
May 14 2014 01: +0,139.253,3
May 15 2014 01: +0,160.522,7
May 16 2014 01: +0,157.46,6
May 17 2014 01: +0,151.198,4
May 18 2014 01: +0,147.313,7
May 19 2014 01: +0,152.151,5
May 20 2014 01: +0,156.138,3
May 21 2014 01: +0,151.964,3
May 22 2014 01: +0,162.66,3
May 23 2014 01: +0,151.328,3
May 24 2014 01: +0,154.79,1
May 25 2014 01: +0,148.468,6
May 26 2014 01: +0,153.121,9
May 27 2014 01: +0,147.097,2
May 28 2014 01: +0,136.54,6
May 29 2014 01: +0,147.046,7
May 30 2014 01: +0,152.175,7
May 31 2014 01: +0,151.331,4
Jun 01 2014 01: +0,152.618,7
Jun 02 2014 01: +0,148.007,5
Jun 03 2014 01: +0,154.541,4
Jun 04 2014 01: +0,143.324,6
Jun 05 2014 01: +0,148.402,5
Jun 06 2014 01: +0,155.771,7
Jun 07 2014 01: +0,135.38,6
Jun 08 2014 01: +0,146.96,6
Jun 09 2014 01: +0,150.959,6
Jun 10 2014 01: +0,147.639,5
Jun 11 2014 01: +0,143.843,7
Jun 12 2014 01: +0,131.225,6
Jun 13 2014 01: +0,153.672,3
Jun 14 2014 01: +0,149.775,3
Jun 15 2014 01: +0,149.455,5
Jun 16 2014 01: +0,149.129,5
Jun 17 2014 01: +0,146.896,8
Jun 18 2014 01: +0,144.315,7
Jun 19 2014 01: +0,141.976,9
Jun 20 2014 01: +0,147.573,6
Jun 21 2014 01: +0,144.466,4
Jun 22 2014 01: +0,132.807,4
Jun 23 2014 01: +0,123.269,10
Jun 24 2014 01: +0,129.16,7
Jun 25 2014 01: +0,135.012,10
Jun 26 2014 01: +0,139.399,6
Jun 27 2014 01: +0,142.379,7
Jun 28 2014 01: +0,136.047,8
Jun 29 2014 01: +0,137.443,5
Jun 30 2014 01: +0,147.239,9
Jul 01 2014 01: +0,150.736,4
Jul 02 2014 01: +0,144.294,3
Jul 03 2014 01: +0,138.365,4
Jul 04 2014 01: +0,137.68,8
Jul 05 2014 01: +0,151.199,7
Jul 06 2014 01: +0,149.549,1
Jul 07 2014 01: +0,144.645,6
Jul 08 2014 01: +0,146.817,5
Jul 09 2014 01: +0,142.378,9
Jul 10 2014 01: +0,152.282,10
Jul 11 2014 01: +0,125.003,10
Jul 12 2014 01: +0,147.141,7
Jul 13 2014 01: +0,147.882,5
Jul 14 2014 01: +0,146.034,5
Jul 15 2014 01: +0,143.67,8
Jul 16 2014 01: +0,145.907,4
Jul 17 2014 01: +0,142.225,3
Jul 18 2014 01: +0,147.345,4
Jul 19 2014 01: +0,146.186,5
Jul 20 2014 01: +0,143.531,5
Jul 21 2014 01: +0,145.864,5
Jul 22 2014 01: +0,142.487,7
Jul 23 2014 01: +0,147.952,9
Jul 24 2014 01: +0,148.006,4
Jul 25 2014 01: +0,147.38,7
Jul 26 2014 01: +0,143.741,8
Jul 27 2014 01: +0,138.521,7
Jul 28 2014 01: +0,153.457,7
Jul 29 2014 01: +0,160.52,5
Jul 30 2014 01: +0,152.596,5
Jul 31 2014 01: +0,154.339,7
Aug 01 2014 01: +0,142.331,3
Aug 02 2014 01: +0,150.654,10
Aug 03 2014 01: +0,146.631,6
Aug 04 2014 01: +0,149.127,13
Aug 05 2014 01: +0,160.491,5
Aug 06 2014 01: +0,155.522,9
Aug 07 2014 01: +0,148.19,7
Aug 08 2014 01: +0,150.245,8
Aug 09 2014 01: +0,155.464,6
Aug 10 2014 01: +0,142.931,7
Aug 11 2014 01: +0,149.083,11
Aug 12 2014 01: +0,157.245,5
Aug 13 2014 01: +0,158.785,9
Aug 14 2014 01: +0,156.476,3
Aug 15 2014 01: +0,149.51,8
Aug 16 2014 01: +0,156.007,9
Aug 17 2014 01: +0,157.937,8
Aug 18 2014 01: +0,153.385,3
Aug 19 2014 01: +0,154.959,8
Aug 20 2014 01: +0,160.483,7
Aug 21 2014 01: +0,157.579,8
Aug 22 2014 01: +0,131.448,10
Aug 23 2014 01: +0,158.247,11
Aug 24 2014 01: +0,158.57,8
Aug 25 2014 01: +0,157.808,5
Aug 26 2014 01: +0,159,7
Aug 27 2014 01: +0,154.627,9
Aug 28 2014 01: +0,159.804,12
Aug 29 2014 01: +0,158.557,7
Aug 30 2014 01: +0,159.053,13
Aug 31 2014 01: +0,158.899,5
Sep 01 2014 01: +0,157.519,5
Sep 02 2014 01: +0,154.873,11
Sep 03 2014 01: +0,164.686,6
Sep 04 2014 01: +0,151.383,4
Sep 05 2014 01: +0,143.307,9
Sep 06 2014 01: +0,155.098,7
Sep 07 2014 01: +0,155.54,7
Sep 08 2014 01: +0,161.599,6
Sep 09 2014 01: +0,154.92,4
Sep 10 2014 01: +0,157.144,6
Sep 11 2014 01: +0,153.876,7
Sep 12 2014 01: +0,162.194,15
Sep 13 2014 01: +0,162.096,2
Sep 14 2014 01: +0,160.003,4
Sep 15 2014 01: +0,156.031,7
Sep 16 2014 01: +0,156.423,6
Sep 17 2014 01: +0,149.973,5
Sep 18 2014 01: +0,156.774,4
Sep 19 2014 01: +0,158.366,5
Sep 20 2014 01: +0,153.987,6
Sep 21 2014 01: +0,143.978,12
Sep 22 2014 01: +0,153.534,6
Sep 23 2014 01: +0,149.362,7
Sep 24 2014 01: +0,146.579,9
Sep 25 2014 01: +0,151.969,7
Sep 26 2014 01: +0,141.92,10
Sep 27 2014 01: +0,146.55,6
Sep 28 2014 01: +0,141.681,10
Sep 29 2014 01: +0,149.93,7
Sep 30 2014 01: +0,138.563,9
Oct 01 2014 01: +0,146.887,9
Oct 02 2014 01: +0,141.712,11
Oct 03 2014 01: +0,149.187,8
Oct 04 2014 01: +0,144.165,9
Oct 05 2014 01: +0,142.757,7
Oct 06 2014 01: +0,149.32,10
Oct 07 2014 01: +0,144.787,9
Oct 08 2014 01: +0,147.127,8
Oct 09 2014 01: +0,137.222,8
Oct 10 2014 01: +0,149.658,9
Oct 11 2014 01: +0,138.978,10
Oct 12 2014 01: +0,137.967,13
Oct 13 2014 01: +0,139.079,9
Oct 14 2014 01: +0,139.647,6
Oct 15 2014 01: +0,144.298,12
Oct 16 2014 01: +0,133.335,10
Oct 17 2014 01: +0,137.491,10
Oct 18 2014 01: +0,138.194,10
Oct 19 2014 01: +0,112.348,9
Oct 20 2014 01: +0,132.589,13
Oct 21 2014 01: +0,133.161,8
Oct 22 2014 01: +0,132.967,12
Oct 23 2014 01: +0,134.364,9
Oct 24 2014 01: +0,133.173,14
Oct 25 2014 01: +0,142.406,10
Oct 26 2014 01: +0,122.783,9
Oct 27 2014 01: +0,130.774,8
Oct 28 2014 01: +0,135.598,10
Oct 29 2014 01: +0,134.897,8
Oct 30 2014 01: +0,138.161,6
Oct 31 2014 01: +0,132.478,10
Nov 01 2014 01: +0,132.812,12
Nov 02 2014 01: +0,132.524,12
Nov 03 2014 01: +0,127.565,9
Nov 04 2014 01: +0,129.256,8
Nov 05 2014 01: +0,125.127,5
Nov 06 2014 01: +0,126.489,10
Nov 07 2014 01: +0,122.134,6
Nov 08 2014 01: +0,123.07,13
Nov 09 2014 01: +0,125.789,7
Nov 10 2014 01: +0,126.402,10
Nov 11 2014 01: +0,121.305,13
Nov 12 2014 01: +0,119.697,14
Nov 13 2014 01: +0,117.753,8
Nov 14 2014 01: +0,110.251,17
Nov 15 2014 01: +0,116.051,10
Nov 16 2014 01: +0,114.863,14
Nov 17 2014 01: +0,110.648,10
Nov 18 2014 01: +0,110.764,14
Nov 19 2014 01: +0,111.17,8
Nov 20 2014 01: +0,111.019,8
Nov 21 2014 01: +0,110.793,13
Nov 22 2014 01: +0,110.474,16
Nov 23 2014 01: +0,106.262,14
Nov 24 2014 01: +0,109.642,14
Nov 25 2014 01: +0,111.456,18
Nov 26 2014 01: +0,112.743,12
Nov 27 2014 01: +0,107.742,10
Nov 28 2014 01: +0,110.773,18
Nov 29 2014 01: +0,126.387,3
Nov 30 2014 01: +0,112.815,18
Dec 01 2014 01: +0,113.404,17
Dec 02 2014 01: +0,111.954,14
Dec 03 2014 01: +0,113.538,16
Dec 04 2014 01: +0,118.158,15
Dec 05 2014 01: +0,119.44,18
Dec 06 2014 01: +0,122.6,19
Dec 07 2014 01: +0,124.129,11
Dec 08 2014 01: +0,125.627,13
Dec 09 2014 01: +0,129.546,8
Dec 10 2014 01: +0,119.819,8
Dec 11 2014 01: +0,124.969,13
Dec 12 2014 01: +0,125.764,19
Dec 13 2014 01: +0,125.044,15
Dec 14 2014 01: +0,126.92,8
Dec 15 2014 01: +0,123.254,11
Dec 16 2014 01: +0,126.12,3
Dec 17 2014 01: +0,123.721,7
Dec 18 2014 01: +0,121.848,11
Dec 19 2014 01: +0,125.74,13
Dec 20 2014 01: +0,133.758,13
Dec 21 2014 01: +0,123.522,10
Dec 22 2014 01: +0,127.71,19
Dec 23 2014 01: +0,129.396,14
Dec 24 2014 01: +0,138.301,15
Dec 25 2014 01: +0,146.018,34
Dec 26 2014 01: +0,148.464,32
Dec 27 2014 01: +0,150.51,13
Dec 28 2014 01: +0,147.967,18
Dec 29 2014 01: +0,152.44,20
Dec 30 2014 01: +0,154.614,24
Dec 31 2014 01: +0,153.557,12
Jan 01 2015 01: +0,143.134,17
Jan 02 2015 01: +0,143.367,23
Jan 03 2015 01: +0,147.256,19
Jan 04 2015 01: +0,144.945,16
Jan 05 2015 01: +0,145.198,14
Jan 06 2015 01: +0,144.07,10
Jan 07 2015 01: +0,141.084,15
Jan 08 2015 01: +0,146.761,11
Jan 09 2015 01: +0,137.605,23
Jan 10 2015 01: +0,141.219,11
Jan 11 2015 01: +0,128.14,17
Jan 12 2015 01: +0,129.662,13
Jan 13 2015 01: +0,136.717,13
Jan 14 2015 01: +0,134.85,10
Jan 15 2015 01: +0,137.796,12
Jan 16 2015 01: +0,138.047,17
Jan 17 2015 01: +0,134.56,15
Jan 18 2015 01: +0,132.519,10
Jan 19 2015 01: +0,130.55,18
Jan 20 2015 01: +0,128.053,8
Jan 21 2015 01: +0,125.847,17
Jan 22 2015 01: +0,127.781,13
Jan 23 2015 01: +0,124.145,23
Jan 24 2015 01: +0,124.675,15
Jan 25 2015 01: +0,127.765,16
Jan 26 2015 01: +0,133.147,13
Jan 27 2015 01: +0,121.159,24
Jan 28 2015 01: +0,131.548,11
Jan 29 2015 01: +0,127.139,16
Jan 30 2015 01: +0,129.755,17
Jan 31 2015 01: +0,133.927,13
Feb 01 2015 01: +0,129.81,17
Feb 02 2015 01: +0,136.191,10
Feb 03 2015 01: +0,130.93,14
Feb 04 2015 01: +0,132.181,12
Feb 05 2015 01: +0,131.669,13
Feb 06 2015 01: +0,132.7,11
Feb 07 2015 01: +0,132.069,16
Feb 08 2015 01: +0,128.786,9
Feb 09 2015 01: +0,127.711,15
Feb 10 2015 01: +0,128.778,15
Feb 11 2015 01: +0,129.05,13
Feb 12 2015 01: +0,132.776,12
Feb 13 2015 01: +0,129.468,14
Feb 14 2015 01: +0,125.842,14
Feb 15 2015 01: +0,119.123,17
Feb 16 2015 01: +0,124.072,16
Feb 17 2015 01: +0,129.989,6
Feb 18 2015 01: +0,124.614,11
Feb 19 2015 01: +0,130.987,12
Feb 20 2015 01: +0,130.225,15
Feb 21 2015 01: +0,129.379,15
Feb 22 2015 01: +0,125.969,13
Feb 23 2015 01: +0,126.589,16
Feb 24 2015 01: +0,131.168,7
Feb 25 2015 01: +0,128.474,14
Feb 26 2015 01: +0,123.32,10
Feb 27 2015 01: +0,126.349,24
Feb 28 2015 01: +0,128.744,16
Mar 01 2015 01: +0,124.496,10
Mar 02 2015 01: +0,127.135,15
Mar 03 2015 01: +0,126.649,9
Mar 04 2015 01: +0,122.444,15
Mar 05 2015 01: +0,126.025,19
Mar 06 2015 01: +0,127.189,11
Mar 07 2015 01: +0,126.336,19
Mar 08 2015 01: +0,122.296,18
Mar 09 2015 01: +0,124.689,18
Mar 10 2015 01: +0,123.352,10
Mar 11 2015 01: +0,120.996,11
Mar 12 2015 01: +0,119.929,6
Mar 13 2015 01: +0,122.873,19
Mar 14 2015 01: +0,119.29,20
Mar 15 2015 01: +0,116.769,22
Mar 16 2015 01: +0,118.214,18
Mar 17 2015 01: +0,126.423,22
Mar 18 2015 01: +0,123.935,15
Mar 19 2015 01: +0,128.062,14
Mar 20 2015 01: +0,130.443,14
Mar 21 2015 01: +0,129.601,10
Mar 22 2015 01: +0,116.742,13
Mar 23 2015 01: +0,126.71,16
Mar 24 2015 01: +0,128.102,13
Mar 25 2015 01: +0,127.699,12
Mar 26 2015 01: +0,125.584,11
Mar 27 2015 01: +0,130.561,15
Mar 28 2015 01: +0,125.228,18
Mar 29 2015 01: +0,122.278,19
Mar 30 2015 01: +0,124.021,19
Mar 31 2015 01: +0,127.637,16
Apr 01 2015 01: +0,126.143,15
Apr 02 2015 01: +0,127.962,15
Apr 03 2015 01: +0,124.866,21
Apr 04 2015 01: +0,123.265,30
Apr 05 2015 01: +0,128.165,14
Apr 06 2015 01: +0,126.217,20
Apr 07 2015 01: +0,131.541,21
Apr 08 2015 01: +0,131.438,17
Apr 09 2015 01: +0,127.586,17
Apr 10 2015 01: +0,128.354,15
Apr 11 2015 01: +0,120.482,21
Apr 12 2015 01: +0,123.401,20
Apr 13 2015 01: +0,123.735,22
Apr 14 2015 01: +0,116.172,18
Apr 15 2015 01: +0,114.539,19
Apr 16 2015 01: +0,106.51,33
Apr 17 2015 01: +0,101.53,31
Apr 18 2015 01: +0,107.141,26
Apr 19 2015 01: +0,102.694,31
Apr 20 2015 01: +0,103.739,27
Apr 21 2015 01: +0,111.497,15
Apr 22 2015 01: +0,104.884,17
Apr 23 2015 01: +0,101.454,25
Apr 24 2015 01: +0,113.152,23
Apr 25 2015 01: +0,111.528,19
Apr 26 2015 01: +0,109.342,23
Apr 27 2015 01: +0,109.558,17
Apr 28 2015 01: +0,110.542,32
Apr 29 2015 01: +0,114.177,17
Apr 30 2015 01: +0,116.916,26
May 01 2015 01: +0,101.891,58
May 02 2015 01: +0,114.83,31
May 03 2015 01: +0,118.786,25
May 04 2015 01: +0,117.148,19
May 05 2015 01: +0,114.556,28
May 06 2015 01: +0,115.056,17
May 07 2015 01: +0,118.765,19
May 08 2015 01: +0,115.681,30
May 09 2015 01: +0,120.606,24
May 10 2015 01: +0,119.905,17
May 11 2015 01: +0,120.387,20
May 12 2015 01: +0,120.682,11
May 13 2015 01: +0,122.054,26
May 14 2015 01: +0,121.174,24
May 15 2015 01: +0,122.127,23
May 16 2015 01: +0,121.222,30
May 17 2015 01: +0,118.289,16
May 18 2015 01: +0,122.33,25
May 19 2015 01: +0,122.603,20
May 20 2015 01: +0,122.381,17
May 21 2015 01: +0,120.645,18
May 22 2015 01: +0,122.56,20
May 23 2015 01: +0,122.88,21
May 24 2015 01: +0,119.097,23
May 25 2015 01: +0,116.947,25
May 26 2015 01: +0,117.044,23
May 27 2015 01: +0,111.938,25
May 28 2015 01: +0,109.469,23
May 29 2015 01: +0,116.446,30
May 30 2015 01: +0,117.353,29
May 31 2015 01: +0,117.633,23
Jun 01 2015 01: +0,118.274,22
Jun 02 2015 01: +0,116.545,27
Jun 03 2015 01: +0,121.876,22
Jun 04 2015 01: +0,121.338,15
Jun 05 2015 01: +0,116.404,26
Jun 06 2015 01: +0,112.074,22
Jun 07 2015 01: +0,112.722,23
Jun 08 2015 01: +0,116.913,26
Jun 09 2015 01: +0,116.394,28
Jun 10 2015 01: +0,116.723,22
Jun 11 2015 01: +0,114.491,21
Jun 12 2015 01: +0,117.081,25
Jun 13 2015 01: +0,116.681,26
Jun 14 2015 01: +0,116.381,16
Jun 15 2015 01: +0,113.645,27
Jun 16 2015 01: +0,113.426,20
Jun 17 2015 01: +0,116.242,27
Jun 18 2015 01: +0,113.432,20
Jun 19 2015 01: +0,110.063,28
Jun 20 2015 01: +0,114.912,24
Jun 21 2015 01: +0,111.31,32
Jun 22 2015 01: +0,114.835,22
Jun 23 2015 01: +0,115.221,24
Jun 24 2015 01: +0,117.281,15
Jun 25 2015 01: +0,120.858,22
Jun 26 2015 01: +0,120.443,31
Jun 27 2015 01: +0,123.538,18
Jun 28 2015 01: +0,117.826,23
Jun 29 2015 01: +0,124.069,20
Jun 30 2015 01: +0,125.653,25
Jul 01 2015 01: +0,129.153,18
Jul 02 2015 01: +0,127.838,21
Jul 03 2015 01: +0,126.497,22
Jul 04 2015 01: +0,126.841,17
Jul 05 2015 01: +0,125.703,15
Jul 06 2015 01: +0,122.799,22
Jul 07 2015 01: +0,128.523,20
Jul 08 2015 01: +0,119.866,21
Jul 09 2015 01: +0,115.358,20
Jul 10 2015 01: +0,124.765,22
Jul 11 2015 01: +0,123.326,26
Jul 12 2015 01: +0,126.589,15
Jul 13 2015 01: +0,128.05,18
Jul 14 2015 01: +0,124.351,20
Jul 15 2015 01: +0,122.828,26
Jul 16 2015 01: +0,120.847,22
Jul 17 2015 01: +0,124.102,27
Jul 18 2015 01: +0,123.412,20
Jul 19 2015 01: +0,126.379,15
Jul 20 2015 01: +0,122.87,17
Jul 21 2015 01: +0,125.751,20
Jul 22 2015 01: +0,124.646,20
Jul 23 2015 01: +0,127.037,18
Jul 24 2015 01: +0,119.098,21
Jul 25 2015 01: +0,131.42,11
Jul 26 2015 01: +0,124.725,15
Jul 27 2015 01: +0,125.735,25
Jul 28 2015 01: +0,123.18,21
Jul 29 2015 01: +0,127.928,18
Jul 30 2015 01: +0,124.751,25
Jul 31 2015 01: +0,132.445,24
Aug 01 2015 01: +0,130.595,15
Aug 02 2015 01: +0,128.664,21
Aug 03 2015 01: +0,133.912,18
Aug 04 2015 01: +0,128.559,13
Aug 05 2015 01: +0,129.597,21
Aug 06 2015 01: +0,129.612,19
Aug 07 2015 01: +0,123.453,18
Aug 08 2015 01: +0,131.169,22
Aug 09 2015 01: +0,129.244,18
Aug 10 2015 01: +0,115.935,20
Aug 11 2015 01: +0,126.919,19
Aug 12 2015 01: +0,126.33,15
Aug 13 2015 01: +0,127.62,20
Aug 14 2015 01: +0,128.691,17
Aug 15 2015 01: +0,117.302,23
Aug 16 2015 01: +0,119.123,14
Aug 17 2015 01: +0,118.879,23
Aug 18 2015 01: +0,120.304,15
Aug 19 2015 01: +0,116.157,13
Aug 20 2015 01: +0,114.8,28
Aug 21 2015 01: +0,116.682,30
Aug 22 2015 01: +0,116.112,18
Aug 23 2015 01: +0,118.349,15
Aug 24 2015 01: +0,119.586,20
Aug 25 2015 01: +0,126.02,26
Aug 26 2015 01: +0,121.014,18
Aug 27 2015 01: +0,127.368,24
Aug 28 2015 01: +0,131.625,23
Aug 29 2015 01: +0,131.695,21
Aug 30 2015 01: +0,126.437,19
Aug 31 2015 01: +0,134.156,25
Sep 01 2015 01: +0,135.417,19
Sep 02 2015 01: +0,135.844,20
Sep 03 2015 01: +0,136.619,13
Sep 04 2015 01: +0,136.198,14
Sep 05 2015 01: +0,133.141,16
Sep 06 2015 01: +0,134.482,20
Sep 07 2015 01: +0,133.049,20
Sep 08 2015 01: +0,132.258,19
Sep 09 2015 01: +0,131.326,16
Sep 10 2015 01: +0,133.527,20
Sep 11 2015 01: +0,142.068,17
Sep 12 2015 01: +0,134.914,20
Sep 13 2015 01: +0,131.925,20
Sep 14 2015 01: +0,136.188,21
Sep 15 2015 01: +0,136.41,15
Sep 16 2015 01: +0,139.564,18
Sep 17 2015 01: +0,127.925,12
Sep 18 2015 01: +0,136.437,23
Sep 19 2015 01: +0,135.328,25
Sep 20 2015 01: +0,129.224,13
Sep 21 2015 01: +0,128.727,17
Sep 22 2015 01: +0,132.16,12
Sep 23 2015 01: +0,131.459,13
Sep 24 2015 01: +0,134.139,16
Sep 25 2015 01: +0,132.552,16
Sep 26 2015 01: +0,134.473,23
Sep 27 2015 01: +0,129.944,20
Sep 28 2015 01: +0,133.827,16
Sep 29 2015 01: +0,135.96,18
Sep 30 2015 01: +0,131.378,24
Oct 01 2015 01: +0,140.759,14
Oct 02 2015 01: +0,140.189,21
Oct 03 2015 01: +0,137.872,22
Oct 04 2015 01: +0,134.712,16
Oct 05 2015 01: +0,134.815,25
Oct 06 2015 01: +0,142.841,9
Oct 07 2015 01: +0,140.754,15
Oct 08 2015 01: +0,134.889,7
Oct 09 2015 01: +0,140.42,24
Oct 10 2015 01: +0,146.279,16
Oct 11 2015 01: +0,137.655,22
Oct 12 2015 01: +0,144.484,10
Oct 13 2015 01: +0,142.655,12
Oct 14 2015 01: +0,138.177,14
Oct 15 2015 01: +0,140.745,12
Oct 16 2015 01: +0,141.52,18
Oct 17 2015 01: +0,140.396,22
Oct 18 2015 01: +0,137.414,15
Oct 19 2015 01: +0,139.107,13
Oct 20 2015 01: +0,144.425,9
Oct 21 2015 01: +0,135.793,7
Oct 22 2015 01: +0,133.77,16
Oct 23 2015 01: +0,137.969,13
Oct 24 2015 01: +0,131.736,18
Oct 25 2015 01: +0,130.945,21
Oct 26 2015 01: +0,132.8,16
Oct 27 2015 01: +0,130.839,15
Oct 28 2015 01: +0,131.484,19
Oct 29 2015 01: +0,128.023,12
Oct 30 2015 01: +0,131.127,21
Oct 31 2015 01: +0,130.332,16
Nov 01 2015 01: +0,126.745,24
Nov 02 2015 01: +0,128.452,26
Nov 03 2015 01: +0,129.205,16
Nov 04 2015 01: +0,124.16,21
Nov 05 2015 01: +0,129.441,21
Nov 06 2015 01: +0,127.886,19
Nov 07 2015 01: +0,126.884,23
Nov 08 2015 01: +0,129.436,16
Nov 09 2015 01: +0,126.091,10
Nov 10 2015 01: +0,123.268,17
Nov 11 2015 01: +0,121.979,14
Nov 12 2015 01: +0,123.868,11
Nov 13 2015 01: +0,126.774,15
Nov 14 2015 01: +0,122.536,17
Nov 15 2015 01: +0,118.608,19
Nov 16 2015 01: +0,119.259,17
Nov 17 2015 01: +0,117.199,16
Nov 18 2015 01: +0,120.076,17
Nov 19 2015 01: +0,119.814,15
Nov 20 2015 01: +0,124.436,17
Nov 21 2015 01: +0,123.124,20
Nov 22 2015 01: +0,124.259,12
Nov 23 2015 01: +0,120.671,14
Nov 24 2015 01: +0,121.343,16
Nov 25 2015 01: +0,127.043,22
Nov 26 2015 01: +0,120.801,22
Nov 27 2015 01: +0,123.988,28
Nov 28 2015 01: +0,121.48,22
Nov 29 2015 01: +0,122.076,13
Nov 30 2015 01: +0,117.376,24
Dec 01 2015 01: +0,119.416,22
Dec 02 2015 01: +0,125.712,9
Dec 03 2015 01: +0,125.482,20
Dec 04 2015 01: +0,124.813,23
Dec 05 2015 01: +0,129.12,24
Dec 06 2015 01: +0,124.023,21
Dec 07 2015 01: +0,129.001,16
Dec 08 2015 01: +0,130.33,19
Dec 09 2015 01: +0,128.064,17
Dec 10 2015 01: +0,127.926,18
Dec 11 2015 01: +0,126.286,20
Dec 12 2015 01: +0,123.848,27
Dec 13 2015 01: +0,129.686,19
Dec 14 2015 01: +0,129.505,16
Dec 15 2015 01: +0,124.422,17
Dec 16 2015 01: +0,123.177,22
Dec 17 2015 01: +0,125.412,15
Dec 18 2015 01: +0,128.614,18
Dec 19 2015 01: +0,127.749,13
Dec 20 2015 01: +0,122.593,14
Dec 21 2015 01: +0,123.992,27
Dec 22 2015 01: +0,124.649,19
Dec 23 2015 01: +0,121.765,18
Dec 24 2015 01: +0,123.913,40
Dec 25 2015 01: +0,132.869,41
Dec 26 2015 01: +0,138.059,41
Dec 27 2015 01: +0,133.729,36
Dec 28 2015 01: +0,140.127,43
Dec 29 2015 01: +0,136.97,37
Dec 30 2015 01: +0,142.424,23
Dec 31 2015 01: +0,140.061,23
Jan 01 2016 01: +0,135.173,18
Jan 02 2016 01: +0,132.17,24
Jan 03 2016 01: +0,131.421,17
Jan 04 2016 01: +0,129.864,20
Jan 05 2016 01: +0,132.622,16
Jan 06 2016 01: +0,128.902,19
Jan 07 2016 01: +0,129.588,16
Jan 08 2016 01: +0,134.164,17
Jan 09 2016 01: +0,134.174,13
Jan 10 2016 01: +0,132.387,14
Jan 11 2016 01: +0,128.931,19
Jan 12 2016 01: +0,132.572,13
Jan 13 2016 01: +0,133.35,14
Jan 14 2016 01: +0,129.245,19
Jan 15 2016 01: +0,133.625,22
Jan 16 2016 01: +0,131.724,13
Jan 17 2016 01: +0,132.184,16
Jan 18 2016 01: +0,131.495,20
Jan 19 2016 01: +0,134.277,6
Jan 20 2016 01: +0,130.418,11
Jan 21 2016 01: +0,129.522,12
Jan 22 2016 01: +0,128.972,19
Jan 23 2016 01: +0,128.162,13
Jan 24 2016 01: +0,123.789,24
Jan 25 2016 01: +0,129.781,12
Jan 26 2016 01: +0,129.313,15
Jan 27 2016 01: +0,125.625,13
Jan 28 2016 01: +0,126.68,15
Jan 29 2016 01: +0,127.282,15
Jan 30 2016 01: +0,123.018,21
Jan 31 2016 01: +0,125.939,17
Feb 01 2016 01: +0,128.364,20
Feb 02 2016 01: +0,128.341,11
Feb 03 2016 01: +0,125.08,16
Feb 04 2016 01: +0,132.12,12
Feb 05 2016 01: +0,129.937,11
Feb 06 2016 01: +0,124.334,21
Feb 07 2016 01: +0,118.011,15
Feb 08 2016 01: +0,117.711,18
Feb 09 2016 01: +0,116.5,10
Feb 10 2016 01: +0,118.161,17
Feb 11 2016 01: +0,118.542,16
Feb 12 2016 01: +0,118.199,18
Feb 13 2016 01: +0,117.017,22
Feb 14 2016 01: +0,119.833,20
Feb 15 2016 01: +0,121.665,19
Feb 16 2016 01: +0,118.745,14
Feb 17 2016 01: +0,122.442,12
Feb 18 2016 01: +0,117.29,19
Feb 19 2016 01: +0,116.358,19
Feb 20 2016 01: +0,119.889,31
Feb 21 2016 01: +0,117.259,16
Feb 22 2016 01: +0,119.6,16
Feb 23 2016 01: +0,119.584,17
Feb 24 2016 01: +0,119.298,10
Feb 25 2016 01: +0,119.69,15
Feb 26 2016 01: +0,123.267,15
Feb 27 2016 01: +0,118.285,24
Feb 28 2016 01: +0,121.325,15
Feb 29 2016 01: +0,124.725,18
Mar 01 2016 01: +0,126.39,20
Mar 02 2016 01: +0,127.348,12
Mar 03 2016 01: +0,120.979,11
Mar 04 2016 01: +0,124.952,20
Mar 05 2016 01: +0,126.725,12
Mar 06 2016 01: +0,129.197,20
Mar 07 2016 01: +0,120.491,18
Mar 08 2016 01: +0,122.679,17
Mar 09 2016 01: +0,122.137,17
Mar 10 2016 01: +0,122.885,20
Mar 11 2016 01: +0,129.226,17
Mar 12 2016 01: +0,127.336,21
Mar 13 2016 01: +0,126.202,23
Mar 14 2016 01: +0,129.172,13
Mar 15 2016 01: +0,131.228,13
Mar 16 2016 01: +0,126.742,10
Mar 17 2016 01: +0,125.093,14
Mar 18 2016 01: +0,119.087,26
Mar 19 2016 01: +0,126.542,27
Mar 20 2016 01: +0,131.935,14
Mar 21 2016 01: +0,125.528,18
Mar 22 2016 01: +0,131.629,13
Mar 23 2016 01: +0,134.862,10
Mar 24 2016 01: +0,130.824,13
Mar 25 2016 01: +0,131.946,18
Mar 26 2016 01: +0,129.98,21
Mar 27 2016 01: +0,127.748,20
Mar 28 2016 01: +0,129.171,11
Mar 29 2016 01: +0,131.614,18
Mar 30 2016 01: +0,129.705,15
Mar 31 2016 01: +0,134.801,15
Apr 01 2016 01: +0,140.712,21
Apr 02 2016 01: +0,140.541,23
Apr 03 2016 01: +0,137.395,22
Apr 04 2016 01: +0,134.723,19
Apr 05 2016 01: +0,138.365,24
Apr 06 2016 01: +0,142.333,10
Apr 07 2016 01: +0,142.249,16
Apr 08 2016 01: +0,144.072,17
Apr 09 2016 01: +0,138.245,15
Apr 10 2016 01: +0,133.599,13
Apr 11 2016 01: +0,138.644,21
Apr 12 2016 01: +0,141.342,19
Apr 13 2016 01: +0,142.65,14
Apr 14 2016 01: +0,140.243,16
Apr 15 2016 01: +0,148.922,10
Apr 16 2016 01: +0,145.469,20
Apr 17 2016 01: +0,143.74,14
Apr 18 2016 01: +0,137.503,14
Apr 19 2016 01: +0,137.811,16
Apr 20 2016 01: +0,139.258,15
Apr 21 2016 01: +0,139.667,14
Apr 22 2016 01: +0,139.934,19
Apr 23 2016 01: +0,137.038,15
Apr 24 2016 01: +0,137.249,16
Apr 25 2016 01: +0,139.833,25
Apr 26 2016 01: +0,142.64,11
Apr 27 2016 01: +0,139.937,14
Apr 28 2016 01: +0,141.223,16
Apr 29 2016 01: +0,139.693,15
Apr 30 2016 01: +0,141.12,17
May 01 2016 01: +0,141.683,15
May 02 2016 01: +0,145.692,16
May 03 2016 01: +0,140.984,18
May 04 2016 01: +0,140.885,18
May 05 2016 01: +0,143.175,17
May 06 2016 01: +0,146.048,19
May 07 2016 01: +0,151.069,12
May 08 2016 01: +0,148.247,10
May 09 2016 01: +0,145.352,16
May 10 2016 01: +0,145.681,13
May 11 2016 01: +0,148.343,8
May 12 2016 01: +0,150.361,5
May 13 2016 01: +0,147.787,13
May 14 2016 01: +0,149.59,14
May 15 2016 01: +0,140.983,14
May 16 2016 01: +0,139.351,8
May 17 2016 01: +0,137.331,8
May 18 2016 01: +0,139.549,7
May 19 2016 01: +0,135.878,10
May 20 2016 01: +0,131.876,9
May 21 2016 01: +0,134.985,12
May 22 2016 01: +0,135.613,7
May 23 2016 01: +0,137.639,10
May 24 2016 01: +0,134.717,11
May 25 2016 01: +0,134.619,12
May 26 2016 01: +0,133.96,5
May 27 2016 01: +0,129.545,18
May 28 2016 01: +0,131.605,14
May 29 2016 01: +0,134.625,9
May 30 2016 01: +0,129.936,10
May 31 2016 01: +0,134.991,6
Jun 01 2016 01: +0,131.851,12
Jun 02 2016 01: +0,132.857,11
Jun 03 2016 01: +0,131.241,15
Jun 04 2016 01: +0,124.221,17
Jun 05 2016 01: +0,127.051,7
Jun 06 2016 01: +0,131.508,12
Jun 07 2016 01: +0,128.192,17
Jun 08 2016 01: +0,128.651,16
Jun 09 2016 01: +0,134.18,13
Jun 10 2016 01: +0,131.836,9
Jun 11 2016 01: +0,130.986,13
Jun 12 2016 01: +0,130.06,9
Jun 13 2016 01: +0,110.957,11
Jun 14 2016 01: +0,126.02,15
Jun 15 2016 01: +0,130.225,9
Jun 16 2016 01: +0,127.156,10
Jun 17 2016 01: +0,127.974,11
Jun 18 2016 01: +0,122.121,11
Jun 19 2016 01: +0,121.56,12
Jun 20 2016 01: +0,120.187,14
Jun 21 2016 01: +0,118.4,9
Jun 22 2016 01: +0,117.614,13
Jun 23 2016 01: +0,112.86,20
Jun 24 2016 01: +0,106.878,28
Jun 25 2016 01: +0,105.156,21
Jun 26 2016 01: +0,105.035,24
Jun 27 2016 01: +0,103.575,20
Jun 28 2016 01: +0,102.81,23
Jun 29 2016 01: +0,99.908,25
Jun 30 2016 01: +0,103.136,28
Jul 01 2016 01: +0,98.636,23
Jul 02 2016 01: +0,101.219,23
Jul 03 2016 01: +0,98.29,22
Jul 04 2016 01: +0,102.266,19
Jul 05 2016 01: +0,106.909,22
Jul 06 2016 01: +0,107.415,25
Jul 07 2016 01: +0,111.174,21
Jul 08 2016 01: +0,112.884,16
Jul 09 2016 01: +0,111.316,24
Jul 10 2016 01: +0,110.755,19
Jul 11 2016 01: +0,111.684,12
Jul 12 2016 01: +0,113.738,15
Jul 13 2016 01: +0,119.42,14
Jul 14 2016 01: +0,106.633,31
Jul 15 2016 01: +0,107.764,17
Jul 16 2016 01: +0,108.003,17
Jul 17 2016 01: +0,111.112,17
Jul 18 2016 01: +0,107.783,21
Jul 19 2016 01: +0,111.294,19
Jul 20 2016 01: +0,109.558,15
Jul 21 2016 01: +0,111.864,19
Jul 22 2016 01: +0,111.729,19
Jul 23 2016 01: +0,104.775,14
Jul 24 2016 01: +0,106.082,7
Jul 25 2016 01: +0,105.79,12
Jul 26 2016 01: +0,104.65,12
Jul 27 2016 01: +0,109.601,14
Jul 28 2016 01: +0,109.936,15
Jul 29 2016 01: +0,113.078,12
Jul 30 2016 01: +0,111.483,17
Jul 31 2016 01: +0,108.252,13
Aug 01 2016 01: +0,107.604,12
Aug 02 2016 01: +0,108.891,13
Aug 03 2016 01: +0,107.52,12
Aug 04 2016 01: +0,108.473,15
Aug 05 2016 01: +0,110.511,10
Aug 06 2016 01: +0,104.071,17
Aug 07 2016 01: +0,101.105,11
Aug 08 2016 01: +0,104.589,17
Aug 09 2016 01: +0,104.607,15
Aug 10 2016 01: +0,102.973,10
Aug 11 2016 01: +0,100.858,13
Aug 12 2016 01: +0,99.28,23
Aug 13 2016 01: +0,99.376,17
Aug 14 2016 01: +0,96.118,16
Aug 15 2016 01: +0,99.049,26
Aug 16 2016 01: +0,97.366,18
Aug 17 2016 01: +0,101.506,22
Aug 18 2016 01: +0,100.965,10
Aug 19 2016 01: +0,95.881,16
Aug 20 2016 01: +0,94.771,22
Aug 21 2016 01: +0,94.663,24
Aug 22 2016 01: +0,92.84,23
Aug 23 2016 01: +0,94.067,20
Aug 24 2016 01: +0,96.558,17
Aug 25 2016 01: +0,94.912,16
Aug 26 2016 01: +0,96.209,15
Aug 27 2016 01: +0,95.84,20
Aug 28 2016 01: +0,99.851,19
Aug 29 2016 01: +0,96.668,25
Aug 30 2016 01: +0,96.217,24
Aug 31 2016 01: +0,98.048,20
Sep 01 2016 01: +0,103.232,17
Sep 02 2016 01: +0,97.972,18
Sep 03 2016 01: +0,98.726,25
Sep 04 2016 01: +0,98.258,32
Sep 05 2016 01: +0,95.909,26
Sep 06 2016 01: +0,101.404,19
Sep 07 2016 01: +0,104.92,10
Sep 08 2016 01: +0,104.027,11
Sep 09 2016 01: +0,102.558,11
Sep 10 2016 01: +0,101.531,21
Sep 11 2016 01: +0,99.533,14
Sep 12 2016 01: +0,100.273,20
Sep 13 2016 01: +0,100.682,12
Sep 14 2016 01: +0,101.35,10
Sep 15 2016 01: +0,101.83,8
Sep 16 2016 01: +0,102.353,22
Sep 17 2016 01: +0,102.445,18
Sep 18 2016 01: +0,100.88,20
Sep 19 2016 01: +0,99.206,16
Sep 20 2016 01: +0,98.766,10
Sep 21 2016 01: +0,99.068,16
Sep 22 2016 01: +0,101.984,14
Sep 23 2016 01: +0,101.227,22
Sep 24 2016 01: +0,106.057,6
Sep 25 2016 01: +0,101.346,14
Sep 26 2016 01: +0,100.199,14
Sep 27 2016 01: +0,100.146,12
Sep 28 2016 01: +0,105.521,5
Sep 29 2016 01: +0,99.329,12
Sep 30 2016 01: +0,100.59,21
Oct 01 2016 01: +0,106.909,12
Oct 02 2016 01: +0,101.345,18
Oct 03 2016 01: +0,100.462,16
Oct 04 2016 01: +0,103.742,7
Oct 05 2016 01: +0,99.662,13
Oct 06 2016 01: +0,100.65,13
Oct 07 2016 01: +0,102.464,22
Oct 08 2016 01: +0,104.182,21
Oct 09 2016 01: +0,105.91,8
Oct 10 2016 01: +0,102.683,15
Oct 11 2016 01: +0,99.82,14
Oct 12 2016 01: +0,103.966,12
Oct 13 2016 01: +0,106.071,8
Oct 14 2016 01: +0,104.32,13
Oct 15 2016 01: +0,103.459,11
Oct 16 2016 01: +0,101.711,15
Oct 17 2016 01: +0,100.187,12
Oct 18 2016 01: +0,97.854,13
Oct 19 2016 01: +0,99.061,11
Oct 20 2016 01: +0,97.328,12
Oct 21 2016 01: +0,100.771,16
Oct 22 2016 01: +0,95.461,14
Oct 23 2016 01: +0,95.213,11
Oct 24 2016 01: +0,92.517,13
Oct 25 2016 01: +0,96.151,13
Oct 26 2016 01: +0,97.624,13
Oct 27 2016 01: +0,96.736,11
Oct 28 2016 01: +0,97.715,10
Oct 29 2016 01: +0,96.124,16
Oct 30 2016 01: +0,94.625,10
Oct 31 2016 01: +0,95.339,13
Nov 01 2016 01: +0,92.91,10
Nov 02 2016 01: +0,95.058,15
Nov 03 2016 01: +0,94.266,11
Nov 04 2016 01: +0,95.931,17
Nov 05 2016 01: +0,95.734,16
Nov 06 2016 01: +0,100.113,13
Nov 07 2016 01: +0,99.862,13
Nov 08 2016 01: +0,95.159,14
Nov 09 2016 01: +0,95.227,12
Nov 10 2016 01: +0,96.061,8
Nov 11 2016 01: +0,95.93,19
Nov 12 2016 01: +0,98.84,12
Nov 13 2016 01: +0,97.321,6
Nov 14 2016 01: +0,91.235,12
Nov 15 2016 01: +0,94.779,11
Nov 16 2016 01: +0,94.998,14
Nov 17 2016 01: +0,96.786,13
Nov 18 2016 01: +0,94.805,14
Nov 19 2016 01: +0,90.952,9
Nov 20 2016 01: +0,92.537,16
Nov 21 2016 01: +0,94.457,14
Nov 22 2016 01: +0,89.941,6
Nov 23 2016 01: +0,93.71,9
Nov 24 2016 01: +0,85.597,10
Nov 25 2016 01: +0,86.025,28
Nov 26 2016 01: +0,88.722,22
Nov 27 2016 01: +0,86.747,14
Nov 28 2016 01: +0,94.462,10
Nov 29 2016 01: +0,83.382,8
Nov 30 2016 01: +0,89.003,10
Dec 01 2016 01: +0,88.901,12
Dec 02 2016 01: +0,96.01,13
Dec 03 2016 01: +0,95.355,9
Dec 04 2016 01: +0,96.235,9
Dec 05 2016 01: +0,98.745,15
Dec 06 2016 01: +0,96.271,15
Dec 07 2016 01: +0,97.041,14
Dec 08 2016 01: +0,96.184,15
Dec 09 2016 01: +0,99.336,6
Dec 10 2016 01: +0,99.021,8
Dec 11 2016 01: +0,96.216,19
Dec 12 2016 01: +0,98.321,17
Dec 13 2016 01: +0,99.781,12
Dec 14 2016 01: +0,100.507,12
Dec 15 2016 01: +0,95.312,11
Dec 16 2016 01: +0,99.373,11
Dec 17 2016 01: +0,101.798,12
Dec 18 2016 01: +0,99.546,15
Dec 19 2016 01: +0,101.637,9
Dec 20 2016 01: +0,101.622,14
Dec 21 2016 01: +0,97.737,4
Dec 22 2016 01: +0,98.732,13
Dec 23 2016 01: +0,98.509,16
Dec 24 2016 01: +0,100.168,18
Dec 25 2016 01: +0,105.528,31
Dec 26 2016 01: +0,108.572,25
Dec 27 2016 01: +0,110.422,23
Dec 28 2016 01: +0,111.778,26
Dec 29 2016 01: +0,112.433,13
Dec 30 2016 01: +0,111.412,13
Dec 31 2016 01: +0,111.437,14
Jan 01 2017 01: +0,108.741,14
Jan 02 2017 01: +0,109.553,17
Jan 03 2017 01: +0,113.25,21
Jan 04 2017 01: +0,115.229,9
Jan 05 2017 01: +0,116.505,15
Jan 06 2017 01: +0,115.262,16
Jan 07 2017 01: +0,115.329,14
Jan 08 2017 01: +0,117.249,12
Jan 09 2017 01: +0,121.195,10
Jan 10 2017 01: +0,118.165,10
Jan 11 2017 01: +0,116.423,12
Jan 12 2017 01: +0,113.276,6
Jan 13 2017 01: +0,116.783,15
Jan 14 2017 01: +0,119.402,9
Jan 15 2017 01: +0,114.56,11
Jan 16 2017 01: +0,110.229,16
Jan 17 2017 01: +0,117.563,11
Jan 18 2017 01: +0,115.32,6
Jan 19 2017 01: +0,114.188,13
Jan 20 2017 01: +0,112.472,11
Jan 21 2017 01: +0,117.488,9
Jan 22 2017 01: +0,116.95,17
Jan 23 2017 01: +0,117.843,8
Jan 24 2017 01: +0,125.809,4
Jan 25 2017 01: +0,114.985,11
Jan 26 2017 01: +0,114.852,14
Jan 27 2017 01: +0,119.039,18
Jan 28 2017 01: +0,124.081,14
Jan 29 2017 01: +0,115.49,12
Jan 30 2017 01: +0,123.899,12
Jan 31 2017 01: +0,122.748,15
Feb 01 2017 01: +0,122.048,11
Feb 02 2017 01: +0,123.791,10
Feb 03 2017 01: +0,121.713,17
Feb 04 2017 01: +0,128.847,14
Feb 05 2017 01: +0,130.29,14
Feb 06 2017 01: +0,131.125,7
Feb 07 2017 01: +0,126.418,6
Feb 08 2017 01: +0,128.849,8
Feb 09 2017 01: +0,126.623,8
Feb 10 2017 01: +0,124.747,12
Feb 11 2017 01: +0,127.416,14
Feb 12 2017 01: +0,125.215,11
Feb 13 2017 01: +0,122.495,11
Feb 14 2017 01: +0,126.146,6
Feb 15 2017 01: +0,127.96,7
Feb 16 2017 01: +0,129.205,8
Feb 17 2017 01: +0,126.517,9
Feb 18 2017 01: +0,125.865,10
Feb 19 2017 01: +0,118.603,9
Feb 20 2017 01: +0,122.088,9
Feb 21 2017 01: +0,122.713,13
Feb 22 2017 01: +0,122.198,9
Feb 23 2017 01: +0,124.459,12
Feb 24 2017 01: +0,125.78,16
Feb 25 2017 01: +0,126.844,9
Feb 26 2017 01: +0,117.909,8
Feb 27 2017 01: +0,125.675,16
Feb 28 2017 01: +0,122.588,10
Mar 01 2017 01: +0,130.836,12
Mar 02 2017 01: +0,124.378,10
Mar 03 2017 01: +0,132.193,7
Mar 04 2017 01: +0,132.264,8
Mar 05 2017 01: +0,129.448,10
Mar 06 2017 01: +0,133.893,10
Mar 07 2017 01: +0,120.445,5
Mar 08 2017 01: +0,133.504,6
Mar 09 2017 01: +0,126.411,9
Mar 10 2017 01: +0,128.548,13
Mar 11 2017 01: +0,128.849,6
Mar 12 2017 01: +0,127.766,13
Mar 13 2017 01: +0,129.9,11
Mar 14 2017 01: +0,131.383,6
Mar 15 2017 01: +0,128.507,6
Mar 16 2017 01: +0,129.005,13
Mar 17 2017 01: +0,128.716,11
Mar 18 2017 01: +0,127.348,8
Mar 19 2017 01: +0,126.358,8
Mar 20 2017 01: +0,126.252,6
Mar 21 2017 01: +0,128.401,10
Mar 22 2017 01: +0,126.497,7
Mar 23 2017 01: +0,124.2,4
Mar 24 2017 01: +0,129.19,13
Mar 25 2017 01: +0,126.778,7
Mar 26 2017 01: +0,121.839,9
Mar 27 2017 01: +0,119.932,5
Mar 28 2017 01: +0,123.144,8
Mar 29 2017 01: +0,123.88,7
Mar 30 2017 01: +0,128.59,9
Mar 31 2017 01: +0,127.344,9
Apr 01 2017 01: +0,126.823,10
Apr 02 2017 01: +0,124.197,13
Apr 03 2017 01: +0,124.661,15
Apr 04 2017 01: +0,125.342,7
Apr 05 2017 01: +0,129.939,5
Apr 06 2017 01: +0,126.333,6
Apr 07 2017 01: +0,127.667,6
Apr 08 2017 01: +0,128.127,9
Apr 09 2017 01: +0,129.753,10
Apr 10 2017 01: +0,128.348,9
Apr 11 2017 01: +0,126.236,9
Apr 12 2017 01: +0,125.418,7
Apr 13 2017 01: +0,129.419,12
Apr 14 2017 01: +0,123.079,8
Apr 15 2017 01: +0,124.857,11
Apr 16 2017 01: +0,125.687,14
Apr 17 2017 01: +0,127.614,10
Apr 18 2017 01: +0,128.702,12
Apr 19 2017 01: +0,130.254,13
Apr 20 2017 01: +0,126.499,8
Apr 21 2017 01: +0,129.329,4
Apr 22 2017 01: +0,132.03,7
Apr 23 2017 01: +0,132.145,6
Apr 24 2017 01: +0,125.747,7
Apr 25 2017 01: +0,128.417,9
Apr 26 2017 01: +0,130.405,10
Apr 27 2017 01: +0,126.676,10
Apr 28 2017 01: +0,126.843,10
Apr 29 2017 01: +0,132.193,9
Apr 30 2017 01: +0,129.184,10
May 01 2017 01: +0,126.253,11
May 02 2017 01: +0,125.169,8
May 03 2017 01: +0,122.329,10
May 04 2017 01: +0,126.82,6
May 05 2017 01: +0,130.486,14
May 06 2017 01: +0,123.85,11
May 07 2017 01: +0,127.866,10
May 08 2017 01: +0,126.094,12
May 09 2017 01: +0,126.647,7
May 10 2017 01: +0,126.287,7
May 11 2017 01: +0,130.773,10
May 12 2017 01: +0,125.389,7
May 13 2017 01: +0,126.897,8
May 14 2017 01: +0,130.208,9
May 15 2017 01: +0,127.904,10
May 16 2017 01: +0,129.649,8
May 17 2017 01: +0,132.364,6
May 18 2017 01: +0,123.624,9
May 19 2017 01: +0,136.951,9
May 20 2017 01: +0,126.254,10
May 21 2017 01: +0,131.333,5
May 22 2017 01: +0,127.253,9
May 23 2017 01: +0,129.117,14
May 24 2017 01: +0,128.746,14
May 25 2017 01: +0,128.249,8
May 26 2017 01: +0,127.211,9
May 27 2017 01: +0,126.337,15
May 28 2017 01: +0,131.274,7
May 29 2017 01: +0,132.571,7
May 30 2017 01: +0,135.735,6
May 31 2017 01: +0,130.154,5
Jun 01 2017 01: +0,133.788,10
Jun 02 2017 01: +0,136.804,11
Jun 03 2017 01: +0,136.341,8
Jun 04 2017 01: +0,131.6,5
Jun 05 2017 01: +0,131.233,9
Jun 06 2017 01: +0,138.354,6
Jun 07 2017 01: +0,140.6,3
Jun 08 2017 01: +0,130.938,7
Jun 09 2017 01: +0,133.8,8
Jun 10 2017 01: +0,136.556,11
Jun 11 2017 01: +0,125.611,6
Jun 12 2017 01: +0,131.357,5
Jun 13 2017 01: +0,133.159,9
Jun 14 2017 01: +0,133.279,6
Jun 15 2017 01: +0,127.184,7
Jun 16 2017 01: +0,129.596,12
Jun 17 2017 01: +0,132.753,9
Jun 18 2017 01: +0,133.212,4
Jun 19 2017 01: +0,129.403,8
Jun 20 2017 01: +0,131.095,7
Jun 21 2017 01: +0,121.403,7
Jun 22 2017 01: +0,122.323,6
Jun 23 2017 01: +0,124.064,10
Jun 24 2017 01: +0,121.882,6
Jun 25 2017 01: +0,118.227,6
Jun 26 2017 01: +0,121.64,8
Jun 27 2017 01: +0,121.577,5
Jun 28 2017 01: +0,126.676,6
Jun 29 2017 01: +0,126.612,2
Jun 30 2017 01: +0,122.572,6
Jul 01 2017 01: +0,120.242,7
Jul 02 2017 01: +0,124.08,4
Jul 03 2017 01: +0,123.471,11
Jul 04 2017 01: +0,125.821,8
Jul 05 2017 01: +0,126.44,10
Jul 06 2017 01: +0,129.992,7
Jul 07 2017 01: +0,127.277,7
Jul 08 2017 01: +0,127.135,9
Jul 09 2017 01: +0,129.596,4
Jul 10 2017 01: +0,127.633,6
Jul 11 2017 01: +0,130.133,10
Jul 12 2017 01: +0,125.512,9
Jul 13 2017 01: +0,130.207,4
Jul 14 2017 01: +0,132.891,7
Jul 15 2017 01: +0,131.995,6
Jul 16 2017 01: +0,132.968,9
Jul 17 2017 01: +0,131.466,6
Jul 18 2017 01: +0,135.426,9
Jul 19 2017 01: +0,137.719,4
Jul 20 2017 01: +0,134.621,3
Jul 21 2017 01: +0,133.041,12
Jul 22 2017 01: +0,129.68,6
Jul 23 2017 01: +0,135.326,6
Jul 24 2017 01: +0,135.274,8
Jul 25 2017 01: +0,133.038,9
Jul 26 2017 01: +0,134.22,10
Jul 27 2017 01: +0,137.767,6
Jul 28 2017 01: +0,138.932,9
Jul 29 2017 01: +0,143.736,11
Jul 30 2017 01: +0,143.8,7
Jul 31 2017 01: +0,141.952,6
Aug 01 2017 01: +0,145.406,9
Aug 02 2017 01: +0,147.801,6
Aug 03 2017 01: +0,143.242,5
Aug 04 2017 01: +0,140.739,9
Aug 05 2017 01: +0,146.177,4
Aug 06 2017 01: +0,144.628,9
Aug 07 2017 01: +0,143.039,5
Aug 08 2017 01: +0,143.4,9
Aug 09 2017 01: +0,137.132,9
Aug 10 2017 01: +0,141.937,10
Aug 11 2017 01: +0,136.842,8
Aug 12 2017 01: +0,140.526,9
Aug 13 2017 01: +0,138.817,3
Aug 14 2017 01: +0,145.332,8
Aug 15 2017 01: +0,132.863,5
Aug 16 2017 01: +0,136.468,10
Aug 17 2017 01: +0,146.904,9
Aug 18 2017 01: +0,142.557,6
Aug 19 2017 01: +0,148.94,8
Aug 20 2017 01: +0,142.932,4
Aug 21 2017 01: +0,137.824,9
Aug 22 2017 01: +0,130.616,6
Aug 23 2017 01: +0,136.952,6
Aug 24 2017 01: +0,129.316,8
Aug 25 2017 01: +0,132.309,6
Aug 26 2017 01: +0,140.549,9
Aug 27 2017 01: +0,145.974,3
Aug 28 2017 01: +0,137.509,6
Aug 29 2017 01: +0,142.262,5
Aug 30 2017 01: +0,138.563,9
Aug 31 2017 01: +0,136.855,3
Sep 01 2017 01: +0,146.225,10
Sep 02 2017 01: +0,144.493,4
Sep 03 2017 01: +0,143.622,9
Sep 04 2017 01: +0,140.653,6
Sep 05 2017 01: +0,140.171,7
Sep 06 2017 01: +0,140.318,3
Sep 07 2017 01: +0,143.621,11
Sep 08 2017 01: +0,144.395,7
Sep 09 2017 01: +0,142.974,6
Sep 10 2017 01: +0,140.929,5
Sep 11 2017 01: +0,146.929,4
Sep 12 2017 01: +0,133.505,2
Sep 13 2017 01: +0,137.21,4
Sep 14 2017 01: +0,134.758,7
Sep 15 2017 01: +0,141.114,8
Sep 16 2017 01: +0,146.981,3
Sep 17 2017 01: +0,141.199,8
Sep 18 2017 01: +0,140.231,5
Sep 19 2017 01: +0,142.043,4
Sep 20 2017 01: +0,150.946,5
Sep 22 2017 01: +0,136.487,7
Sep 23 2017 01: +0,143.194,3
Sep 24 2017 01: +0,139.065,6
Sep 25 2017 01: +0,134.044,5
Sep 26 2017 01: +0,138.155,2
Sep 27 2017 01: +0,139.278,7
Sep 28 2017 01: +0,135.489,9
Sep 29 2017 01: +0,139.148,6
Sep 30 2017 01: +0,139.672,4
Oct 01 2017 01: +0,137.385,6
Oct 02 2017 01: +0,142.079,2
Oct 03 2017 01: +0,137.938,4
Oct 04 2017 01: +0,139.793,5
Oct 05 2017 01: +0,137.43,3
Oct 06 2017 01: +0,130.724,6
Oct 07 2017 01: +0,134.707,7
Oct 08 2017 01: +0,137.024,3
Oct 09 2017 01: +0,136.558,5
Oct 10 2017 01: +0,130.943,3
Oct 11 2017 01: +0,138.327,4
Oct 12 2017 01: +0,138.019,2
Oct 13 2017 01: +0,141.105,5
Oct 14 2017 01: +0,142.216,3
Oct 15 2017 01: +0,135.25,9
Oct 16 2017 01: +0,138.994,4
Oct 17 2017 01: +0,137.141,5
Oct 18 2017 01: +0,127.818,6
Oct 19 2017 01: +0,139.791,4
Oct 20 2017 01: +0,137.829,7
Oct 21 2017 01: +0,139.729,2
Oct 22 2017 01: +0,136.408,3
Oct 23 2017 01: +0,129.64,5
Oct 24 2017 01: +0,134.031,9
Oct 25 2017 01: +0,132.874,4
Oct 26 2017 01: +0,130.238,5
Oct 27 2017 01: +0,125.39,8
Oct 28 2017 01: +0,129.296,11
Oct 29 2017 01: +0,135.395,8
Oct 30 2017 01: +0,130.728,3
Oct 31 2017 01: +0,132.011,5
Nov 01 2017 01: +0,128.11,3
Nov 02 2017 01: +0,126.794,5
Nov 03 2017 01: +0,124.169,7
Nov 04 2017 01: +0,128.075,6
Nov 05 2017 01: +0,127.908,4
Nov 06 2017 01: +0,122.703,5
Nov 07 2017 01: +0,120.389,7
Nov 08 2017 01: +0,119.735,4
Nov 09 2017 01: +0,121.976,6
Nov 10 2017 01: +0,123.094,9
Nov 11 2017 01: +0,123.066,6
Nov 12 2017 01: +0,123.666,4
Nov 13 2017 01: +0,123.44,7
Nov 14 2017 01: +0,126.249,7
Nov 15 2017 01: +0,124.34,6
Nov 16 2017 01: +0,122.956,10
Nov 17 2017 01: +0,125.205,5
Nov 18 2017 01: +0,121.977,7
Nov 19 2017 01: +0,118.997,5
Nov 20 2017 01: +0,123.519,3
Nov 21 2017 01: +0,125.909,4
Nov 22 2017 01: +0,105.473,3
Nov 23 2017 01: +0,123.98,9
Nov 24 2017 01: +0,115.021,5
Nov 25 2017 01: +0,120.774,5
Nov 26 2017 01: +0,117.237,6
Nov 27 2017 01: +0,119.29,10
Nov 28 2017 01: +0,124.042,5
Nov 29 2017 01: +0,126.138,1
Nov 30 2017 01: +0,121.651,6
Dec 01 2017 01: +0,119.58,7
Dec 02 2017 01: +0,127.164,10
Dec 03 2017 01: +0,126.229,8
Dec 04 2017 01: +0,130.085,3
Dec 05 2017 01: +0,124.746,2
Dec 06 2017 01: +0,126.409,5
Dec 07 2017 01: +0,127.743,5
Dec 08 2017 01: +0,123.036,3
Dec 09 2017 01: +0,126.398,7
Dec 10 2017 01: +0,120.279,3
Dec 11 2017 01: +0,129.119,8
Dec 12 2017 01: +0,133.672,3
Dec 13 2017 01: +0,131.412,3
Dec 14 2017 01: +0,122.029,1
Dec 15 2017 01: +0,128.916,5
Dec 16 2017 01: +0,122.012,6
Dec 17 2017 01: +0,130.173,4
Dec 18 2017 01: +0,130.015,6
Dec 19 2017 01: +0,128.187,3
Dec 20 2017 01: +0,127.311,2
Dec 21 2017 01: +0,125.188,3
Dec 22 2017 01: +0,132.189,5
Dec 23 2017 01: +0,128.376,4
Dec 24 2017 01: +0,132.642,8
Dec 25 2017 01: +0,136.291,7
Dec 26 2017 01: +0,140.852,5
Dec 27 2017 01: +0,147.371,6
Dec 28 2017 01: +0,143.158,6
Dec 29 2017 01: +0,138.578,8
Dec 30 2017 01: +0,139.022,6
Dec 31 2017 01: +0,138.553,11
Jan 01 2018 01: +0,150.551,1
Jan 02 2018 01: +0,136.821,10
Jan 03 2018 01: +0,144.104,7
Jan 04 2018 01: +0,126.174,6
Jan 05 2018 01: +0,146.559,6
Jan 06 2018 01: +0,144.262,7
Jan 07 2018 01: +0,146.721,8
Jan 08 2018 01: +0,145.813,6
Jan 09 2018 01: +0,143.222,8
Jan 10 2018 01: +0,141.244,4
Jan 11 2018 01: +0,144.556,4
Jan 12 2018 01: +0,151.136,2
Jan 13 2018 01: +0,150.027,3
Jan 14 2018 01: +0,140.06,9
Jan 15 2018 01: +0,146.176,5
Jan 16 2018 01: +0,138.457,5
Jan 17 2018 01: +0,153.863,1
Jan 18 2018 01: +0,145.022,4
Jan 19 2018 01: +0,144.688,3
Jan 20 2018 01: +0,144.958,7
Jan 21 2018 01: +0,142.824,4
Jan 22 2018 01: +0,144.884,4
Jan 23 2018 01: +0,142.522,6
Jan 24 2018 01: +0,141.478,3
Jan 25 2018 01: +0,143.106,6
Jan 26 2018 01: +0,142.05,8
Jan 27 2018 01: +0,149.769,4
Jan 28 2018 01: +0,142.396,6
Jan 29 2018 01: +0,138.919,6
Jan 30 2018 01: +0,142.369,3
Jan 31 2018 01: +0,149.285,7
Feb 01 2018 01: +0,143.149,2
Feb 02 2018 01: +0,145.3,7
Feb 03 2018 01: +0,126.774,8
Feb 04 2018 01: +0,156.589,4
Feb 05 2018 01: +0,151.793,4
Feb 06 2018 01: +0,148.245,6
Feb 07 2018 01: +0,139.809,1
Feb 08 2018 01: +0,146.592,3
Feb 09 2018 01: +0,149.93,4
Feb 10 2018 01: +0,145.167,3
Feb 11 2018 01: +0,147.47,2
Feb 12 2018 01: +0,148.751,4
Feb 13 2018 01: +0,151.511,4
Feb 14 2018 01: +0,145.914,4
Feb 15 2018 01: +0,144.607,4
Feb 16 2018 01: +0,133.33,3
Feb 17 2018 01: +0,152.765,4
Feb 18 2018 01: +0,136.753,2
Feb 19 2018 01: +0,142.871,9
Feb 20 2018 01: +0,145.092,7
Feb 21 2018 01: +0,140.011,2
Feb 22 2018 01: +0,140.663,7
Feb 23 2018 01: +0,142.426,5
Feb 24 2018 01: +0,144.92,7
Feb 25 2018 01: +0,140.478,4
Feb 26 2018 01: +0,144.605,5
Feb 27 2018 01: +0,137.926,3
Feb 28 2018 01: +0,148.381,7
Mar 01 2018 01: +0,150.077,4
Mar 02 2018 01: +0,149.751,5
Mar 03 2018 01: +0,157.621,3
Mar 04 2018 01: +0,151.373,5
Mar 05 2018 01: +0,148.162,6
Mar 06 2018 01: +0,135.95,1
Mar 07 2018 01: +0,138.985,3
Mar 08 2018 01: +0,138.979,6
Mar 09 2018 01: +0,144.459,4
Mar 10 2018 01: +0,142.394,2
Mar 11 2018 01: +0,142.916,5
Mar 12 2018 01: +0,149.183,8
Mar 13 2018 01: +0,146.736,5
Mar 14 2018 01: +0,136.234,5
Mar 15 2018 01: +0,146.037,6
Mar 16 2018 01: +0,150.366,3
Mar 17 2018 01: +0,146.604,4
Mar 18 2018 01: +0,137.808,4
Mar 19 2018 01: +0,147.506,3
Mar 20 2018 01: +0,140.888,2
Mar 21 2018 01: +0,149.496,5
Mar 22 2018 01: +0,148.918,2
Mar 23 2018 01: +0,146.7,9
Mar 24 2018 01: +0,144.03,4
Mar 25 2018 01: +0,143.462,5
Mar 26 2018 01: +0,127.82,1
Mar 27 2018 01: +0,141.104,3
Mar 28 2018 01: +0,137.741,3
Mar 29 2018 01: +0,138.187,6
Mar 30 2018 01: +0,118.351,14
Mar 31 2018 01: +0,114.483,2
Apr 01 2018 01: +0,117.665,5
Apr 02 2018 01: +0,125.655,5
Apr 03 2018 01: +0,130.305,3
Apr 04 2018 01: +0,128.534,6
Apr 05 2018 01: +0,126.084,3
Apr 06 2018 01: +0,130.14,3
Apr 07 2018 01: +0,127.769,6
Apr 08 2018 01: +0,121.852,5
Apr 09 2018 01: +0,125.109,7
Apr 10 2018 01: +0,124.147,9
Apr 11 2018 01: +0,129.467,7
Apr 12 2018 01: +0,123.795,3
Apr 13 2018 01: +0,127.018,5
Apr 14 2018 01: +0,133.648,2
Apr 15 2018 01: +0,130.786,5
Apr 16 2018 01: +0,123.816,4
Apr 17 2018 01: +0,120.57,4
Apr 18 2018 01: +0,127.517,5
Apr 19 2018 01: +0,128.823,2
Apr 20 2018 01: +0,123.779,8
Apr 21 2018 01: +0,125.777,6
Apr 22 2018 01: +0,118.214,8
Apr 23 2018 01: +0,123.037,4
Apr 24 2018 01: +0,117.076,6
Apr 25 2018 01: +0,120.541,5
Apr 26 2018 01: +0,123.478,6
Apr 27 2018 01: +0,123.101,6
Apr 28 2018 01: +0,122.04,6
Apr 29 2018 01: +0,122.115,6
Apr 30 2018 01: +0,115.82,8
May 01 2018 01: +0,125.959,5
May 02 2018 01: +0,124.326,7
May 03 2018 01: +0,123.303,4
May 04 2018 01: +0,122.619,6
May 05 2018 01: +0,121.411,6
May 06 2018 01: +0,124.626,3
May 07 2018 01: +0,118.463,7
May 08 2018 01: +0,122.452,5
May 09 2018 01: +0,128.662,3
May 10 2018 01: +0,118.558,2
May 11 2018 01: +0,120.061,4
May 12 2018 01: +0,122.566,7
May 13 2018 01: +0,112.757,3
May 14 2018 01: +0,124.376,2
May 15 2018 01: +0,113.91,5
May 16 2018 01: +0,118.989,5
May 17 2018 01: +0,111.449,5
May 18 2018 01: +0,119.809,6
May 19 2018 01: +0,113.358,8
May 20 2018 01: +0,121.229,3
May 21 2018 01: +0,112.943,8
May 22 2018 01: +0,113.949,6
May 23 2018 01: +0,116.143,5
May 24 2018 01: +0,115.457,4
May 25 2018 01: +0,116.812,6
May 26 2018 01: +0,115.525,8
May 27 2018 01: +0,111.933,2
May 28 2018 01: +0,110.229,4
May 29 2018 01: +0,115.027,7
May 30 2018 01: +0,113.895,7
May 31 2018 01: +0,117.828,3
Jun 01 2018 01: +0,120.579,4
Jun 02 2018 01: +0,115.674,5
Jun 03 2018 01: +0,117.686,5
Jun 04 2018 01: +0,112.103,5
Jun 05 2018 01: +0,119.528,4
Jun 06 2018 01: +0,121.599,10
Jun 07 2018 01: +0,124.42,3
Jun 08 2018 01: +0,121.975,2
Jun 09 2018 01: +0,116.285,7
Jun 10 2018 01: +0,111.402,5
Jun 11 2018 01: +0,108.675,8
Jun 12 2018 01: +0,114.979,5
Jun 13 2018 01: +0,113.859,5
Jun 14 2018 01: +0,105.823,6
Jun 15 2018 01: +0,100.161,12
Jun 16 2018 01: +0,102.936,9
Jun 17 2018 01: +0,105.732,6
Jun 18 2018 01: +0,109.909,6
Jun 19 2018 01: +0,104.417,2
Jun 20 2018 01: +0,99.949,4
Jun 21 2018 01: +0,103.08,9
Jun 22 2018 01: +0,104.347,4
Jun 23 2018 01: +0,100.541,9
Jun 24 2018 01: +0,101.213,5
Jun 25 2018 01: +0,98.233,6
Jun 26 2018 01: +0,104.674,5
Jun 27 2018 01: +0,97.652,2
Jun 28 2018 01: +0,103.573,4
Jun 29 2018 01: +0,108.954,5
Jun 30 2018 01: +0,104.544,6
Jul 01 2018 01: +0,100.872,9
Jul 02 2018 01: +0,97.039,8
Jul 03 2018 01: +0,99.901,5
Jul 04 2018 01: +0,105.302,8
Jul 05 2018 01: +0,109.84,6
Jul 06 2018 01: +0,107.889,6
Jul 07 2018 01: +0,105.144,3
Jul 08 2018 01: +0,103.136,5
Jul 09 2018 01: +0,111.497,3
Jul 10 2018 01: +0,109.364,9
Jul 11 2018 01: +0,113.208,6
Jul 12 2018 01: +0,111.801,8
Jul 13 2018 01: +0,111.259,8
Jul 14 2018 01: +0,115.034,7
Jul 15 2018 01: +0,116.733,8
Jul 16 2018 01: +0,117.752,6
Jul 17 2018 01: +0,119.62,1
Jul 18 2018 01: +0,113.717,5
Jul 19 2018 01: +0,117.017,7
Jul 20 2018 01: +0,112.545,2
Jul 21 2018 01: +0,118.546,7
Jul 22 2018 01: +0,112.697,7
Jul 23 2018 01: +0,110.025,6
Jul 24 2018 01: +0,121.827,4
Jul 25 2018 01: +0,117.534,5
Jul 26 2018 01: +0,119.353,3
Jul 27 2018 01: +0,121.981,6
Jul 28 2018 01: +0,123.793,3
Jul 29 2018 01: +0,123.031,7
Jul 30 2018 01: +0,120.166,6
Jul 31 2018 01: +0,123.603,8
Aug 01 2018 01: +0,122.499,4
Aug 02 2018 01: +0,123.806,5
Aug 03 2018 01: +0,120.413,5
Aug 04 2018 01: +0,110.231,3
Aug 05 2018 01: +0,118.315,9
Aug 06 2018 01: +0,123.251,6
Aug 07 2018 01: +0,118.755,8
Aug 08 2018 01: +0,128.817,2
Aug 09 2018 01: +0,118.283,5
Aug 10 2018 01: +0,116.239,10
Aug 11 2018 01: +0,113.787,11
Aug 12 2018 01: +0,121.401,3
Aug 13 2018 01: +0,119.26,5
Aug 14 2018 01: +0,118.311,9
Aug 15 2018 01: +0,111.476,6
Aug 16 2018 01: +0,112.141,5
Aug 17 2018 01: +0,116.02,7
Aug 18 2018 01: +0,120.575,8
Aug 19 2018 01: +0,117.564,5
Aug 20 2018 01: +0,110.419,9
Aug 21 2018 01: +0,116.846,7
Aug 22 2018 01: +0,118.639,8
Aug 23 2018 01: +0,121.466,7
Aug 24 2018 01: +0,118.858,8
Aug 25 2018 01: +0,121.847,6
Aug 26 2018 01: +0,120.512,8
Aug 27 2018 01: +0,120.379,6
Aug 28 2018 01: +0,119.079,7
Aug 29 2018 01: +0,117.26,8
Aug 30 2018 01: +0,120.596,6
Aug 31 2018 01: +0,117.694,10
Sep 01 2018 01: +0,114.841,6
Sep 02 2018 01: +0,120.228,7
Sep 03 2018 01: +0,120.302,5
Sep 04 2018 01: +0,124.449,4
Sep 05 2018 01: +0,120.987,10
Sep 06 2018 01: +0,124.775,5
Sep 07 2018 01: +0,117.377,9
Sep 08 2018 01: +0,124.528,6
Sep 09 2018 01: +0,124.686,7
Sep 10 2018 01: +0,129.463,3
Sep 11 2018 01: +0,123.861,8
Sep 12 2018 01: +0,130.215,5
Sep 13 2018 01: +0,123.661,8
Sep 14 2018 01: +0,133.68,5
Sep 15 2018 01: +0,131.389,5
Sep 16 2018 01: +0,119.063,7
Sep 17 2018 01: +0,126.951,7
Sep 18 2018 01: +0,130.908,5
Sep 19 2018 01: +0,135.241,8
Sep 20 2018 01: +0,135.403,4
Sep 21 2018 01: +0,139.554,6
Sep 22 2018 01: +0,129.731,7
Sep 23 2018 01: +0,128.231,5
Sep 24 2018 01: +0,129.282,3
Sep 25 2018 01: +0,135.926,1
Sep 26 2018 01: +0,130.198,4
Sep 27 2018 01: +0,131.523,4
Sep 28 2018 01: +0,140.615,9
Sep 29 2018 01: +0,131.565,4
Sep 30 2018 01: +0,128.974,4
Oct 01 2018 01: +0,130.551,6
Oct 02 2018 01: +0,140.653,8
Oct 04 2018 01: +0,125.034,5
Oct 05 2018 01: +0,137.43,5
Oct 06 2018 01: +0,140.383,6
Oct 07 2018 01: +0,143.998,3
Oct 08 2018 01: +0,132.553,3
Oct 09 2018 01: +0,137.077,5
Oct 10 2018 01: +0,138.438,3
Oct 11 2018 01: +0,133.395,2
Oct 12 2018 01: +0,137.792,2
Oct 13 2018 01: +0,136.321,6
Oct 14 2018 01: +0,135.478,7
Oct 15 2018 01: +0,140.317,6
Oct 16 2018 01: +0,139.773,1
Oct 17 2018 01: +0,134.668,7
Oct 18 2018 01: +0,137.131,4
Oct 19 2018 01: +0,150.897,3
Oct 20 2018 01: +0,145.731,4
Oct 21 2018 01: +0,137.098,3
Oct 22 2018 01: +0,149.092,2
Oct 23 2018 01: +0,132.525,4
Oct 24 2018 01: +0,125.794,1
Oct 25 2018 01: +0,140.239,2
Oct 26 2018 01: +0,142.87,4
Oct 27 2018 01: +0,135.701,2
Oct 28 2018 01: +0,140.309,1
Oct 29 2018 01: +0,145.003,1
Oct 30 2018 01: +0,136.582,3
Oct 31 2018 01: +0,131.804,2
Nov 01 2018 01: +0,137.651,3
Nov 02 2018 01: +0,139.067,4
Nov 03 2018 01: +0,136.048,4
Nov 04 2018 01: +0,142.514,2
Nov 05 2018 01: +0,133.24,5
Nov 06 2018 01: +0,138.164,3
Nov 07 2018 01: +0,133.596,5
Nov 08 2018 01: +0,134.729,3
Nov 09 2018 01: +0,130.296,7
Nov 10 2018 01: +0,140.435,7
Nov 11 2018 01: +0,138.83,3
Nov 12 2018 01: +0,136.181,2
Nov 13 2018 01: +0,131.532,4
Nov 14 2018 01: +0,134.279,4
Nov 15 2018 01: +0,134.017,6
Nov 16 2018 01: +0,140.025,2
Nov 17 2018 01: +0,135.931,7
Nov 18 2018 01: +0,128.552,4
Nov 19 2018 01: +0,144.18,1
Nov 20 2018 01: +0,131.391,4
Nov 21 2018 01: +0,125.495,8
Nov 22 2018 01: +0,129.876,2
Nov 23 2018 01: +0,118.573,4
Nov 24 2018 01: +0,122.599,5
Nov 25 2018 01: +0,132.84,2
Nov 26 2018 01: +0,119.31,6
Nov 27 2018 01: +0,124.144,7
Nov 28 2018 01: +0,119.441,3
Nov 29 2018 01: +0,127.825,2
Nov 30 2018 01: +0,124.504,6
Dec 01 2018 01: +0,123.973,12
Dec 02 2018 01: +0,129.762,4
Dec 03 2018 01: +0,128.136,4
Dec 04 2018 01: +0,131.142,3
Dec 05 2018 01: +0,124.932,2
Dec 06 2018 01: +0,127.709,10
Dec 07 2018 01: +0,129.699,11
Dec 08 2018 01: +0,126.261,10
Dec 09 2018 01: +0,126.415,5
Dec 10 2018 01: +0,126.952,6
Dec 11 2018 01: +0,127.801,4
Dec 12 2018 01: +0,123.4,9
Dec 13 2018 01: +0,129.366,3
Dec 14 2018 01: +0,124.75,1
Dec 15 2018 01: +0,131.688,4
Dec 16 2018 01: +0,126.892,7
Dec 17 2018 01: +0,129.924,4
Dec 18 2018 01: +0,130.339,2
Dec 19 2018 01: +0,123.791,5
Dec 20 2018 01: +0,128.303,4
Dec 21 2018 01: +0,122.388,7
Dec 22 2018 01: +0,124.897,6
Dec 23 2018 01: +0,123.363,6
Dec 24 2018 01: +0,124.298,9
Dec 25 2018 01: +0,131.062,9
Dec 26 2018 01: +0,121.371,4
Dec 27 2018 01: +0,133.698,10
Dec 28 2018 01: +0,126.088,2
Dec 29 2018 01: +0,133.067,8
Dec 30 2018 01: +0,132.418,12
Dec 31 2018 01: +0,135.518,8
Jan 01 2019 01: +0,135.653,9
Jan 02 2019 01: +0,134.27,5
Jan 03 2019 01: +0,140.708,11
Jan 04 2019 01: +0,138.283,4
Jan 05 2019 01: +0,144.8,6
Jan 06 2019 01: +0,143.144,3
Jan 07 2019 01: +0,133.396,4
Jan 08 2019 01: +0,137.555,6
Jan 09 2019 01: +0,146.411,5
Jan 10 2019 01: +0,136.941,8
Jan 11 2019 01: +0,139.889,6
Jan 12 2019 01: +0,144.285,3
Jan 13 2019 01: +0,145.579,5
Jan 14 2019 01: +0,145.798,5
Jan 15 2019 01: +0,122.63,2
Jan 16 2019 01: +0,143.481,7
Jan 17 2019 01: +0,146.578,9
Jan 18 2019 01: +0,151.893,5
Jan 19 2019 01: +0,140.989,3
Jan 20 2019 01: +0,135.917,5
Jan 21 2019 01: +0,148.908,5
Jan 22 2019 01: +0,155.835,4
Jan 23 2019 01: +0,143.409,4
Jan 24 2019 01: +0,144.173,3
Jan 25 2019 01: +0,145.135,7
Jan 26 2019 01: +0,147.969,7
Jan 27 2019 01: +0,149.902,10
Jan 28 2019 01: +0,148.476,4
Jan 29 2019 01: +0,146.263,2
Jan 30 2019 01: +0,141.644,2
Jan 31 2019 01: +0,150.759,2
Feb 01 2019 01: +0,152.88,4
Feb 02 2019 01: +0,148.22,5
Feb 03 2019 01: +0,145.662,8
Feb 04 2019 01: +0,146.513,7
Feb 05 2019 01: +0,151.944,8
Feb 06 2019 01: +0,143.122,4
Feb 07 2019 01: +0,146.115,5
Feb 08 2019 01: +0,144.799,2
Feb 09 2019 01: +0,143.157,5
Feb 10 2019 01: +0,150.55,1
Feb 11 2019 01: +0,148.753,7
Feb 12 2019 01: +0,150.908,5
Feb 13 2019 01: +0,149.658,3
Feb 14 2019 01: +0,146.568,6
Feb 15 2019 01: +0,146.435,11
Feb 16 2019 01: +0,153.006,3
Feb 17 2019 01: +0,149.037,2
Feb 18 2019 01: +0,144.15,6
Feb 19 2019 01: +0,152.724,2
Feb 20 2019 01: +0,148.939,6
Feb 21 2019 01: +0,152.42,5
Feb 22 2019 01: +0,155.744,4
Feb 23 2019 01: +0,146.694,6
Feb 24 2019 01: +0,127.027,7
Feb 25 2019 01: +0,153.754,4
Feb 26 2019 01: +0,149.733,5
Feb 27 2019 01: +0,155.885,5
Feb 28 2019 01: +0,152.931,4
Mar 01 2019 01: +0,148.768,5
Mar 02 2019 01: +0,143.715,6
Mar 03 2019 01: +0,142.117,12
Mar 04 2019 01: +0,145.803,6
Mar 05 2019 01: +0,150.062,3
Mar 06 2019 01: +0,147.749,6
Mar 07 2019 01: +0,154.464,4
Mar 08 2019 01: +0,156.134,8
Mar 09 2019 01: +0,155.522,3
Mar 10 2019 01: +0,158.018,6
Mar 11 2019 01: +0,160.983,4
Mar 12 2019 01: +0,164.274,3
Mar 13 2019 01: +0,161.566,8
Mar 14 2019 01: +0,150.19,5
Mar 15 2019 01: +0,158.679,4
Mar 16 2019 01: +0,153.397,10
Mar 17 2019 01: +0,163.107,4
Mar 18 2019 01: +0,153.652,9
Mar 19 2019 01: +0,151.677,7
Mar 20 2019 01: +0,151.785,7
Mar 21 2019 01: +0,150.483,2
Mar 22 2019 01: +0,156.729,4
Mar 23 2019 01: +0,156.781,2
Mar 24 2019 01: +0,159.908,4
Mar 25 2019 01: +0,139.072,1
Mar 26 2019 01: +0,148.011,2
Mar 27 2019 01: +0,145.224,5
Mar 28 2019 01: +0,145.063,8
Mar 29 2019 01: +0,151.783,5
Mar 30 2019 01: +0,145.15,8
Mar 31 2019 01: +0,149.962,6
Apr 01 2019 01: +0,152.461,5
Apr 02 2019 01: +0,154.509,3
Apr 03 2019 01: +0,148.434,6
Apr 04 2019 01: +0,156.553,3
Apr 05 2019 01: +0,145.782,5
Apr 07 2019 01: +0,151.066,5
Apr 08 2019 01: +0,157.656,4
Apr 09 2019 01: +0,157.758,6
Apr 10 2019 01: +0,145.629,4
Apr 11 2019 01: +0,146.221,5
Apr 12 2019 01: +0,161.036,5
Apr 13 2019 01: +0,160.067,5
Apr 14 2019 01: +0,150.454,4
Apr 15 2019 01: +0,155.806,8
Apr 16 2019 01: +0,162.365,3
Apr 17 2019 01: +0,152.291,3
Apr 18 2019 01: +0,162.624,3
Apr 19 2019 01: +0,163.472,3
Apr 20 2019 01: +0,160.925,5
Apr 21 2019 01: +0,161.752,6
Apr 22 2019 01: +0,141.605,4
Apr 23 2019 01: +0,134.766,3
Apr 24 2019 01: +0,159.197,5
Apr 25 2019 01: +0,154.281,6
Apr 26 2019 01: +0,158.577,3
Apr 27 2019 01: +0,153.025,5
Apr 29 2019 01: +0,154.551,7
Apr 30 2019 01: +0,156.56,2
May 01 2019 01: +0,157.395,3
May 02 2019 01: +0,159.298,2
May 03 2019 01: +0,148.508,10
May 04 2019 01: +0,152.566,8
May 05 2019 01: +0,150.884,4
May 06 2019 01: +0,151.811,2
May 07 2019 01: +0,152.8,5
May 08 2019 01: +0,144.244,4
May 09 2019 01: +0,151.249,5
May 10 2019 01: +0,159.261,6
May 11 2019 01: +0,155.517,4
May 12 2019 01: +0,151.995,6
May 13 2019 01: +0,145.976,6
May 14 2019 01: +0,146.848,9
May 15 2019 01: +0,145.866,3
May 16 2019 01: +0,157.061,2
May 17 2019 01: +0,153.366,5
May 18 2019 01: +0,152.186,4
May 19 2019 01: +0,152.227,6
May 20 2019 01: +0,151.88,8
May 21 2019 01: +0,155.177,3
May 22 2019 01: +0,161.637,4
May 23 2019 01: +0,165.108,2
May 24 2019 01: +0,158.777,7
May 25 2019 01: +0,159.315,5
May 26 2019 01: +0,151.84,1
May 27 2019 01: +0,141.263,4
May 28 2019 01: +0,150.178,4
May 29 2019 01: +0,158.834,9
May 30 2019 01: +0,165.547,3
May 31 2019 01: +0,159.179,3
Jun 01 2019 01: +0,154.713,6
Jun 02 2019 01: +0,152.443,4
Jun 03 2019 01: +0,156.048,12
Jun 04 2019 01: +0,159.287,6
Jun 05 2019 01: +0,165.749,8
Jun 07 2019 01: +0,165.571,4
Jun 08 2019 01: +0,172.747,6
Jun 09 2019 01: +0,162.796,8
Jun 10 2019 01: +0,161.935,8
Jun 11 2019 01: +0,172.299,3
Jun 12 2019 01: +0,153.093,2
Jun 13 2019 01: +0,165.563,4
Jun 14 2019 01: +0,163.098,4
Jun 15 2019 01: +0,163.028,6
Jun 16 2019 01: +0,171.191,2
Jun 17 2019 01: +0,165.799,3
Jun 18 2019 01: +0,173.281,6
Jun 19 2019 01: +0,167.332,4
Jun 20 2019 01: +0,176.396,4
Jun 21 2019 01: +0,163.48,3
Jun 22 2019 01: +0,171.333,2
Jun 23 2019 01: +0,168.094,3
Jun 24 2019 01: +0,167.182,4
Jun 25 2019 01: +0,169.274,5
Jun 26 2019 01: +0,160.605,5
Jun 27 2019 01: +0,159.846,8
Jun 28 2019 01: +0,172.239,2
Jun 29 2019 01: +0,161.009,4
Jun 30 2019 01: +0,163.243,4
Jul 01 2019 01: +0,170.095,5
Jul 02 2019 01: +0,167.108,2
Jul 03 2019 01: +0,161.821,7
Jul 04 2019 01: +0,168.362,4
Jul 05 2019 01: +0,158.906,2
Jul 06 2019 01: +0,162.966,6
Jul 07 2019 01: +0,173.956,7
Jul 08 2019 01: +0,177.896,3
Jul 09 2019 01: +0,164.531,5
Jul 10 2019 01: +0,175.713,5
Jul 11 2019 01: +0,171.866,3
Jul 12 2019 01: +0,175.37,3
Jul 13 2019 01: +0,178.634,6
Jul 14 2019 01: +0,190.525,2
Jul 15 2019 01: +0,185.667,3
Jul 16 2019 01: +0,183.853,3
Jul 17 2019 01: +0,178.551,2
Jul 18 2019 01: +0,181.708,1
Jul 19 2019 01: +0,181.003,3
Jul 20 2019 01: +0,173.375,3
Jul 21 2019 01: +0,179.41,3
Jul 22 2019 01: +0,177.294,2
Jul 24 2019 01: +0,187.612,3
Jul 25 2019 01: +0,177.054,7
Jul 26 2019 01: +0,172.858,5
Jul 27 2019 01: +0,173.171,3
Jul 28 2019 01: +0,189.055,5
Jul 29 2019 01: +0,175.15,4
Jul 30 2019 01: +0,173.203,3
Jul 31 2019 01: +0,187.529,3
Aug 01 2019 01: +0,165.864,5
Aug 02 2019 01: +0,178.865,4
Aug 03 2019 01: +0,180.95,1
Aug 04 2019 01: +0,179.176,5
Aug 05 2019 01: +0,184.538,2
Aug 06 2019 01: +0,178.21,2
Aug 07 2019 01: +0,181.97,5
Aug 08 2019 01: +0,193.535,3
Aug 09 2019 01: +0,191.565,2
Aug 10 2019 01: +0,192.023,2
Aug 11 2019 01: +0,199.202,2
Aug 12 2019 01: +0,168.77,1
Aug 13 2019 01: +0,180.412,5
Aug 14 2019 01: +0,190.733,5
Aug 15 2019 01: +0,188.372,4
Aug 16 2019 01: +0,191.698,1
Aug 17 2019 01: +0,191.415,1
Aug 18 2019 01: +0,176.139,2
Aug 20 2019 01: +0,184.494,4
Aug 21 2019 01: +0,171.862,1
Aug 22 2019 01: +0,178.814,4
Aug 23 2019 01: +0,186.136,4
Aug 24 2019 01: +0,170.327,2
Aug 25 2019 01: +0,173.345,4
Aug 26 2019 01: +0,180.858,8
Aug 27 2019 01: +0,189.869,3
Aug 28 2019 01: +0,187.675,1
Aug 29 2019 01: +0,174.057,3
Aug 30 2019 01: +0,184.544,5
Aug 31 2019 01: +0,182.906,3
Sep 01 2019 01: +0,182.474,4
Sep 02 2019 01: +0,187.171,7
Sep 03 2019 01: +0,188.425,2
Sep 04 2019 01: +0,191.21,8
Sep 05 2019 01: +0,183.461,4
Sep 06 2019 01: +0,187.274,4
Sep 07 2019 01: +0,193.145,8
Sep 08 2019 01: +0,178.905,3
Sep 09 2019 01: +0,188.803,2
Sep 11 2019 01: +0,196.891,4
Sep 12 2019 01: +0,182.271,4
Sep 13 2019 01: +0,193.257,5
Sep 14 2019 01: +0,188.812,3
Sep 15 2019 01: +0,184.075,3
Sep 16 2019 01: +0,191.175,5
Sep 17 2019 01: +0,197.707,3
Sep 18 2019 01: +0,184.09,5
Sep 19 2019 01: +0,183.057,4
Sep 20 2019 01: +0,197.739,3
Sep 21 2019 01: +0,196.959,3
Sep 22 2019 01: +0,205.231,2
Sep 24 2019 01: +0,196.501,4
Sep 25 2019 01: +0,198.872,3
Sep 28 2019 01: +0,198.499,5
Sep 29 2019 01: +0,203.516,1
Sep 30 2019 01: +0,192.825,3
Oct 01 2019 01: +0,195.314,6
Oct 02 2019 01: +0,195.736,6
Oct 03 2019 01: +0,180.533,3
Oct 04 2019 01: +0,186.375,1
Oct 05 2019 01: +0,193.182,6
Oct 06 2019 01: +0,195.98,1
Oct 07 2019 01: +0,175.971,3
Oct 08 2019 01: +0,185.647,7
Oct 09 2019 01: +0,183.565,4
Oct 10 2019 01: +0,192.582,4
Oct 11 2019 01: +0,186.7,2
Oct 12 2019 01: +0,198.005,1
Oct 13 2019 01: +0,192.226,7
Oct 14 2019 01: +0,192.742,2
Oct 15 2019 01: +0,197.556,4
Oct 16 2019 01: +0,200.749,1
Oct 17 2019 01: +0,198.55,3
Oct 18 2019 01: +0,192.954,3
Oct 19 2019 01: +0,194.544,4
Oct 20 2019 01: +0,186.308,4
Oct 21 2019 01: +0,190.842,4
Oct 22 2019 01: +0,188.865,3
Oct 23 2019 01: +0,190.243,3
Oct 24 2019 01: +0,165.553,5
Oct 25 2019 01: +0,189.538,5
Oct 26 2019 01: +0,182.232,4
Oct 27 2019 01: +0,177.973,4
Oct 28 2019 01: +0,186.679,4
Oct 29 2019 01: +0,191.11,1
Oct 30 2019 01: +0,188.239,1
Oct 31 2019 01: +0,189.345,8
Nov 01 2019 01: +0,197,1
Nov 02 2019 01: +0,174.411,4
Nov 03 2019 01: +0,183.47,4
Nov 04 2019 01: +0,190.108,4
Nov 05 2019 01: +0,196.736,4
Nov 06 2019 01: +0,179.786,2
Nov 07 2019 01: +0,186.352,4
Nov 08 2019 01: +0,190.847,6
Nov 09 2019 01: +0,188.111,3
Nov 10 2019 01: +0,191.148,4
Nov 11 2019 01: +0,192.63,4
Nov 12 2019 01: +0,178.985,3
Nov 13 2019 01: +0,183.54,4
Nov 14 2019 01: +0,187.539,3
Nov 15 2019 01: +0,189.657,2
Nov 16 2019 01: +0,203.401,3
Nov 17 2019 01: +0,189.955,5
Nov 18 2019 01: +0,188.035,5
Nov 19 2019 01: +0,166.425,7
Nov 20 2019 01: +0,161.185,6
Nov 21 2019 01: +0,170,4
Nov 22 2019 01: +0,186.708,1
Nov 23 2019 01: +0,167.171,3
Nov 24 2019 01: +0,170.369,4
Nov 26 2019 01: +0,167.147,6
Nov 27 2019 01: +0,160.315,5
Nov 28 2019 01: +0,166.684,5
Nov 29 2019 01: +0,170.323,1
Nov 30 2019 01: +0,175.635,6
Dec 01 2019 01: +0,166.92,2
Dec 02 2019 01: +0,183.819,2
Dec 03 2019 01: +0,174.817,3
Dec 04 2019 01: +0,176.712,3
Dec 05 2019 01: +0,169.695,8
Dec 06 2019 01: +0,170.007,4
Dec 07 2019 01: +0,171.459,4
Dec 08 2019 01: +0,174.573,5
Dec 09 2019 01: +0,166.406,4
Dec 10 2019 01: +0,182.732,1
Dec 11 2019 01: +0,181.153,2
Dec 12 2019 01: +0,180.823,5
Dec 13 2019 01: +0,183.843,3
Dec 14 2019 01: +0,182.573,2
Dec 15 2019 01: +0,182.879,5
Dec 16 2019 01: +0,180.065,5
Dec 17 2019 01: +0,181.344,3
Dec 18 2019 01: +0,183.998,6
Dec 19 2019 01: +0,176.954,3
Dec 20 2019 01: +0,177.301,8
Dec 21 2019 01: +0,177.503,7
Dec 22 2019 01: +0,172.599,5
Dec 23 2019 01: +0,182.367,4
Dec 24 2019 01: +0,181.192,6
Dec 25 2019 01: +0,190.192,6
Dec 26 2019 01: +0,196.303,9
Dec 27 2019 01: +0,198.31,4
Dec 28 2019 01: +0,200.628,3
Dec 29 2019 01: +0,199.365,4
Dec 30 2019 01: +0,213.817,3
Dec 31 2019 01: +0,193.316,3
Jan 01 2020 01: +0,201.629,2
Jan 02 2020 01: +0,200.935,5
Jan 03 2020 01: +0,198.732,3
Jan 04 2020 01: +0,220.149,2
Jan 05 2020 01: +0,206.526,6
Jan 06 2020 01: +0,198.043,5
Jan 07 2020 01: +0,208.223,2
Jan 08 2020 01: +0,207.71,5
Jan 09 2020 01: +0,205.064,2
Jan 10 2020 01: +0,213.967,5
Jan 11 2020 01: +0,208.151,3
Jan 12 2020 01: +0,210.815,2
Jan 13 2020 01: +0,194.883,2
Jan 14 2020 01: +0,202.446,5
Jan 15 2020 01: +0,212.944,6
Jan 16 2020 01: +0,192.775,4
Jan 17 2020 01: +0,196.104,8
Jan 18 2020 01: +0,210.002,1
Jan 19 2020 01: +0,205.066,5
Jan 20 2020 01: +0,211.054,2
Jan 21 2020 01: +0,199.975,5
Jan 22 2020 01: +0,202.237,4
Jan 23 2020 01: +0,204.052,2
Jan 24 2020 01: +0,202.073,1
Jan 25 2020 01: +0,210.729,2
Jan 26 2020 01: +0,209.694,7
Jan 27 2020 01: +0,211.489,3
Jan 28 2020 01: +0,198.085,4
Jan 29 2020 01: +0,200.93,4
Jan 30 2020 01: +0,208.055,3
Jan 31 2020 01: +0,201.028,5
Feb 01 2020 01: +0,202.898,6
Feb 02 2020 01: +0,209.463,4
Feb 03 2020 01: +0,220.93,1
Feb 04 2020 01: +0,200.341,5
Feb 05 2020 01: +0,201.536,5
Feb 06 2020 01: +0,201.495,4
Feb 07 2020 01: +0,197.837,8
Feb 08 2020 01: +0,220.296,2
Feb 09 2020 01: +0,205.143,2
Feb 10 2020 01: +0,210.293,3
Feb 11 2020 01: +0,190,1
Feb 12 2020 01: +0,213.038,1
Feb 13 2020 01: +0,211.331,2
Feb 14 2020 01: +0,209.68,3
Feb 15 2020 01: +0,210.096,7
Feb 16 2020 01: +0,217.635,6
Feb 17 2020 01: +0,212.558,2
Feb 18 2020 01: +0,197.172,5
Feb 19 2020 01: +0,193.617,4
Feb 20 2020 01: +0,203.981,2
Feb 21 2020 01: +0,201.255,5
Feb 22 2020 01: +0,197.776,2
Feb 23 2020 01: +0,198.467,2
Feb 24 2020 01: +0,201.55,4
Feb 25 2020 01: +0,204.72,5
Feb 26 2020 01: +0,194.305,2
Feb 27 2020 01: +0,193.995,3
Feb 28 2020 01: +0,196.983,4
Feb 29 2020 01: +0,199.849,5
Mar 01 2020 01: +0,213.345,4
Mar 02 2020 01: +0,205.84,2
Mar 03 2020 01: +0,181.124,1
Mar 04 2020 01: +0,215.675,2
Mar 05 2020 01: +0,204.726,4
Mar 06 2020 01: +0,210.809,5
Mar 07 2020 01: +0,206.525,3
Mar 08 2020 01: +0,192.873,4
Mar 09 2020 01: +0,208.187,3
Mar 10 2020 01: +0,182.074,1
Mar 11 2020 01: +0,194.082,3
Mar 12 2020 01: +0,201.13,1
Mar 13 2020 01: +0,198.612,2
Mar 14 2020 01: +0,207.307,2
Mar 15 2020 01: +0,209.112,3
Mar 16 2020 01: +0,203.952,4
Mar 17 2020 01: +0,188.99,1
Mar 18 2020 01: +0,197.546,6
Mar 19 2020 01: +0,202.198,1
Mar 20 2020 01: +0,187.865,3
Mar 22 2020 01: +0,176.996,1
Mar 23 2020 01: +0,185.809,2
Mar 24 2020 01: +0,190.998,5
Mar 25 2020 01: +0,183.017,6
Mar 26 2020 01: +0,189.108,3
Mar 27 2020 01: +0,190.705,5
Mar 28 2020 01: +0,194.909,3
Mar 29 2020 01: +0,190.322,2
Mar 30 2020 01: +0,168.436,2
Mar 31 2020 01: +0,175.19,4
Apr 01 2020 01: +0,184.521,6
Apr 02 2020 01: +0,185.857,7
Apr 03 2020 01: +0,197.764,3
Apr 04 2020 01: +0,191.43,5
Apr 05 2020 01: +0,145.504,3
Apr 06 2020 01: +0,206.707,5
Apr 07 2020 01: +0,201.152,3
Apr 08 2020 01: +0,190.903,6
Apr 09 2020 01: +0,192.686,4
Apr 10 2020 01: +0,203.325,4
Apr 11 2020 01: +0,198.708,1
Apr 12 2020 01: +0,192.017,10
Apr 13 2020 01: +0,197.06,5
Apr 14 2020 01: +0,193.741,5
Apr 15 2020 01: +0,204.883,3
Apr 16 2020 01: +0,199.509,6
Apr 17 2020 01: +0,208.503,7
Apr 18 2020 01: +0,203.656,4
Apr 19 2020 01: +0,205.533,4
Apr 20 2020 01: +0,197.56,2
Apr 21 2020 01: +0,206.421,4
Apr 22 2020 01: +0,218.379,1
Apr 23 2020 01: +0,217.127,3
Apr 24 2020 01: +0,199.749,3
Apr 25 2020 01: +0,191.365,7
Apr 26 2020 01: +0,210.397,4
Apr 27 2020 01: +0,209.981,11
Apr 28 2020 01: +0,220.717,4
Apr 29 2020 01: +0,205.598,4
Apr 30 2020 01: +0,213.834,3
May 01 2020 01: +0,199.808,6
May 02 2020 01: +0,196.554,4
May 03 2020 01: +0,208.088,6
May 04 2020 01: +0,223.999,2
May 05 2020 01: +0,221.215,3
May 06 2020 01: +0,206.927,4
May 07 2020 01: +0,207.192,7
May 08 2020 01: +0,208.42,2
May 09 2020 01: +0,198.217,4
May 10 2020 01: +0,211.686,5
May 11 2020 01: +0,218.919,6
May 12 2020 01: +0,209.472,2
May 13 2020 01: +0,222.849,2
May 14 2020 01: +0,210.837,6
May 15 2020 01: +0,212.023,2
May 16 2020 01: +0,199.224,1
May 17 2020 01: +0,208.866,6
May 18 2020 01: +0,221.792,2
May 20 2020 01: +0,206.936,2
May 21 2020 01: +0,198.244,5
May 22 2020 01: +0,218.108,5
May 23 2020 01: +0,233.734,3
May 24 2020 01: +0,219.611,1
May 25 2020 01: +0,227.408,1
May 26 2020 01: +0,214.168,3
May 27 2020 01: +0,215.647,3
May 28 2020 01: +0,212.108,3
May 29 2020 01: +0,222.29,1
May 30 2020 01: +0,200.368,4
May 31 2020 01: +0,216.566,6
Jun 01 2020 01: +0,214.555,2
Jun 02 2020 01: +0,208.996,3
Jun 03 2020 01: +0,206.291,2
Jun 04 2020 01: +0,193.363,2
Jun 05 2020 01: +0,211.84,1
Jun 06 2020 01: +0,202.667,4
Jun 07 2020 01: +0,219.309,2
Jun 08 2020 01: +0,206.014,2
Jun 09 2020 01: +0,190.99,1
Jun 10 2020 01: +0,208.7,1
Jun 11 2020 01: +0,202.049,5
Jun 12 2020 01: +0,194.766,1
Jun 13 2020 01: +0,202.252,5
Jun 14 2020 01: +0,203.474,3
Jun 15 2020 01: +0,211.129,1
Jun 16 2020 01: +0,202.653,6
Jun 18 2020 01: +0,213.355,2
Jun 19 2020 01: +0,200.832,5
Jun 21 2020 01: +0,185.866,1
Jun 22 2020 01: +0,196.298,2
Jun 23 2020 01: +0,202.335,5
Jun 24 2020 01: +0,203.679,6
Jun 26 2020 01: +0,193.668,3
Jun 27 2020 01: +0,206.537,3
Jun 28 2020 01: +0,195.593,2
Jun 29 2020 01: +0,206.23,1
Jun 30 2020 01: +0,194.336,2
Jul 01 2020 01: +0,192.389,4
Jul 02 2020 01: +0,200.923,2
Jul 03 2020 01: +0,204.362,2
Jul 04 2020 01: +0,198.879,2
Jul 05 2020 01: +0,207.609,2
Jul 06 2020 01: +0,190,1
Jul 07 2020 01: +0,199.417,7
Jul 08 2020 01: +0,202.229,6
Jul 09 2020 01: +0,187.636,3
Jul 10 2020 01: +0,207.41,3
Jul 11 2020 01: +0,200.248,3
Jul 12 2020 01: +0,206.98,7
Jul 13 2020 01: +0,203.753,4
Jul 14 2020 01: +0,211.769,3
Jul 15 2020 01: +0,215.415,5
Jul 16 2020 01: +0,215.644,5
Jul 17 2020 01: +0,224.723,1
Jul 18 2020 01: +0,217.422,2
Jul 19 2020 01: +0,211.825,3
Jul 20 2020 01: +0,220.767,3
Jul 21 2020 01: +0,220.596,4
Jul 22 2020 01: +0,228.889,3
Jul 23 2020 01: +0,208.321,1
Jul 24 2020 01: +0,214.228,5
Jul 25 2020 01: +0,227.705,6
Jul 26 2020 01: +0,211.1,3
Jul 27 2020 01: +0,218.547,4
Jul 28 2020 01: +0,216.015,4
Jul 29 2020 01: +0,218.274,4
Jul 30 2020 01: +0,222.863,3
Jul 31 2020 01: +0,213.178,3
Aug 01 2020 01: +0,220.619,2
Aug 02 2020 01: +0,223.859,4
Aug 03 2020 01: +0,214.882,3
Aug 04 2020 01: +0,199.706,2
Aug 05 2020 01: +0,223.895,5
Aug 06 2020 01: +0,218.697,4
Aug 07 2020 01: +0,224.075,6
Aug 08 2020 01: +0,224.9,2
Aug 09 2020 01: +0,217.972,3
Aug 10 2020 01: +0,219.091,4
Aug 11 2020 01: +0,213.1,2
Aug 12 2020 01: +0,228.071,4
Aug 14 2020 01: +0,218.488,2
Aug 15 2020 01: +0,210.177,4
Aug 16 2020 01: +0,212.872,4
Aug 17 2020 01: +0,200.066,1
Aug 18 2020 01: +0,200.422,1
Aug 19 2020 01: +0,233.112,2
Aug 22 2020 01: +0,207.51,3
Aug 23 2020 01: +0,213.354,2
Aug 25 2020 01: +0,199.424,1
Aug 26 2020 01: +0,218.659,2
Aug 27 2020 01: +0,221.622,2
Aug 28 2020 01: +0,216.956,4
Aug 29 2020 01: +0,208.198,2
Aug 31 2020 01: +0,224.088,1
Sep 01 2020 01: +0,211.931,2
Sep 02 2020 01: +0,221.427,1
Sep 03 2020 01: +0,228.706,2
Sep 04 2020 01: +0,220.241,4
Sep 06 2020 01: +0,202.349,2
Sep 07 2020 01: +0,209.142,3
Sep 08 2020 01: +0,206.706,2
Sep 09 2020 01: +0,196.402,3
Sep 10 2020 01: +0,207.445,6
Sep 11 2020 01: +0,211.343,4
Sep 12 2020 01: +0,212.38,6
Sep 13 2020 01: +0,193.258,2
Sep 14 2020 01: +0,199.967,5
Sep 15 2020 01: +0,221.86,1
Sep 16 2020 01: +0,203.753,5
Sep 17 2020 01: +0,212.883,2
Sep 18 2020 01: +0,213.105,2
Sep 19 2020 01: +0,198.05,1
Sep 20 2020 01: +0,218.161,4
Sep 21 2020 01: +0,230.708,1
Sep 22 2020 01: +0,216.64,2
Sep 24 2020 01: +0,205.278,1
Sep 25 2020 01: +0,216.183,5
Sep 26 2020 01: +0,218.905,2
Sep 27 2020 01: +0,215.128,2
Sep 28 2020 01: +0,217.755,3
Sep 29 2020 01: +0,223.006,3
Sep 30 2020 01: +0,220.386,2
Oct 01 2020 01: +0,206.55,1
Oct 03 2020 01: +0,227.175,2
Oct 04 2020 01: +0,214.318,4
Oct 06 2020 01: +0,225.482,2
Oct 07 2020 01: +0,212.12,1
Oct 08 2020 01: +0,240.45,2
Oct 09 2020 01: +0,236.769,2
Oct 11 2020 01: +0,229.705,3
Oct 12 2020 01: +0,240.349,1
Oct 13 2020 01: +0,228.103,2
Oct 14 2020 01: +0,228.038,3
Oct 15 2020 01: +0,227.39,2
Oct 16 2020 01: +0,198.56,1
Oct 17 2020 01: +0,228.49,2
Oct 19 2020 01: +0,235.41,3
Oct 20 2020 01: +0,216.9,1
Oct 21 2020 01: +0,226.01,1
Oct 22 2020 01: +0,240.24,1
Oct 23 2020 01: +0,225.671,2
Oct 25 2020 01: +0,227.625,2
Oct 26 2020 01: +0,245.101,2
Oct 28 2020 01: +0,210.76,1
Oct 29 2020 01: +0,219.593,3
Oct 30 2020 01: +0,221.894,3
Oct 31 2020 01: +0,230.274,1
Nov 03 2020 01: +0,210,1
Nov 04 2020 01: +0,236.465,1
Nov 05 2020 01: +0,235.354,2
Nov 06 2020 01: +0,212.115,2
Nov 07 2020 01: +0,211.184,3
Nov 08 2020 01: +0,223.72,2
Nov 10 2020 01: +0,224.799,4
Nov 11 2020 01: +0,235.397,3
Nov 12 2020 01: +0,215.293,4
Nov 13 2020 01: +0,221.021,6
Nov 14 2020 01: +0,226.525,2
Nov 15 2020 01: +0,222.016,1
Nov 16 2020 01: +0,212.955,4
Nov 17 2020 01: +0,214.801,2
Nov 18 2020 01: +0,217.394,5
Nov 19 2020 01: +0,238.22,1
Nov 20 2020 01: +0,223.191,2
Nov 21 2020 01: +0,215.282,4
Nov 22 2020 01: +0,237.781,2
Nov 24 2020 01: +0,240.179,1
Nov 26 2020 01: +0,232.109,3
Nov 27 2020 01: +0,213.466,2
Nov 28 2020 01: +0,211.472,2
Nov 30 2020 01: +0,216.81,3
Dec 01 2020 01: +0,216.287,5
Dec 03 2020 01: +0,200.008,1
Dec 04 2020 01: +0,174.301,9
Dec 05 2020 01: +0,195.332,4
Dec 06 2020 01: +0,208.479,6
Dec 07 2020 01: +0,202.092,3
Dec 08 2020 01: +0,201.668,6
Dec 09 2020 01: +0,219.333,1
Dec 11 2020 01: +0,196.072,3
Dec 12 2020 01: +0,199.711,4
Dec 13 2020 01: +0,224.065,3
Dec 14 2020 01: +0,201.352,3
Dec 15 2020 01: +0,223.255,3
Dec 16 2020 01: +0,222.503,4
Dec 17 2020 01: +0,202.221,4
Dec 18 2020 01: +0,209.344,6
Dec 19 2020 01: +0,203.152,2
Dec 20 2020 01: +0,224.418,2
Dec 21 2020 01: +0,213.793,5
Dec 22 2020 01: +0,214.62,9
Dec 23 2020 01: +0,224.326,4
Dec 24 2020 01: +0,225.205,5
Dec 25 2020 01: +0,225.639,5
Dec 26 2020 01: +0,239.955,2
Dec 27 2020 01: +0,222.841,5
Dec 28 2020 01: +0,231.234,4
Dec 29 2020 01: +0,236.623,5
Dec 30 2020 01: +0,224.221,3
Dec 31 2020 01: +0,244.336,3
Jan 01 2021 01: +0,256.601,3
Jan 02 2021 01: +0,239,1
Jan 03 2021 01: +0,259.569,2
Jan 04 2021 01: +0,234.25,7
Jan 05 2021 01: +0,243.976,2
Jan 06 2021 01: +0,241.291,2
Jan 07 2021 01: +0,237.823,5
Jan 08 2021 01: +0,247.817,6
Jan 10 2021 01: +0,241.944,2
Jan 11 2021 01: +0,245.589,4
Jan 12 2021 01: +0,260.339,2
Jan 13 2021 01: +0,241.83,3
Jan 14 2021 01: +0,251.454,3
Jan 15 2021 01: +0,242.568,3
Jan 16 2021 01: +0,240.445,4
Jan 17 2021 01: +0,238.745,8
Jan 18 2021 01: +0,233.876,1
Jan 19 2021 01: +0,246.861,5
Jan 20 2021 01: +0,226.38,1
Jan 21 2021 01: +0,243.909,1
Jan 22 2021 01: +0,246.567,4
Jan 23 2021 01: +0,248.659,6
Jan 24 2021 01: +0,219.92,1
Jan 25 2021 01: +0,230.593,5
Jan 26 2021 01: +0,253.907,3
Jan 27 2021 01: +0,255.282,1
Jan 28 2021 01: +0,256.929,3
Jan 29 2021 01: +0,255.276,7
Jan 30 2021 01: +0,277.773,2
Jan 31 2021 01: +0,262.754,3
Feb 01 2021 01: +0,257.209,5
Feb 02 2021 01: +0,246.851,5
Feb 04 2021 01: +0,251.987,6
Feb 05 2021 01: +0,255.973,6
Feb 06 2021 01: +0,247.209,3
Feb 07 2021 01: +0,262.992,4
Feb 08 2021 01: +0,252.17,4
Feb 09 2021 01: +0,255.184,4
Feb 10 2021 01: +0,249.324,3
Feb 11 2021 01: +0,241.524,3
Feb 12 2021 01: +0,244.247,4
Feb 13 2021 01: +0,240.065,4
Feb 14 2021 01: +0,233.18,1
Feb 15 2021 01: +0,235.456,3
Feb 16 2021 01: +0,245.898,5
Feb 17 2021 01: +0,262.37,2
Feb 18 2021 01: +0,226.848,2
Feb 19 2021 01: +0,239.96,4
Feb 20 2021 01: +0,238.013,5
Feb 21 2021 01: +0,254.916,4
Feb 22 2021 01: +0,254.903,5
Feb 23 2021 01: +0,247.005,2
Feb 24 2021 01: +0,243.213,3
Feb 25 2021 01: +0,249.607,3
Feb 26 2021 01: +0,262.428,5
Feb 27 2021 01: +0,245.935,3
Feb 28 2021 01: +0,264.38,2
Mar 01 2021 01: +0,249.897,2
Mar 02 2021 01: +0,245.997,2
Mar 03 2021 01: +0,260.998,3
Mar 04 2021 01: +0,257.911,5
Mar 05 2021 01: +0,252.439,3
Mar 06 2021 01: +0,169.545,2
Mar 07 2021 01: +0,263.94,1
Mar 08 2021 01: +0,263.405,5
Mar 09 2021 01: +0,259.824,4
Mar 10 2021 01: +0,258.003,6
Mar 11 2021 01: +0,247.226,3
Mar 12 2021 01: +0,241.28,4
Mar 14 2021 01: +0,265.939,6
Mar 15 2021 01: +0,259.159,4
Mar 16 2021 01: +0,258.043,6
Mar 17 2021 01: +0,257.801,7
Mar 18 2021 01: +0,270.405,3
Mar 19 2021 01: +0,262.261,6
Mar 20 2021 01: +0,297.941,2
Mar 21 2021 01: +0,229.652,3
Mar 22 2021 01: +0,262.055,7
Mar 23 2021 01: +0,247.465,2
Mar 24 2021 01: +0,269.228,2
Mar 25 2021 01: +0,300.13,1
Mar 26 2021 01: +0,284.466,2
Mar 27 2021 01: +0,286.46,2
Mar 28 2021 01: +0,272.233,2
Mar 29 2021 01: +0,272.155,4
Mar 30 2021 01: +0,301.054,2
Mar 31 2021 01: +0,279.54,3
Apr 01 2021 01: +0,281.029,4
Apr 02 2021 01: +0,279.62,4
Apr 03 2021 01: +0,289.718,3
Apr 04 2021 01: +0,283.378,5
Apr 05 2021 01: +0,300.586,5
Apr 06 2021 01: +0,326.008,1
Apr 07 2021 01: +0,274.53,1
Apr 08 2021 01: +0,289.888,2
Apr 09 2021 01: +0,289.814,1
Apr 10 2021 01: +0,293.027,5
Apr 11 2021 01: +0,276.102,3
Apr 12 2021 01: +0,258.404,2
Apr 13 2021 01: +0,291.671,2
Apr 15 2021 01: +0,284.3,3
Apr 16 2021 01: +0,289.737,3
Apr 17 2021 01: +0,277.148,5
Apr 18 2021 01: +0,254.567,3
Apr 19 2021 01: +0,285.192,2
Apr 20 2021 01: +0,275.2,2
Apr 21 2021 01: +0,303.02,4
Apr 22 2021 01: +0,306.942,2
Apr 24 2021 01: +0,260.879,3
Apr 25 2021 01: +0,268.322,2
Apr 26 2021 01: +0,299.175,2
Apr 27 2021 01: +0,288.958,5
Apr 28 2021 01: +0,251.122,2
Apr 29 2021 01: +0,263.63,3
Apr 30 2021 01: +0,281.151,5
May 01 2021 01: +0,267.559,2
May 02 2021 01: +0,269.275,4
May 03 2021 01: +0,287.489,1
May 04 2021 01: +0,260.22,2
May 05 2021 01: +0,272.313,4
May 06 2021 01: +0,265.155,2
May 07 2021 01: +0,280.626,6
May 08 2021 01: +0,289.568,3
May 09 2021 01: +0,272.104,1
May 10 2021 01: +0,282.768,3
May 11 2021 01: +0,291.308,4
May 13 2021 01: +0,275.077,4
May 14 2021 01: +0,274.004,3
May 15 2021 01: +0,283.049,3
May 16 2021 01: +0,277.762,1
May 17 2021 01: +0,286.688,4
May 18 2021 01: +0,286.745,2
May 19 2021 01: +0,294.425,4
May 20 2021 01: +0,291.343,2
May 21 2021 01: +0,277.77,1
May 22 2021 01: +0,279.707,2
May 23 2021 01: +0,287.955,3
May 24 2021 01: +0,285.372,1
May 25 2021 01: +0,293.965,2
May 26 2021 01: +0,280.997,1
May 27 2021 01: +0,280.4,1
May 28 2021 01: +0,297.207,2
May 29 2021 01: +0,299.457,5
May 30 2021 01: +0,307.414,4
May 31 2021 01: +0,301.875,2
Jun 01 2021 01: +0,304.117,3
Jun 02 2021 01: +0,301.138,3
Jun 03 2021 01: +0,281.42,1
Jun 04 2021 01: +0,296.72,2
Jun 05 2021 01: +0,316.459,1
Jun 06 2021 01: +0,268.845,2
Jun 07 2021 01: +0,287.991,3
Jun 08 2021 01: +0,290.798,3
Jun 09 2021 01: +0,271.864,1
Jun 10 2021 01: +0,289.264,1
Jun 11 2021 01: +0,277.694,6
Jun 12 2021 01: +0,269.27,2
Jun 13 2021 01: +0,316.145,1
Jun 15 2021 01: +0,318.05,1
Jun 16 2021 01: +0,254.739,2
Jun 17 2021 01: +0,297.787,3
Jun 18 2021 01: +0,294.004,5
Jun 19 2021 01: +0,315.977,2
Jun 20 2021 01: +0,276.25,2
Jun 21 2021 01: +0,279.079,4
Jun 22 2021 01: +0,307.779,1
Jun 23 2021 01: +0,288.44,1
Jun 24 2021 01: +0,314.872,1
Jun 25 2021 01: +0,272.245,3
Jun 26 2021 01: +0,281.516,3
Jun 27 2021 01: +0,298.572,1
Jun 28 2021 01: +0,268.1,1
Jun 29 2021 01: +0,267.748,4
Jun 30 2021 01: +0,264.985,4
Jul 01 2021 01: +0,263.974,2
Jul 02 2021 01: +0,292.489,3
Jul 03 2021 01: +0,278.636,2
Jul 04 2021 01: +0,250.89,2
Jul 05 2021 01: +0,288.795,1
Jul 06 2021 01: +0,260.893,3
Jul 09 2021 01: +0,272.471,2
Jul 10 2021 01: +0,254.582,3
Jul 11 2021 01: +0,245.45,1
Jul 12 2021 01: +0,275.435,2
Jul 15 2021 01: +0,266.979,3
Jul 16 2021 01: +0,267.328,5
Jul 17 2021 01: +0,254.583,3
Jul 18 2021 01: +0,265.366,4
Jul 19 2021 01: +0,271.48,1
Jul 20 2021 01: +0,246.1,1
Jul 21 2021 01: +0,239,1
Jul 22 2021 01: +0,262.794,2
Jul 23 2021 01: +0,261.059,4
Jul 24 2021 01: +0,265.606,5
Jul 25 2021 01: +0,252.88,1
Jul 26 2021 01: +0,292.181,2
Jul 27 2021 01: +0,303.374,1
Jul 28 2021 01: +0,250.01,1
Jul 29 2021 01: +0,272.562,2
Jul 30 2021 01: +0,277.294,4
Jul 31 2021 01: +0,273.66,1
Aug 01 2021 01: +0,263.785,2
Aug 02 2021 01: +0,282.237,3
Aug 03 2021 01: +0,277.266,7
Aug 04 2021 01: +0,280.792,3
Aug 05 2021 01: +0,292.065,1
Aug 06 2021 01: +0,273.841,3
Aug 07 2021 01: +0,287.062,3
Aug 08 2021 01: +0,285.09,3
Aug 10 2021 01: +0,265.198,1
Aug 11 2021 01: +0,282.74,5
Aug 12 2021 01: +0,245.795,2
Aug 13 2021 01: +0,241.015,2
Aug 14 2021 01: +0,261.236,3
Aug 15 2021 01: +0,260.592,2
Aug 16 2021 01: +0,263.198,3
Aug 17 2021 01: +0,287.28,1
Aug 18 2021 01: +0,245.838,1
Aug 19 2021 01: +0,233.146,2
Aug 20 2021 01: +0,259.62,1
Aug 21 2021 01: +0,253.447,4
Aug 22 2021 01: +0,263.669,2
Aug 23 2021 01: +0,245.11,2
Aug 25 2021 01: +0,273.06,2
Aug 26 2021 01: +0,275.707,2
Aug 27 2021 01: +0,259.954,2
Aug 28 2021 01: +0,275.667,1
Aug 29 2021 01: +0,241.5,1
Aug 30 2021 01: +0,272.15,3
Aug 31 2021 01: +0,258.205,3
Sep 01 2021 01: +0,270.083,4
Sep 02 2021 01: +0,241.115,2
Sep 03 2021 01: +0,253.626,3
Sep 04 2021 01: +0,268.028,3
Sep 05 2021 01: +0,265.002,2
Sep 06 2021 01: +0,278.765,2
Sep 07 2021 01: +0,248.71,1
Sep 08 2021 01: +0,249.85,1
Sep 09 2021 01: +0,273.519,3
Sep 11 2021 01: +0,249.67,1
Sep 12 2021 01: +0,269.152,2
Sep 14 2021 01: +0,251.361,2
Sep 15 2021 01: +0,265.223,2
Sep 16 2021 01: +0,254.383,3
Sep 17 2021 01: +0,268.818,2
Sep 18 2021 01: +0,289.228,2
Sep 19 2021 01: +0,250.138,2
Sep 20 2021 01: +0,249.237,1
Sep 21 2021 01: +0,275.633,2
Sep 22 2021 01: +0,212.737,4
Sep 23 2021 01: +0,209.673,4
Sep 25 2021 01: +0,210.89,1
Sep 26 2021 01: +0,243.866,5
Sep 27 2021 01: +0,216.994,2
Sep 28 2021 01: +0,220.722,2
Sep 29 2021 01: +0,234.885,6
Sep 30 2021 01: +0,214.857,2
Oct 01 2021 01: +0,244.576,3
Oct 02 2021 01: +0,248.242,5
Oct 03 2021 01: +0,256.487,3
Oct 04 2021 01: +0,227.945,2
Oct 05 2021 01: +0,259.052,2
Oct 07 2021 01: +0,204.451,6
Oct 08 2021 01: +0,253.144,1
Oct 09 2021 01: +0,248.725,3
Oct 10 2021 01: +0,254.362,5
Oct 11 2021 01: +0,272.741,4
Oct 12 2021 01: +0,264.445,3
Oct 14 2021 01: +0,241.47,1
Oct 16 2021 01: +0,272.246,1
Oct 17 2021 01: +0,263.021,4
Oct 18 2021 01: +0,253.38,2
Oct 19 2021 01: +0,246.032,4
Oct 20 2021 01: +0,249.999,1
Oct 21 2021 01: +0,263.158,3
Oct 22 2021 01: +0,233.87,2
Oct 23 2021 01: +0,263.032,2
Oct 24 2021 01: +0,243.726,2
Oct 25 2021 01: +0,223.678,1
Oct 26 2021 01: +0,240.023,2
Oct 27 2021 01: +0,258.857,2
Oct 28 2021 01: +0,268.587,3
Oct 29 2021 01: +0,248.643,2
Oct 30 2021 01: +0,253.97,2
Oct 31 2021 01: +0,252.878,2
Nov 01 2021 01: +0,262.592,2
Nov 02 2021 01: +0,247.892,3
Nov 03 2021 01: +0,265.752,1
Nov 04 2021 01: +0,273.144,1
Nov 05 2021 01: +0,267.255,3
Nov 06 2021 01: +0,233.515,4
Nov 07 2021 01: +0,265.156,3
Nov 08 2021 01: +0,230.675,5
Nov 09 2021 01: +0,262.195,2
Nov 10 2021 01: +0,243.457,2
Nov 11 2021 01: +0,221.999,1
Nov 12 2021 01: +0,241.559,3
Nov 13 2021 01: +0,233.828,4
Nov 14 2021 01: +0,230.078,3
Nov 16 2021 01: +0,264.837,1
Nov 17 2021 01: +0,271.9,2
Nov 18 2021 01: +0,255.27,1
Nov 19 2021 01: +0,246.764,2
Nov 20 2021 01: +0,227.857,3
Nov 21 2021 01: +0,227.567,3
Nov 22 2021 01: +0,249.441,5
Nov 23 2021 01: +0,250.059,2
Nov 25 2021 01: +0,240.52,2
Nov 26 2021 01: +0,259.378,1
Nov 27 2021 01: +0,222.559,2
Nov 28 2021 01: +0,255.664,3
Nov 29 2021 01: +0,233.376,4
Nov 30 2021 01: +0,238.643,6
Dec 01 2021 01: +0,240.738,3
Dec 02 2021 01: +0,237.925,2
Dec 03 2021 01: +0,245.393,3
Dec 04 2021 01: +0,234.329,2
Dec 05 2021 01: +0,256.976,3
Dec 06 2021 01: +0,264.157,2
Dec 07 2021 01: +0,250.127,6
Dec 08 2021 01: +0,268.686,1
Dec 09 2021 01: +0,257.053,6
Dec 10 2021 01: +0,265.005,1
Dec 11 2021 01: +0,258.161,3
Dec 12 2021 01: +0,270.465,2
Dec 13 2021 01: +0,238.65,1
Dec 14 2021 01: +0,235.882,2
Dec 15 2021 01: +0,237.463,3
Dec 16 2021 01: +0,231.98,1
Dec 17 2021 01: +0,256.792,4
Dec 19 2021 01: +0,248.418,5
Dec 20 2021 01: +0,260.422,2
Dec 22 2021 01: +0,244.174,3
Dec 23 2021 01: +0,254.679,2
Dec 24 2021 01: +0,261.213,2
Dec 25 2021 01: +0,263.395,3
Dec 26 2021 01: +0,255.895,2
Dec 27 2021 01: +0,268.695,4
Dec 28 2021 01: +0,244.138,1
Dec 29 2021 01: +0,244.283,1
Dec 30 2021 01: +0,272.413,2
Dec 31 2021 01: +0,280.398,3
Jan 01 2022 01: +0,278.323,5
Jan 02 2022 01: +0,259.164,4
Jan 03 2022 01: +0,273.33,3
Jan 04 2022 01: +0,253.43,1
Jan 05 2022 01: +0,267.197,3
Jan 06 2022 01: +0,287.601,3
Jan 07 2022 01: +0,272.572,4
Jan 08 2022 01: +0,281.078,3
Jan 09 2022 01: +0,283.494,2
Jan 10 2022 01: +0,278.745,6
Jan 11 2022 01: +0,260.13,1
Jan 12 2022 01: +0,301.18,1
Jan 13 2022 01: +0,294.951,1
Jan 14 2022 01: +0,251.02,1
Jan 15 2022 01: +0,293.068,2
Jan 16 2022 01: +0,296.623,4
Jan 17 2022 01: +0,304.372,3
Jan 18 2022 01: +0,284.072,2
Jan 19 2022 01: +0,287.609,3
Jan 20 2022 01: +0,297.937,3
Jan 21 2022 01: +0,265.069,3
Jan 22 2022 01: +0,274.105,5
Jan 23 2022 01: +0,289.741,4
Jan 24 2022 01: +0,273.118,4
Jan 25 2022 01: +0,271.919,2
Jan 26 2022 01: +0,282.28,1
Jan 27 2022 01: +0,292.01,1
Jan 28 2022 01: +0,276.827,2
Jan 30 2022 01: +0,287.041,4
Jan 31 2022 01: +0,257.957,3
Feb 02 2022 01: +0,274.459,2
Feb 03 2022 01: +0,276.719,5
Feb 04 2022 01: +0,282.51,2
Feb 05 2022 01: +0,297.172,1
Feb 06 2022 01: +0,289.17,1
Feb 07 2022 01: +0,284.544,5
Feb 08 2022 01: +0,264.284,1
Feb 09 2022 01: +0,252.825,2
Feb 10 2022 01: +0,278.846,3
Feb 11 2022 01: +0,299.866,3
Feb 12 2022 01: +0,266.45,3
Feb 13 2022 01: +0,283.185,3
Feb 14 2022 01: +0,269.307,5
Feb 16 2022 01: +0,288.607,4
Feb 17 2022 01: +0,297.825,3
Feb 18 2022 01: +0,313.328,1
Feb 19 2022 01: +0,301.491,2
Feb 20 2022 01: +0,298.363,1
Feb 21 2022 01: +0,262.371,3
Feb 22 2022 01: +0,297.291,4
Feb 23 2022 01: +0,280.561,2
Feb 24 2022 01: +0,292.589,2
Feb 25 2022 01: +0,280.895,2
Feb 26 2022 01: +0,296.841,4
Feb 27 2022 01: +0,292.899,4
Feb 28 2022 01: +0,267.006,1
Mar 02 2022 01: +0,311.754,1
Mar 03 2022 01: +0,300.304,6
Mar 04 2022 01: +0,275.617,3
Mar 05 2022 01: +0,282.033,3
Mar 06 2022 01: +0,293.727,3
Mar 07 2022 01: +0,287.295,3
Mar 08 2022 01: +0,302.329,1
Mar 09 2022 01: +0,305.398,2
Mar 10 2022 01: +0,298.486,3
Mar 12 2022 01: +0,280.711,4
Mar 13 2022 01: +0,292.437,5
Mar 15 2022 01: +0,317.65,1
Mar 16 2022 01: +0,313.551,3
Mar 17 2022 01: +0,291.838,2
Mar 18 2022 01: +0,305.931,2
Mar 19 2022 01: +0,315.276,1
Mar 20 2022 01: +0,323.979,2
Mar 22 2022 01: +0,322.875,4
Mar 23 2022 01: +0,303.304,3
Mar 25 2022 01: +0,360.007,1
Mar 26 2022 01: +0,308.004,1
Mar 27 2022 01: +0,325.542,2
Mar 28 2022 01: +0,345.847,1
Mar 29 2022 01: +0,345.364,1
Mar 31 2022 01: +0,308.877,3
Apr 01 2022 01: +0,324.633,1
Apr 02 2022 01: +0,332.233,1
Apr 03 2022 01: +0,329.613,3
Apr 05 2022 01: +0,325.99,1
Apr 07 2022 01: +0,339.73,4
Apr 08 2022 01: +0,329.761,3
Apr 09 2022 01: +0,344.329,1
Apr 10 2022 01: +0,357.563,1
Apr 11 2022 01: +0,354.808,1
Apr 12 2022 01: +0,320.26,2
Apr 13 2022 01: +0,314.98,2
Apr 14 2022 01: +0,355.326,2
Apr 15 2022 01: +0,343.66,2
Apr 16 2022 01: +0,349.86,3
Apr 18 2022 01: +0,362.434,2
Apr 19 2022 01: +0,344.95,2
Apr 20 2022 01: +0,370.673,2
Apr 22 2022 01: +0,376.241,1
Apr 24 2022 01: +0,355.266,3
Apr 25 2022 01: +0,352.864,4
Apr 30 2022 01: +0,323.025,2
May 02 2022 01: +0,323.782,5
May 03 2022 01: +0,345,1
May 04 2022 01: +0,331.829,2
May 05 2022 01: +0,316.388,4
May 06 2022 01: +0,325.659,2
May 07 2022 01: +0,326.38,2
May 09 2022 01: +0,354.005,1
May 10 2022 01: +0,333.56,2
May 11 2022 01: +0,372.336,1
May 14 2022 01: +0,350.559,2
May 15 2022 01: +0,316.451,2
May 17 2022 01: +0,328.425,4
May 18 2022 01: +0,357.334,1
May 20 2022 01: +0,362.656,1
May 21 2022 01: +0,354.695,1
Jun 01 2022 01: +0,276.857,1
Jun 09 2022 01: +0,325.613,1
