Jun 20 2016 01: +0,404.316,1
Jun 22 2016 01: +0,268.21,1
Jun 23 2016 01: +0,297.24,1
Jun 26 2016 01: +0,398.9,1
Jun 28 2016 01: +0,400,1
Jul 08 2016 01: +0,398.56,1
Jul 10 2016 01: +0,400,1
Jul 12 2016 01: +0,399.05,1
Jul 15 2016 01: +0,350.47,1
Jul 16 2016 01: +0,350.44,1
Jul 18 2016 01: +0,405.255,2
Jul 19 2016 01: +0,410.8,1
Jul 20 2016 01: +0,400,2
Jul 23 2016 01: +0,396,1
Jul 25 2016 01: +0,341.55,1
Jul 28 2016 01: +0,374.312,4
Aug 01 2016 01: +0,401.07,2
Aug 03 2016 01: +0,398.9,1
Aug 04 2016 01: +0,400,1
Aug 05 2016 01: +0,400.75,1
Aug 06 2016 01: +0,400,2
Aug 07 2016 01: +0,399.275,2
Aug 08 2016 01: +0,400,1
Aug 09 2016 01: +0,398.55,1
Aug 12 2016 01: +0,401.29,1
Aug 13 2016 01: +0,401.26,1
Aug 14 2016 01: +0,400,1
Aug 18 2016 01: +0,398.89,1
Aug 19 2016 01: +0,398.88,1
Aug 20 2016 01: +0,403.505,2
Aug 21 2016 01: +0,397.855,4
Aug 22 2016 01: +0,395.5,2
Aug 23 2016 01: +0,403.38,2
Aug 24 2016 01: +0,379.405,2
Aug 26 2016 01: +0,402.55,1
Aug 27 2016 01: +0,474.43,1
Aug 28 2016 01: +0,405.17,1
Aug 30 2016 01: +0,401.13,1
Aug 31 2016 01: +0,395,2
Sep 01 2016 01: +0,409.215,2
Sep 02 2016 01: +0,402.643,3
Sep 03 2016 01: +0,403.12,1
Sep 04 2016 01: +0,399.2,1
Sep 05 2016 01: +0,403.73,2
Sep 06 2016 01: +0,415.75,1
Sep 07 2016 01: +0,401.26,2
Sep 08 2016 01: +0,400,1
Sep 09 2016 01: +0,375.3,2
Sep 10 2016 01: +0,279.828,3
Sep 11 2016 01: +0,362.003,3
Sep 12 2016 01: +0,233.305,2
Sep 13 2016 01: +0,404.11,1
Sep 14 2016 01: +0,404.11,1
Sep 16 2016 01: +0,401.96,2
Sep 17 2016 01: +0,400,1
Sep 20 2016 01: +0,400,1
Sep 21 2016 01: +0,400.163,3
Sep 22 2016 01: +0,399.565,4
Sep 23 2016 01: +0,403.34,1
Sep 25 2016 01: +0,388.765,2
Sep 26 2016 01: +0,394.935,2
Sep 27 2016 01: +0,409.815,2
Sep 28 2016 01: +0,402.96,1
Sep 29 2016 01: +0,391,1
Sep 30 2016 01: +0,404.987,3
Oct 01 2016 01: +0,398.333,3
Oct 02 2016 01: +0,400,1
Oct 03 2016 01: +0,412.27,1
Oct 07 2016 01: +0,391.775,2
Oct 08 2016 01: +0,401.78,2
Oct 09 2016 01: +0,392.375,4
Oct 10 2016 01: +0,373.18,2
Oct 11 2016 01: +0,390.68,1
Oct 12 2016 01: +0,376.9,1
Oct 13 2016 01: +0,395.83,3
Oct 14 2016 01: +0,395.5,2
Oct 16 2016 01: +0,384.91,1
Oct 18 2016 01: +0,397.84,2
Oct 19 2016 01: +0,400,1
Oct 22 2016 01: +0,384.135,2
Oct 23 2016 01: +0,411.95,1
Oct 24 2016 01: +0,406.045,3
Oct 26 2016 01: +0,386.225,2
Oct 28 2016 01: +0,269.513,3
Oct 29 2016 01: +0,396.425,2
Oct 30 2016 01: +0,385.53,2
Oct 31 2016 01: +0,392.02,3
Nov 05 2016 01: +0,370.61,2
Nov 07 2016 01: +0,397.92,1
Nov 08 2016 01: +0,400,1
Nov 09 2016 01: +0,393.325,2
Nov 10 2016 01: +0,404.495,2
Nov 12 2016 01: +0,393.455,2
Nov 13 2016 01: +0,391.73,1
Nov 15 2016 01: +0,387.155,2
Nov 18 2016 01: +0,384.46,1
Nov 23 2016 01: +0,344.54,1
Nov 26 2016 01: +0,328.95,1
Nov 27 2016 01: +0,365.781,5
Dec 02 2016 01: +0,382.16,1
Dec 03 2016 01: +0,390.915,2
Dec 04 2016 01: +0,377.553,3
Dec 05 2016 01: +0,389.765,2
Dec 07 2016 01: +0,383.025,2
Dec 08 2016 01: +0,400,1
Dec 10 2016 01: +0,392.403,3
Dec 11 2016 01: +0,345,1
Dec 13 2016 01: +0,382.12,1
Dec 14 2016 01: +0,386.25,1
Dec 15 2016 01: +0,400,1
Dec 17 2016 01: +0,389.525,2
Dec 20 2016 01: +0,382.53,2
Dec 21 2016 01: +0,400,1
Dec 23 2016 01: +0,387.765,2
Dec 24 2016 01: +0,375.15,1
Dec 25 2016 01: +0,375.14,1
Dec 26 2016 01: +0,391.287,3
Dec 27 2016 01: +0,358.245,2
Dec 28 2016 01: +0,375.78,1
Dec 29 2016 01: +0,327.49,1
Dec 31 2016 01: +0,375.3,1
Jan 05 2017 01: +0,399.57,1
Jan 06 2017 01: +0,362.88,1
Jan 07 2017 01: +0,391.28,1
Jan 09 2017 01: +0,400,1
Jan 11 2017 01: +0,380.22,1
Jan 13 2017 01: +0,403.39,1
Jan 14 2017 01: +0,399.525,2
Jan 15 2017 01: +0,368.15,1
Jan 16 2017 01: +0,382.96,1
Jan 18 2017 01: +0,400,1
Jan 19 2017 01: +0,400,1
Jan 21 2017 01: +0,383.16,1
Jan 22 2017 01: +0,353.05,1
Jan 23 2017 01: +0,366.355,2
Jan 25 2017 01: +0,369.832,4
Jan 27 2017 01: +0,384.195,2
Jan 28 2017 01: +0,400,1
Jan 29 2017 01: +0,397.108,4
Jan 30 2017 01: +0,398.875,2
Jan 31 2017 01: +0,377.815,2
Feb 01 2017 01: +0,386.76,2
Feb 02 2017 01: +0,379.11,3
Feb 04 2017 01: +0,417.11,2
Feb 05 2017 01: +0,372.015,2
Feb 07 2017 01: +0,268.95,3
Feb 11 2017 01: +0,344.33,1
Feb 13 2017 01: +0,352.25,1
Feb 15 2017 01: +0,381.69,1
Feb 16 2017 01: +0,337.01,1
Feb 18 2017 01: +0,400,3
Feb 19 2017 01: +0,396.03,3
Feb 23 2017 01: +0,413.571,4
Feb 25 2017 01: +0,387.11,2
Feb 26 2017 01: +0,388.707,3
Feb 27 2017 01: +0,400,1
Feb 28 2017 01: +0,323.01,1
Mar 03 2017 01: +0,384.335,3
Mar 04 2017 01: +0,402.071,3
Mar 05 2017 01: +0,372.115,2
Mar 06 2017 01: +0,400,1
Mar 10 2017 01: +0,335.07,1
Mar 13 2017 01: +0,382.8,1
Mar 18 2017 01: +0,399.81,3
Mar 19 2017 01: +0,386.01,1
Mar 21 2017 01: +0,384.25,2
Mar 24 2017 01: +0,458.45,1
Mar 26 2017 01: +0,379.09,1
Mar 28 2017 01: +0,400,1
Mar 29 2017 01: +0,390.49,1
Mar 31 2017 01: +0,384.705,2
Apr 01 2017 01: +0,383.92,1
Apr 02 2017 01: +0,383.92,1
Apr 04 2017 01: +0,399.56,1
Apr 05 2017 01: +0,400,1
Apr 07 2017 01: +0,383.34,1
Apr 09 2017 01: +0,361.18,3
Apr 10 2017 01: +0,400,1
Apr 12 2017 01: +0,377.51,1
Apr 14 2017 01: +0,425.16,2
Apr 15 2017 01: +0,392.7,1
Apr 18 2017 01: +0,400,1
Apr 26 2017 01: +0,402.19,1
Apr 27 2017 01: +0,415.75,2
May 02 2017 01: +0,392.49,1
May 03 2017 01: +0,635.294,1
May 04 2017 01: +0,701.71,5
May 05 2017 01: +0,642,1
May 06 2017 01: +0,900.002,2
May 07 2017 01: +0,654.689,2
May 08 2017 01: +0,848.382,3
May 09 2017 01: +0,654.85,6
May 10 2017 01: +0,618.507,4
May 11 2017 01: +0,865.79,3
May 12 2017 01: +0,615.887,3
May 13 2017 01: +0,899.645,2
May 14 2017 01: +0,691.603,3
May 15 2017 01: +0,804.997,1
May 17 2017 01: +0,756.444,2
May 18 2017 01: +0,756.526,3
May 19 2017 01: +0,761.264,5
May 20 2017 01: +0,822.795,2
May 21 2017 01: +0,610.076,3
May 23 2017 01: +0,589.66,3
May 24 2017 01: +0,647.831,6
May 25 2017 01: +0,902.002,2
May 26 2017 01: +0,742.839,1
May 27 2017 01: +0,560.414,2
May 28 2017 01: +0,608.646,1
May 29 2017 01: +0,589.345,2
May 30 2017 01: +0,624.047,4
May 31 2017 01: +0,584.899,2
Jun 01 2017 01: +0,773.647,2
Jun 02 2017 01: +0,690.098,3
Jun 03 2017 01: +0,709.893,3
Jun 04 2017 01: +0,752.752,4
Jun 05 2017 01: +0,662.915,3
Jun 06 2017 01: +0,546.453,4
Jun 07 2017 01: +0,783.512,3
Jun 08 2017 01: +0,646.885,5
Jun 09 2017 01: +0,594.991,1
Jun 10 2017 01: +0,602.383,2
Jun 11 2017 01: +0,730.41,2
Jun 12 2017 01: +0,799.596,4
Jun 13 2017 01: +0,694.209,4
Jun 14 2017 01: +0,764.259,2
Jun 15 2017 01: +0,540.12,1
Jun 17 2017 01: +0,637.66,6
Jun 18 2017 01: +0,950.005,1
Jun 19 2017 01: +0,565.614,1
Jun 20 2017 01: +0,576.715,4
Jun 21 2017 01: +0,568.982,4
Jun 22 2017 01: +0,650.815,4
Jun 23 2017 01: +0,653.273,3
Jun 24 2017 01: +0,720.357,4
Jun 26 2017 01: +0,677.783,3
Jun 27 2017 01: +0,602.609,2
Jun 28 2017 01: +0,579.487,1
Jun 29 2017 01: +0,752.078,2
Jun 30 2017 01: +0,780.667,2
Jul 01 2017 01: +0,582.327,5
Jul 02 2017 01: +0,564.179,2
Jul 03 2017 01: +0,517.368,3
Jul 04 2017 01: +0,547.873,3
Jul 05 2017 01: +0,534.959,3
Jul 06 2017 01: +0,616.773,6
Jul 07 2017 01: +0,622.983,3
Jul 08 2017 01: +0,648.556,4
Jul 09 2017 01: +0,557.137,2
Jul 10 2017 01: +0,659.219,3
Jul 11 2017 01: +0,580.007,1
Jul 12 2017 01: +0,596.675,3
Jul 14 2017 01: +0,754.662,2
Jul 15 2017 01: +0,532.57,2
Jul 16 2017 01: +0,597.8,5
Jul 17 2017 01: +0,744.612,2
Jul 18 2017 01: +0,594.321,2
Jul 20 2017 01: +0,684.688,5
Jul 21 2017 01: +0,584.623,2
Jul 22 2017 01: +0,773.108,2
Jul 23 2017 01: +0,604.99,1
Jul 24 2017 01: +0,732,2
Jul 25 2017 01: +0,918.944,1
Jul 26 2017 01: +0,699.108,2
Jul 27 2017 01: +0,588.471,5
Jul 28 2017 01: +0,540.529,2
Jul 29 2017 01: +0,712.3,3
Jul 30 2017 01: +0,540.67,2
Jul 31 2017 01: +0,552.103,3
Aug 01 2017 01: +0,632.135,3
Aug 02 2017 01: +0,649.668,3
Aug 03 2017 01: +0,730.492,2
Aug 04 2017 01: +0,618.353,2
Aug 05 2017 01: +0,555.983,6
Aug 06 2017 01: +0,799.995,1
Aug 08 2017 01: +0,691.138,5
Aug 09 2017 01: +0,660.829,1
Aug 10 2017 01: +0,672.664,3
Aug 11 2017 01: +0,666.226,3
Aug 12 2017 01: +0,708.26,3
Aug 13 2017 01: +0,590.707,5
Aug 14 2017 01: +0,657.872,4
Aug 15 2017 01: +0,664.787,3
Aug 16 2017 01: +0,587.815,3
Aug 17 2017 01: +0,690.516,3
Aug 18 2017 01: +0,642.88,1
Aug 19 2017 01: +0,700,1
Aug 20 2017 01: +0,578.193,4
Aug 21 2017 01: +0,706.564,6
Aug 22 2017 01: +0,600.348,1
Aug 23 2017 01: +0,586.686,1
Aug 25 2017 01: +0,637.501,2
Aug 27 2017 01: +0,712.761,4
Aug 28 2017 01: +0,618.367,3
Aug 29 2017 01: +0,697.812,4
Aug 30 2017 01: +0,649.208,1
Aug 31 2017 01: +0,977.5,1
Sep 01 2017 01: +0,669.212,3
Sep 02 2017 01: +0,598.962,4
Sep 03 2017 01: +0,595.464,1
Sep 04 2017 01: +0,732.059,3
Sep 05 2017 01: +0,630.13,1
Sep 06 2017 01: +0,685.124,4
Sep 07 2017 01: +0,643.77,1
Sep 09 2017 01: +0,623.761,5
Sep 10 2017 01: +0,549.917,3
Sep 12 2017 01: +0,617.442,4
Sep 13 2017 01: +0,605.052,5
Sep 14 2017 01: +0,849.994,1
Sep 15 2017 01: +0,599.89,1
Sep 16 2017 01: +0,599.986,1
Sep 17 2017 01: +0,560.43,1
Sep 18 2017 01: +0,591.025,2
Sep 19 2017 01: +0,679.311,2
Sep 20 2017 01: +0,545.704,3
Sep 21 2017 01: +0,582.164,2
Sep 22 2017 01: +0,707.461,4
Sep 23 2017 01: +0,599.196,1
Sep 24 2017 01: +0,699.14,3
Sep 25 2017 01: +0,540.79,1
Sep 26 2017 01: +0,583.207,2
Sep 27 2017 01: +0,580.891,4
Sep 28 2017 01: +0,687.912,1
Sep 29 2017 01: +0,577.737,3
Sep 30 2017 01: +0,582.231,3
Oct 01 2017 01: +0,628.826,3
Oct 02 2017 01: +0,573.45,5
Oct 03 2017 01: +0,602.277,5
Oct 04 2017 01: +0,574.993,1
Oct 05 2017 01: +0,1089.961,2
Oct 06 2017 01: +0,609.315,4
Oct 07 2017 01: +0,591.328,6
Oct 08 2017 01: +0,830.018,1
Oct 10 2017 01: +0,714.645,6
Oct 11 2017 01: +0,517.28,1
Oct 12 2017 01: +0,634.472,3
Oct 15 2017 01: +0,588.614,1
Oct 16 2017 01: +0,606.919,1
Oct 17 2017 01: +0,600.006,1
Oct 18 2017 01: +0,565.167,5
Oct 19 2017 01: +0,669.473,4
Oct 20 2017 01: +0,733.221,3
Oct 22 2017 01: +0,698.513,2
Oct 23 2017 01: +0,674.2,1
Oct 26 2017 01: +0,668.087,5
Oct 27 2017 01: +0,1082.475,2
Oct 30 2017 01: +0,972.555,2
Oct 31 2017 01: +0,646.789,1
Nov 01 2017 01: +0,618.876,2
Nov 02 2017 01: +0,588.956,3
Nov 03 2017 01: +0,651.686,4
Nov 04 2017 01: +0,630.669,4
Nov 05 2017 01: +0,741.759,1
Nov 06 2017 01: +0,670.043,4
Nov 07 2017 01: +0,570.602,1
Nov 08 2017 01: +0,599.942,3
Nov 09 2017 01: +0,510,1
Nov 10 2017 01: +0,567.153,1
Nov 11 2017 01: +0,594.27,1
Nov 12 2017 01: +0,582.933,2
Nov 13 2017 01: +0,530.091,3
Nov 15 2017 01: +0,516.318,2
Nov 16 2017 01: +0,638.588,3
Nov 17 2017 01: +0,777.493,3
Nov 18 2017 01: +0,793.08,1
Nov 19 2017 01: +0,678.713,2
Nov 21 2017 01: +0,681.443,4
Nov 22 2017 01: +0,644,1
Nov 23 2017 01: +0,742.501,2
Nov 25 2017 01: +0,633.09,1
Nov 26 2017 01: +0,586.532,2
Nov 28 2017 01: +0,582.15,2
Dec 01 2017 01: +0,750.81,2
Dec 02 2017 01: +0,882.113,1
Dec 03 2017 01: +0,622.878,2
Dec 04 2017 01: +0,633.012,2
Dec 05 2017 01: +0,625.711,3
Dec 06 2017 01: +0,628.026,2
Dec 07 2017 01: +0,629.69,3
Dec 09 2017 01: +0,708.779,1
Dec 10 2017 01: +0,648.312,4
Dec 11 2017 01: +0,670.311,1
Dec 12 2017 01: +0,645.138,1
Dec 13 2017 01: +0,600.018,1
Dec 15 2017 01: +0,537.3,1
Dec 17 2017 01: +0,656.466,3
Dec 18 2017 01: +0,643.234,3
Dec 19 2017 01: +0,588.581,1
Dec 20 2017 01: +0,600.666,2
Dec 21 2017 01: +0,598.125,2
Dec 22 2017 01: +0,535.969,1
Dec 23 2017 01: +0,942.17,1
Dec 24 2017 01: +0,680.86,1
Dec 25 2017 01: +0,650.268,2
Dec 26 2017 01: +0,539.21,1
Dec 27 2017 01: +0,681.786,1
Dec 29 2017 01: +0,547.45,1
Dec 30 2017 01: +0,570.724,2
Jan 01 2018 01: +0,548.167,3
Jan 02 2018 01: +0,733.573,2
Jan 03 2018 01: +0,961.582,1
Jan 04 2018 01: +0,548.2,1
Jan 05 2018 01: +0,538.157,5
Jan 06 2018 01: +0,594.28,1
Jan 08 2018 01: +0,495,2
Jan 09 2018 01: +0,655.909,4
Jan 10 2018 01: +0,595.7,1
Jan 11 2018 01: +0,674.685,2
Jan 13 2018 01: +0,599.599,2
Jan 14 2018 01: +0,773.097,2
Jan 15 2018 01: +0,682.518,1
Jan 17 2018 01: +0,975.675,1
Jan 18 2018 01: +0,600.253,2
Jan 19 2018 01: +0,782.196,2
Jan 20 2018 01: +0,665.165,3
Jan 21 2018 01: +0,637.489,2
Jan 22 2018 01: +0,548.64,3
Jan 23 2018 01: +0,998.52,4
Jan 24 2018 01: +0,621,1
Jan 25 2018 01: +0,666.241,4
Jan 26 2018 01: +0,622.455,1
Jan 28 2018 01: +0,512.78,1
Jan 29 2018 01: +0,542.037,1
Jan 30 2018 01: +0,526.793,2
Jan 31 2018 01: +0,951.998,1
Feb 01 2018 01: +0,728.116,1
Feb 02 2018 01: +0,569.317,1
Feb 03 2018 01: +0,568.851,1
Feb 05 2018 01: +0,639.98,2
Feb 06 2018 01: +0,992.817,1
Feb 07 2018 01: +0,693.687,4
Feb 08 2018 01: +0,583.509,2
Feb 09 2018 01: +0,703.958,1
Feb 11 2018 01: +0,545.788,2
Feb 12 2018 01: +0,645.109,4
Feb 13 2018 01: +0,792.923,1
Feb 14 2018 01: +0,818.741,2
Feb 15 2018 01: +0,799.943,2
Feb 16 2018 01: +0,686.41,3
Feb 17 2018 01: +0,578.689,4
Feb 18 2018 01: +0,615.272,3
Feb 19 2018 01: +0,771.461,2
Feb 21 2018 01: +0,528.24,1
Feb 22 2018 01: +0,657.508,3
Feb 24 2018 01: +0,554.232,1
Feb 25 2018 01: +0,626.738,1
Feb 27 2018 01: +0,611.119,3
Feb 28 2018 01: +0,545.1,1
Mar 01 2018 01: +0,724.857,4
Mar 02 2018 01: +0,643.664,4
Mar 03 2018 01: +0,610.52,2
Mar 04 2018 01: +0,677.688,2
Mar 06 2018 01: +0,712.123,2
Mar 08 2018 01: +0,682.942,3
Mar 09 2018 01: +0,748.978,6
Mar 12 2018 01: +0,667.001,1
Mar 14 2018 01: +0,977.5,1
Mar 16 2018 01: +0,606.839,3
Mar 17 2018 01: +0,767.795,1
Mar 18 2018 01: +0,776.408,1
Mar 20 2018 01: +0,593.777,1
Mar 24 2018 01: +0,946.021,1
Mar 25 2018 01: +0,739.081,1
Mar 27 2018 01: +0,632.481,1
Mar 28 2018 01: +0,632.5,1
Mar 30 2018 01: +0,694.55,3
Apr 01 2018 01: +0,0.34,1
Apr 02 2018 01: +0,501.543,1
Apr 03 2018 01: +0,646.892,5
Apr 04 2018 01: +0,660.972,1
Apr 05 2018 01: +0,602.987,1
Apr 07 2018 01: +0,950.53,1
Apr 08 2018 01: +0,605.612,1
Apr 09 2018 01: +0,844.612,1
Apr 10 2018 01: +0,542.961,3
Apr 11 2018 01: +0,681.46,1
Apr 12 2018 01: +0,564.195,1
Apr 13 2018 01: +0,552.01,1
Apr 14 2018 01: +0,716.529,2
Apr 15 2018 01: +0,318.424,2
Apr 18 2018 01: +0,576.739,2
Apr 20 2018 01: +0,616.021,4
Apr 21 2018 01: +0,648.421,3
Apr 22 2018 01: +0,566.995,3
Apr 23 2018 01: +0,669.767,2
Apr 25 2018 01: +0,618.512,3
Apr 26 2018 01: +0,609.476,3
Apr 27 2018 01: +0,587.542,5
Apr 28 2018 01: +0,615.008,1
Apr 29 2018 01: +0,618.408,3
May 02 2018 01: +0,456.118,2
May 04 2018 01: +0,658.72,2
May 05 2018 01: +0,498.431,1
May 06 2018 01: +0,573.607,4
May 07 2018 01: +0,528.395,4
May 08 2018 01: +0,508.148,6
May 09 2018 01: +0,644.529,2
May 10 2018 01: +0,599.183,2
May 11 2018 01: +0,456.365,3
May 12 2018 01: +0,732.519,3
May 13 2018 01: +0,524.332,1
May 14 2018 01: +0,585.653,3
May 15 2018 01: +0,503.421,5
May 18 2018 01: +0,534.693,2
May 19 2018 01: +0,519.584,3
May 20 2018 01: +0,530.418,4
May 21 2018 01: +0,702.002,1
May 23 2018 01: +0,440,1
May 24 2018 01: +0,461.105,1
May 25 2018 01: +0,461.182,6
May 26 2018 01: +0,436.017,3
May 27 2018 01: +0,545.329,1
May 28 2018 01: +0,523.584,2
May 29 2018 01: +0,457.621,5
May 30 2018 01: +0,419.734,1
May 31 2018 01: +0,715.687,1
Jun 01 2018 01: +0,599.171,2
Jun 02 2018 01: +0,72.818,1
Jun 03 2018 01: +0,498.52,3
Jun 04 2018 01: +0,577.71,2
Jun 05 2018 01: +0,730.542,3
Jun 06 2018 01: +0,560.163,8
Jun 07 2018 01: +0,415.977,2
Jun 08 2018 01: +0,424.201,1
Jun 09 2018 01: +0,418.236,4
Jun 10 2018 01: +0,416.195,2
Jun 11 2018 01: +0,568.51,2
Jun 12 2018 01: +0,390.26,1
Jun 13 2018 01: +0,489.675,4
Jun 14 2018 01: +0,383.178,4
Jun 15 2018 01: +0,403.669,2
Jun 17 2018 01: +0,377.403,1
Jun 18 2018 01: +0,432.127,8
Jun 19 2018 01: +0,373.573,3
Jun 20 2018 01: +0,382.198,5
Jun 21 2018 01: +0,442.5,4
Jun 22 2018 01: +0,382.953,2
Jun 23 2018 01: +0,482.614,5
Jun 24 2018 01: +0,367,2
Jun 25 2018 01: +0,385.032,5
Jun 26 2018 01: +0,368.738,2
Jun 27 2018 01: +0,426.023,4
Jun 28 2018 01: +0,556.418,2
Jun 29 2018 01: +0,402.086,2
Jun 30 2018 01: +0,487.245,3
Jul 01 2018 01: +0,251.43,1
Jul 02 2018 01: +0,423.476,1
Jul 03 2018 01: +0,430.365,3
Jul 04 2018 01: +0,446.094,4
Jul 05 2018 01: +0,460.897,3
Jul 07 2018 01: +0,427.285,3
Jul 08 2018 01: +0,498.133,5
Jul 09 2018 01: +0,412.038,2
Jul 11 2018 01: +0,432.675,7
Jul 12 2018 01: +0,426.212,5
Jul 13 2018 01: +0,459.876,3
Jul 14 2018 01: +0,458.871,3
Jul 15 2018 01: +0,592.811,5
Jul 16 2018 01: +0,444.039,1
Jul 17 2018 01: +0,471.741,4
Jul 18 2018 01: +0,449.783,3
Jul 19 2018 01: +0,412.528,1
Jul 20 2018 01: +0,591.722,2
Jul 21 2018 01: +0,462.471,3
Jul 22 2018 01: +0,412.882,3
Jul 23 2018 01: +0,600.107,2
Jul 24 2018 01: +0,423.378,6
Jul 25 2018 01: +0,451.553,2
Jul 26 2018 01: +0,484.045,6
Jul 27 2018 01: +0,475.526,3
Jul 28 2018 01: +0,718.65,2
Jul 29 2018 01: +0,459.802,2
Jul 30 2018 01: +0,531.181,4
Jul 31 2018 01: +0,456.849,2
Aug 01 2018 01: +0,399.06,1
Aug 02 2018 01: +0,513.634,4
Aug 03 2018 01: +0,418.706,3
Aug 04 2018 01: +0,408.754,2
Aug 05 2018 01: +0,665.409,3
Aug 06 2018 01: +0,459.705,4
Aug 07 2018 01: +0,605.987,4
Aug 08 2018 01: +0,449.674,2
Aug 09 2018 01: +0,428.246,4
Aug 10 2018 01: +0,509.187,5
Aug 11 2018 01: +0,414.543,6
Aug 12 2018 01: +0,423.322,6
Aug 13 2018 01: +0,504.424,7
Aug 14 2018 01: +0,499.664,7
Aug 15 2018 01: +0,292.951,3
Aug 16 2018 01: +0,449.823,2
Aug 17 2018 01: +0,426.298,3
Aug 18 2018 01: +0,608.466,3
Aug 19 2018 01: +0,420.743,3
Aug 20 2018 01: +0,493.117,1
Aug 22 2018 01: +0,473.527,6
Aug 23 2018 01: +0,497.614,4
Aug 24 2018 01: +0,618.451,2
Aug 25 2018 01: +0,629.297,6
Aug 26 2018 01: +0,441.705,3
Aug 27 2018 01: +0,476.119,3
Aug 28 2018 01: +0,566.928,4
Aug 29 2018 01: +0,464.461,2
Aug 30 2018 01: +0,461.694,5
Aug 31 2018 01: +0,446.524,3
Sep 01 2018 01: +0,410.008,1
Sep 02 2018 01: +0,457.596,10
Sep 03 2018 01: +0,562.605,3
Sep 04 2018 01: +0,433.446,4
Sep 05 2018 01: +0,418.38,5
Sep 06 2018 01: +0,491.057,2
Sep 07 2018 01: +0,546.378,7
Sep 08 2018 01: +0,551.77,4
Sep 09 2018 01: +0,419.458,3
Sep 10 2018 01: +0,414.915,4
Sep 11 2018 01: +0,391.089,1
Sep 13 2018 01: +0,432.793,3
Sep 14 2018 01: +0,449.015,4
Sep 15 2018 01: +0,461.285,4
Sep 16 2018 01: +0,541.289,6
Sep 17 2018 01: +0,451.466,3
Sep 18 2018 01: +0,584.252,6
Sep 20 2018 01: +0,475.329,2
Sep 21 2018 01: +0,471.511,6
Sep 22 2018 01: +0,484.849,2
Sep 23 2018 01: +0,455.444,2
Sep 24 2018 01: +0,525.901,2
Sep 25 2018 01: +0,530.176,2
Sep 26 2018 01: +0,635.673,2
Sep 27 2018 01: +0,499.15,2
Sep 28 2018 01: +0,621.732,5
Sep 29 2018 01: +0,816.251,2
Sep 30 2018 01: +0,507.854,1
Oct 01 2018 01: +0,487.787,2
Oct 02 2018 01: +0,486.855,4
Oct 03 2018 01: +0,484.064,6
Oct 05 2018 01: +0,534.453,3
Oct 06 2018 01: +0,630.229,2
Oct 07 2018 01: +0,540.351,2
Oct 08 2018 01: +0,471.853,2
Oct 09 2018 01: +0,622.428,4
Oct 10 2018 01: +0,583.629,1
Oct 11 2018 01: +0,494.172,5
Oct 12 2018 01: +0,500.7,1
Oct 13 2018 01: +0,644.579,3
Oct 16 2018 01: +0,565.111,5
Oct 17 2018 01: +0,584.522,7
Oct 18 2018 01: +0,467.494,1
Oct 19 2018 01: +0,476.705,1
Oct 20 2018 01: +0,521.117,6
Oct 22 2018 01: +0,534.045,4
Oct 23 2018 01: +0,507.729,2
Oct 24 2018 01: +0,484.937,1
Oct 25 2018 01: +0,435.729,2
Oct 26 2018 01: +0,500.314,2
Oct 27 2018 01: +0,426.889,1
Oct 28 2018 01: +0,446.854,5
Oct 29 2018 01: +0,463.476,2
Oct 30 2018 01: +0,488.269,1
Oct 31 2018 01: +0,449.895,3
Nov 01 2018 01: +0,684.848,2
Nov 02 2018 01: +0,398.061,3
Nov 03 2018 01: +0,520.031,3
Nov 04 2018 01: +0,492.426,4
Nov 05 2018 01: +0,485.844,2
Nov 06 2018 01: +0,695.518,3
Nov 07 2018 01: +0,439.926,2
Nov 08 2018 01: +0,481.736,3
Nov 09 2018 01: +0,641.931,2
Nov 10 2018 01: +0,595.119,3
Nov 11 2018 01: +0,511.335,4
Nov 12 2018 01: +0,551.5,1
Nov 13 2018 01: +0,487.2,5
Nov 14 2018 01: +0,596.811,3
Nov 15 2018 01: +0,706.01,1
Nov 16 2018 01: +0,534.694,2
Nov 17 2018 01: +0,498.686,2
Nov 18 2018 01: +0,706.798,4
Nov 19 2018 01: +0,504.627,1
Nov 20 2018 01: +0,436.174,3
Nov 21 2018 01: +0,499.601,4
Nov 23 2018 01: +0,463.976,2
Nov 24 2018 01: +0,527.1,2
Nov 27 2018 01: +0,452.94,4
Nov 28 2018 01: +0,442.11,3
Nov 29 2018 01: +0,464,1
Nov 30 2018 01: +0,477.684,6
Dec 01 2018 01: +0,487.827,1
Dec 02 2018 01: +0,543.094,5
Dec 03 2018 01: +0,474.464,2
Dec 04 2018 01: +0,491.681,1
Dec 05 2018 01: +0,454.995,2
Dec 06 2018 01: +0,531.933,2
Dec 07 2018 01: +0,472.351,4
Dec 08 2018 01: +0,764.504,1
Dec 10 2018 01: +0,477.588,2
Dec 11 2018 01: +0,531.102,1
Dec 12 2018 01: +0,517.066,5
Dec 13 2018 01: +0,478.668,2
Dec 14 2018 01: +0,583.793,4
Dec 15 2018 01: +0,489.003,1
Dec 16 2018 01: +0,485.53,1
Dec 17 2018 01: +0,445.59,2
Dec 18 2018 01: +0,562.8,5
Dec 19 2018 01: +0,464.088,4
Dec 20 2018 01: +0,599.02,5
Dec 21 2018 01: +0,493.329,4
Dec 22 2018 01: +0,425.557,1
Dec 24 2018 01: +0,593.979,5
Dec 25 2018 01: +0,490.797,3
Dec 26 2018 01: +0,442.984,2
Dec 27 2018 01: +0,442.978,3
Dec 28 2018 01: +0,484.806,2
Dec 29 2018 01: +0,511.421,3
Dec 30 2018 01: +0,504.288,3
Dec 31 2018 01: +0,670.449,4
Jan 01 2019 01: +0,502.813,1
Jan 02 2019 01: +0,485.784,3
Jan 03 2019 01: +0,459.463,4
Jan 04 2019 01: +0,462.876,1
Jan 05 2019 01: +0,584.406,2
Jan 06 2019 01: +0,469.886,1
Jan 07 2019 01: +0,485.275,1
Jan 08 2019 01: +0,534.712,4
Jan 09 2019 01: +0,463.895,2
Jan 10 2019 01: +0,440.614,2
Jan 11 2019 01: +0,496.757,3
Jan 12 2019 01: +0,621.286,3
Jan 13 2019 01: +0,543.943,2
Jan 15 2019 01: +0,527.977,5
Jan 16 2019 01: +0,615.518,4
Jan 17 2019 01: +0,601.007,2
Jan 18 2019 01: +0,439.191,1
Jan 19 2019 01: +0,561.825,4
Jan 20 2019 01: +0,528.294,3
Jan 21 2019 01: +0,562.887,4
Jan 22 2019 01: +0,529.021,4
Jan 23 2019 01: +0,450.909,2
Jan 24 2019 01: +0,556.302,3
Jan 25 2019 01: +0,511.33,1
Jan 26 2019 01: +0,590.857,1
Jan 27 2019 01: +0,491.864,2
Jan 28 2019 01: +0,512.062,3
Jan 29 2019 01: +0,518.075,5
Jan 30 2019 01: +0,563.193,4
Jan 31 2019 01: +0,609.636,5
Feb 02 2019 01: +0,510.057,3
Feb 03 2019 01: +0,485.012,2
Feb 04 2019 01: +0,497.425,3
Feb 05 2019 01: +0,485.215,3
Feb 06 2019 01: +0,540.989,4
Feb 07 2019 01: +0,642,1
Feb 08 2019 01: +0,519.683,3
Feb 09 2019 01: +0,589.395,9
Feb 10 2019 01: +0,685.597,4
Feb 11 2019 01: +0,676.489,2
Feb 12 2019 01: +0,547.057,3
Feb 13 2019 01: +0,523.857,2
Feb 14 2019 01: +0,519.266,3
Feb 16 2019 01: +0,537.999,3
Feb 17 2019 01: +0,461.609,1
Feb 18 2019 01: +0,490.673,2
Feb 19 2019 01: +0,537.453,4
Feb 20 2019 01: +0,511.053,3
Feb 21 2019 01: +0,542.557,1
Feb 22 2019 01: +0,557.401,1
Feb 23 2019 01: +0,531.431,4
Feb 24 2019 01: +0,452.543,2
Feb 25 2019 01: +0,459.917,2
Feb 26 2019 01: +0,482.728,4
Feb 27 2019 01: +0,475.186,2
Feb 28 2019 01: +0,505.459,3
Mar 01 2019 01: +0,518.44,1
Mar 02 2019 01: +0,581.739,7
Mar 03 2019 01: +0,1110.417,1
Mar 04 2019 01: +0,529.199,1
Mar 05 2019 01: +0,460.056,1
Mar 06 2019 01: +0,525.453,6
Mar 08 2019 01: +0,528.39,7
Mar 09 2019 01: +0,713.536,4
Mar 10 2019 01: +0,633.735,3
Mar 11 2019 01: +0,690.783,2
Mar 12 2019 01: +0,539.902,3
Mar 13 2019 01: +0,568.141,2
Mar 14 2019 01: +0,511.861,7
Mar 15 2019 01: +0,662.931,3
Mar 16 2019 01: +0,595.605,6
Mar 17 2019 01: +0,680.853,3
Mar 18 2019 01: +0,519.966,1
Mar 19 2019 01: +0,572.812,3
Mar 20 2019 01: +0,555.427,1
Mar 21 2019 01: +0,650.127,3
Mar 22 2019 01: +0,611.403,1
Mar 23 2019 01: +0,636.644,5
Mar 24 2019 01: +0,532.506,4
Mar 25 2019 01: +0,685.2,2
Mar 26 2019 01: +0,574.858,3
Mar 27 2019 01: +0,513.775,4
Mar 28 2019 01: +0,593.558,4
Mar 29 2019 01: +0,528.804,2
Mar 30 2019 01: +0,566.525,7
Mar 31 2019 01: +0,639.927,6
Apr 01 2019 01: +0,517.852,6
Apr 02 2019 01: +0,543.897,3
Apr 03 2019 01: +0,519.7,1
Apr 04 2019 01: +0,662.777,3
Apr 05 2019 01: +0,539.596,3
Apr 06 2019 01: +0,804.978,1
Apr 07 2019 01: +0,569.239,4
Apr 08 2019 01: +0,632.762,5
Apr 09 2019 01: +0,596.158,2
Apr 10 2019 01: +0,550.886,4
Apr 11 2019 01: +0,655.386,7
Apr 12 2019 01: +0,639.148,3
Apr 13 2019 01: +0,863.118,2
Apr 14 2019 01: +0,522.182,6
Apr 15 2019 01: +0,610.057,2
Apr 16 2019 01: +0,514.459,3
Apr 17 2019 01: +0,596.731,4
Apr 18 2019 01: +0,659.39,1
Apr 19 2019 01: +0,570.77,7
Apr 20 2019 01: +0,604.9,1
Apr 22 2019 01: +0,586.369,2
Apr 23 2019 01: +0,591.009,5
Apr 24 2019 01: +0,584.588,1
Apr 25 2019 01: +0,514.593,5
Apr 26 2019 01: +0,541.774,3
Apr 27 2019 01: +0,537.686,2
Apr 28 2019 01: +0,586.36,1
Apr 29 2019 01: +0,559.305,1
Apr 30 2019 01: +0,628.735,2
May 01 2019 01: +0,625.321,4
May 02 2019 01: +0,587.217,2
May 03 2019 01: +0,634.25,4
May 04 2019 01: +0,631.231,4
May 05 2019 01: +0,581.956,5
May 06 2019 01: +0,605.083,4
May 07 2019 01: +0,531.625,4
May 08 2019 01: +0,527.634,1
May 09 2019 01: +0,517.404,5
May 10 2019 01: +0,558.838,7
May 11 2019 01: +0,516.369,5
May 12 2019 01: +0,507.821,1
May 13 2019 01: +0,572.503,2
May 14 2019 01: +0,515.943,5
May 16 2019 01: +0,602.464,4
May 17 2019 01: +0,562.033,7
May 18 2019 01: +0,669.937,4
May 19 2019 01: +0,643.41,4
May 20 2019 01: +0,521.562,3
May 21 2019 01: +0,574.209,2
May 22 2019 01: +0,560.17,4
May 23 2019 01: +0,719.022,3
May 24 2019 01: +0,549.859,4
May 25 2019 01: +0,897.754,3
May 26 2019 01: +0,557.744,2
May 27 2019 01: +0,542.835,2
May 28 2019 01: +0,568.043,1
May 29 2019 01: +0,726.882,3
May 30 2019 01: +0,1090.431,1
Jun 01 2019 01: +0,570.769,3
Jun 02 2019 01: +0,561.753,3
Jun 03 2019 01: +0,531.999,2
Jun 04 2019 01: +0,783.552,3
Jun 05 2019 01: +0,656.624,3
Jun 06 2019 01: +0,578.034,3
Jun 07 2019 01: +0,583.904,3
Jun 08 2019 01: +0,671.459,8
Jun 09 2019 01: +0,580.75,1
Jun 10 2019 01: +0,580.703,4
Jun 11 2019 01: +0,547.34,3
Jun 13 2019 01: +0,782.446,2
Jun 14 2019 01: +0,668.69,2
Jun 15 2019 01: +0,769.54,1
Jun 16 2019 01: +0,573.767,1
Jun 18 2019 01: +0,609.634,3
Jun 19 2019 01: +0,637.719,5
Jun 20 2019 01: +0,539.226,2
Jun 22 2019 01: +0,670.313,3
Jun 24 2019 01: +0,587.899,2
Jun 25 2019 01: +0,952.996,1
Jun 27 2019 01: +0,782.121,8
Jun 28 2019 01: +0,591.016,2
Jun 29 2019 01: +0,563.137,2
Jun 30 2019 01: +0,591.3,2
Jul 02 2019 01: +0,642.887,1
Jul 03 2019 01: +0,589.606,2
Jul 04 2019 01: +0,622.083,2
Jul 05 2019 01: +0,591.566,2
Jul 06 2019 01: +0,819.64,2
Jul 07 2019 01: +0,674.751,2
Jul 08 2019 01: +0,642.683,4
Jul 09 2019 01: +0,736.338,1
Jul 11 2019 01: +0,631.618,1
Jul 12 2019 01: +0,639.788,1
Jul 14 2019 01: +0,602.046,2
Jul 15 2019 01: +0,565.714,3
Jul 16 2019 01: +0,574.175,3
Jul 17 2019 01: +0,612.446,3
Jul 19 2019 01: +0,660.008,1
Jul 20 2019 01: +0,884.187,4
Jul 21 2019 01: +0,828.387,2
Jul 22 2019 01: +0,1092.968,1
Jul 23 2019 01: +0,656.775,3
Jul 24 2019 01: +0,844.825,2
Jul 25 2019 01: +0,779.899,5
Jul 26 2019 01: +0,841.624,3
Jul 27 2019 01: +0,654.156,3
Jul 28 2019 01: +0,740.248,1
Jul 29 2019 01: +0,669.04,5
Jul 31 2019 01: +0,651.694,2
Aug 01 2019 01: +0,634.754,1
Aug 02 2019 01: +0,719.402,3
Aug 03 2019 01: +0,674.72,1
Aug 04 2019 01: +0,730.618,4
Aug 07 2019 01: +0,641.077,3
Aug 08 2019 01: +0,685.112,3
Aug 09 2019 01: +0,654.957,2
Aug 10 2019 01: +0,640.737,2
Aug 11 2019 01: +0,675.974,1
Aug 13 2019 01: +0,731.651,6
Aug 15 2019 01: +0,661.906,6
Aug 16 2019 01: +0,661.014,1
Aug 18 2019 01: +0,603.224,1
Aug 19 2019 01: +0,1018.897,2
Aug 20 2019 01: +0,748.981,2
Aug 22 2019 01: +0,636.757,2
Aug 24 2019 01: +0,559.148,1
Aug 25 2019 01: +0,793.303,2
Aug 26 2019 01: +0,610.788,4
Aug 27 2019 01: +0,575.905,3
Aug 29 2019 01: +0,777.422,4
Aug 30 2019 01: +0,594.125,2
Aug 31 2019 01: +0,743.383,1
Sep 01 2019 01: +0,836.441,4
Sep 02 2019 01: +0,670.768,2
Sep 03 2019 01: +0,772.24,1
Sep 04 2019 01: +0,661.635,4
Sep 05 2019 01: +0,898.112,2
Sep 06 2019 01: +0,725.438,2
Sep 07 2019 01: +0,734.814,2
Sep 08 2019 01: +0,657.783,4
Sep 10 2019 01: +0,684.165,1
Sep 12 2019 01: +0,878.097,2
Sep 13 2019 01: +0,657.224,5
Sep 14 2019 01: +0,1339.82,1
Sep 15 2019 01: +0,759.535,3
Sep 16 2019 01: +0,850.01,1
Sep 17 2019 01: +0,867.701,2
Sep 19 2019 01: +0,972.062,2
Sep 20 2019 01: +0,756.818,2
Sep 21 2019 01: +0,664.924,2
Sep 23 2019 01: +0,652.224,2
Sep 24 2019 01: +0,693.838,6
Sep 27 2019 01: +0,268.32,1
Sep 28 2019 01: +0,631.475,4
Sep 29 2019 01: +0,576.906,3
Oct 02 2019 01: +0,813.59,1
Oct 03 2019 01: +0,716.548,3
Oct 04 2019 01: +0,633.657,2
Oct 05 2019 01: +0,683.608,4
Oct 07 2019 01: +0,569.797,2
Oct 08 2019 01: +0,681.678,4
Oct 09 2019 01: +0,645.484,3
Oct 10 2019 01: +0,671.97,1
Oct 11 2019 01: +0,600.003,1
Oct 12 2019 01: +0,570.761,2
Oct 13 2019 01: +0,602.926,2
Oct 14 2019 01: +0,671.599,3
Oct 15 2019 01: +0,610.004,1
Oct 16 2019 01: +0,740.984,5
Oct 17 2019 01: +0,574.302,1
Oct 18 2019 01: +0,767.895,3
Oct 19 2019 01: +0,641.12,6
Oct 20 2019 01: +0,1298.89,1
Oct 21 2019 01: +0,633.823,5
Oct 22 2019 01: +0,687.51,2
Oct 23 2019 01: +0,620.016,1
Oct 24 2019 01: +0,630.364,2
Oct 25 2019 01: +0,785.02,2
Oct 26 2019 01: +0,642.207,1
Oct 27 2019 01: +0,656.587,2
Oct 28 2019 01: +0,831.688,1
Oct 29 2019 01: +0,619.436,3
Oct 30 2019 01: +0,664.677,3
Oct 31 2019 01: +0,991.806,2
Nov 01 2019 01: +0,584.538,3
Nov 02 2019 01: +0,704.667,5
Nov 03 2019 01: +0,647.71,2
Nov 04 2019 01: +0,635.58,1
Nov 05 2019 01: +0,580.51,3
Nov 06 2019 01: +0,729.827,4
Nov 07 2019 01: +0,876.538,5
Nov 08 2019 01: +0,907.715,1
Nov 09 2019 01: +0,745.94,3
Nov 10 2019 01: +0,951.625,2
Nov 13 2019 01: +0,620.889,2
Nov 15 2019 01: +0,677.642,2
Nov 16 2019 01: +0,656.961,2
Nov 17 2019 01: +0,679.02,2
Nov 19 2019 01: +0,709.915,2
Nov 20 2019 01: +0,552.179,1
Nov 21 2019 01: +0,606.354,1
Nov 22 2019 01: +0,587,1
Nov 23 2019 01: +0,638.415,3
Nov 24 2019 01: +0,769.829,3
Nov 25 2019 01: +0,660.61,1
Nov 26 2019 01: +0,523.066,1
Nov 27 2019 01: +0,697.55,2
Nov 28 2019 01: +0,707.474,1
Nov 29 2019 01: +0,614.662,2
Nov 30 2019 01: +0,597.174,2
Dec 03 2019 01: +0,714.165,3
Dec 04 2019 01: +0,1170.83,1
Dec 05 2019 01: +0,721.3,1
Dec 07 2019 01: +0,655.831,4
Dec 09 2019 01: +0,750.088,3
Dec 11 2019 01: +0,840.054,2
Dec 12 2019 01: +0,842.561,3
Dec 13 2019 01: +0,806.369,3
Dec 14 2019 01: +0,668.358,2
Dec 15 2019 01: +0,653.88,2
Dec 16 2019 01: +0,778.514,1
Dec 17 2019 01: +0,600.195,3
Dec 18 2019 01: +0,704.915,3
Dec 19 2019 01: +0,668.461,2
Dec 20 2019 01: +0,611.632,1
Dec 21 2019 01: +0,622.905,1
Dec 22 2019 01: +0,647.256,4
Dec 23 2019 01: +0,610.006,1
Dec 25 2019 01: +0,720.371,3
Dec 26 2019 01: +0,695.789,4
Dec 27 2019 01: +0,905.897,3
Dec 28 2019 01: +0,868.387,2
Dec 29 2019 01: +0,752.555,1
Dec 30 2019 01: +0,722.604,3
Dec 31 2019 01: +0,741.02,1
Jan 01 2020 01: +0,848.68,3
Jan 02 2020 01: +0,670.366,3
Jan 04 2020 01: +0,1070.57,1
Jan 05 2020 01: +0,758.961,3
Jan 06 2020 01: +0,649.913,1
Jan 07 2020 01: +0,747.478,4
Jan 08 2020 01: +0,864.547,3
Jan 09 2020 01: +0,983.764,4
Jan 10 2020 01: +0,736.042,4
Jan 11 2020 01: +0,649.405,1
Jan 12 2020 01: +0,694.091,2
Jan 13 2020 01: +0,666.312,3
Jan 14 2020 01: +0,648.992,1
Jan 15 2020 01: +0,721.986,1
Jan 16 2020 01: +0,743.54,1
Jan 17 2020 01: +0,687.636,1
Jan 18 2020 01: +0,684.091,3
Jan 19 2020 01: +0,962.937,5
Jan 20 2020 01: +0,655.312,1
Jan 21 2020 01: +0,779.247,2
Jan 22 2020 01: +0,775.619,2
Jan 23 2020 01: +0,637.134,1
Jan 24 2020 01: +0,1031.452,2
Jan 25 2020 01: +0,902.606,3
Jan 26 2020 01: +0,725.006,1
Jan 27 2020 01: +0,680.756,2
Jan 28 2020 01: +0,866.921,3
Jan 29 2020 01: +0,796.577,3
Jan 30 2020 01: +0,675.09,2
Jan 31 2020 01: +0,693.587,1
Feb 01 2020 01: +0,728.182,1
Feb 02 2020 01: +0,693.393,3
Feb 03 2020 01: +0,680.27,2
Feb 04 2020 01: +0,645.913,2
Feb 05 2020 01: +0,736.231,2
Feb 06 2020 01: +0,714.46,1
Feb 07 2020 01: +0,661.136,1
Feb 08 2020 01: +0,716.911,1
Feb 09 2020 01: +0,675.541,3
Feb 10 2020 01: +0,721.497,2
Feb 11 2020 01: +0,797.555,2
Feb 12 2020 01: +0,732.12,1
Feb 13 2020 01: +0,926.244,2
Feb 14 2020 01: +0,644.969,1
Feb 15 2020 01: +0,990.875,2
Feb 16 2020 01: +0,742.469,3
Feb 17 2020 01: +0,680.052,4
Feb 18 2020 01: +0,697.831,2
Feb 19 2020 01: +0,748.024,1
Feb 20 2020 01: +0,799.379,2
Feb 21 2020 01: +0,660.384,5
Feb 22 2020 01: +0,778.488,2
Feb 23 2020 01: +0,756.981,5
Feb 25 2020 01: +0,748.217,3
Feb 26 2020 01: +0,720.429,3
Feb 27 2020 01: +0,621.158,1
Feb 28 2020 01: +0,819.724,8
Feb 29 2020 01: +0,703.163,3
Mar 01 2020 01: +0,705.209,2
Mar 02 2020 01: +0,624.314,2
Mar 03 2020 01: +0,808.654,1
Mar 04 2020 01: +0,811.032,2
Mar 05 2020 01: +0,671.903,3
Mar 06 2020 01: +0,750.744,4
Mar 07 2020 01: +0,674.565,4
Mar 08 2020 01: +0,1007.461,3
Mar 09 2020 01: +0,908.268,2
Mar 11 2020 01: +0,644.79,4
Mar 12 2020 01: +0,732.382,5
Mar 13 2020 01: +0,745.125,4
Mar 14 2020 01: +0,657.247,2
Mar 15 2020 01: +0,815.914,3
Mar 16 2020 01: +0,654.698,3
Mar 17 2020 01: +0,705.312,1
Mar 18 2020 01: +0,757.409,5
Mar 20 2020 01: +0,651.821,3
Mar 21 2020 01: +0,595.72,1
Mar 22 2020 01: +0,696.913,3
Mar 23 2020 01: +0,697.357,3
Mar 24 2020 01: +0,807.583,4
Mar 25 2020 01: +0,701.007,1
Mar 26 2020 01: +0,667.641,2
Mar 27 2020 01: +0,626.313,2
Mar 29 2020 01: +0,684.254,2
Mar 30 2020 01: +0,843.668,6
Mar 31 2020 01: +0,798.887,4
Apr 01 2020 01: +0,611.259,2
Apr 02 2020 01: +0,695.206,6
Apr 03 2020 01: +0,763.446,4
Apr 06 2020 01: +0,730.828,4
Apr 07 2020 01: +0,900.196,2
Apr 08 2020 01: +0,749.856,6
Apr 09 2020 01: +0,674.538,5
Apr 10 2020 01: +0,660.212,4
Apr 11 2020 01: +0,816.426,7
Apr 12 2020 01: +0,834.574,3
Apr 13 2020 01: +0,630.374,4
Apr 14 2020 01: +0,633.582,4
Apr 15 2020 01: +0,839.59,5
Apr 16 2020 01: +0,815.529,5
Apr 17 2020 01: +0,683.805,2
Apr 18 2020 01: +0,830.982,6
Apr 19 2020 01: +0,846.056,3
Apr 20 2020 01: +0,702.866,2
Apr 21 2020 01: +0,714.105,3
Apr 22 2020 01: +0,992.634,3
Apr 23 2020 01: +0,809.848,3
Apr 24 2020 01: +0,809.191,7
Apr 25 2020 01: +0,834.336,4
Apr 26 2020 01: +0,731.512,6
Apr 27 2020 01: +0,679.912,3
Apr 28 2020 01: +0,932.784,2
Apr 29 2020 01: +0,848.327,4
Apr 30 2020 01: +0,665.245,4
May 01 2020 01: +0,724.697,4
May 02 2020 01: +0,675.088,3
May 03 2020 01: +0,849.998,1
May 05 2020 01: +0,681.453,2
May 06 2020 01: +0,692.046,1
May 07 2020 01: +0,771.619,2
May 08 2020 01: +0,1013.361,2
May 09 2020 01: +0,719.767,3
May 10 2020 01: +0,767.183,3
May 11 2020 01: +0,802.127,1
May 13 2020 01: +0,659.586,3
May 14 2020 01: +0,655.022,1
May 15 2020 01: +0,879.888,4
May 16 2020 01: +0,1013.541,3
May 17 2020 01: +0,1239.951,2
May 18 2020 01: +0,727.997,3
May 19 2020 01: +0,684.815,1
May 20 2020 01: +0,728.07,1
May 21 2020 01: +0,775.077,5
May 22 2020 01: +0,724.904,4
May 23 2020 01: +0,808.423,2
May 24 2020 01: +0,829.473,3
May 25 2020 01: +0,685.692,3
May 26 2020 01: +0,727.881,4
May 27 2020 01: +0,762.575,5
May 28 2020 01: +0,723,1
May 29 2020 01: +0,678.047,3
May 30 2020 01: +0,714.76,1
Jun 01 2020 01: +0,672.082,3
Jun 02 2020 01: +0,655.109,3
Jun 03 2020 01: +0,947.374,4
Jun 04 2020 01: +0,1045.515,2
Jun 05 2020 01: +0,908.536,7
Jun 06 2020 01: +0,694.197,3
Jun 07 2020 01: +0,797.582,4
Jun 08 2020 01: +0,751.893,4
Jun 09 2020 01: +0,845.726,4
Jun 10 2020 01: +0,686.336,3
Jun 11 2020 01: +0,788.149,3
Jun 12 2020 01: +0,776.283,1
Jun 13 2020 01: +0,1150,1
Jun 14 2020 01: +0,749.951,2
Jun 15 2020 01: +0,672.872,2
Jun 19 2020 01: +0,875.819,2
Jun 20 2020 01: +0,823.77,2
Jun 21 2020 01: +0,875.805,3
Jun 22 2020 01: +0,738.012,1
Jun 23 2020 01: +0,741.11,1
Jun 24 2020 01: +0,661.421,1
Jun 25 2020 01: +0,671.003,3
Jun 26 2020 01: +0,665.726,2
Jun 27 2020 01: +0,660.946,6
Jun 28 2020 01: +0,661.044,2
Jun 29 2020 01: +0,675.08,2
Jun 30 2020 01: +0,889.261,3
Jul 01 2020 01: +0,736.029,4
Jul 02 2020 01: +0,836.03,4
Jul 03 2020 01: +0,974.028,2
Jul 04 2020 01: +0,778.82,7
Jul 05 2020 01: +0,1249.734,1
Jul 06 2020 01: +0,742.04,1
Jul 07 2020 01: +0,813.628,1
Jul 08 2020 01: +0,989.738,4
Jul 09 2020 01: +0,791.011,3
Jul 10 2020 01: +0,1062.448,2
Jul 11 2020 01: +0,757.133,5
Jul 12 2020 01: +0,780.196,3
Jul 13 2020 01: +0,746.976,3
Jul 14 2020 01: +0,987.598,4
Jul 15 2020 01: +0,885.41,1
Jul 16 2020 01: +0,867.335,4
Jul 17 2020 01: +0,709.728,3
Jul 18 2020 01: +0,1012.659,3
Jul 19 2020 01: +0,895.879,4
Jul 20 2020 01: +0,866.494,5
Jul 21 2020 01: +0,749.848,3
Jul 22 2020 01: +0,778.801,2
Jul 23 2020 01: +0,750.017,1
Jul 24 2020 01: +0,912.03,1
Jul 25 2020 01: +0,784.873,6
Jul 26 2020 01: +0,738.017,3
Jul 27 2020 01: +0,798.41,2
Jul 28 2020 01: +0,790.338,1
Jul 29 2020 01: +0,788.78,2
Jul 30 2020 01: +0,745,1
Jul 31 2020 01: +0,815.856,2
Aug 01 2020 01: +0,807.81,1
Aug 02 2020 01: +0,762.012,4
Aug 03 2020 01: +0,789.321,2
Aug 04 2020 01: +0,702.7,1
Aug 05 2020 01: +0,752.837,5
Aug 06 2020 01: +0,1088.973,3
Aug 07 2020 01: +0,738.299,4
Aug 08 2020 01: +0,858.889,1
Aug 09 2020 01: +0,716.277,1
Aug 10 2020 01: +0,745.06,3
Aug 11 2020 01: +0,1030.352,2
Aug 12 2020 01: +0,784.343,2
Aug 13 2020 01: +0,822.333,2
Aug 14 2020 01: +0,839.58,1
Aug 15 2020 01: +0,945.669,4
Aug 16 2020 01: +0,740.502,2
Aug 17 2020 01: +0,717.721,5
Aug 18 2020 01: +0,657.373,1
Aug 19 2020 01: +0,722.228,5
Aug 20 2020 01: +0,675.283,2
Aug 21 2020 01: +0,737.861,3
Aug 22 2020 01: +0,699.03,2
Aug 23 2020 01: +0,931.625,4
Aug 24 2020 01: +0,1149.999,1
Aug 25 2020 01: +0,722.753,3
Aug 26 2020 01: +0,641.09,1
Aug 27 2020 01: +0,670.759,1
Aug 28 2020 01: +0,795.385,1
Aug 29 2020 01: +0,1422.63,1
Aug 30 2020 01: +0,545.802,1
Sep 01 2020 01: +0,687.777,2
Sep 02 2020 01: +0,722.98,1
Sep 03 2020 01: +0,671.087,2
Sep 04 2020 01: +0,670.825,3
Sep 05 2020 01: +0,652.15,2
Sep 06 2020 01: +0,740.313,4
Sep 07 2020 01: +0,854.211,4
Sep 08 2020 01: +0,864.039,5
Sep 09 2020 01: +0,837.496,6
Sep 10 2020 01: +0,808.845,2
Sep 11 2020 01: +0,796.314,3
Sep 12 2020 01: +0,710.735,4
Sep 13 2020 01: +0,900.513,4
Sep 14 2020 01: +0,861.837,2
Sep 16 2020 01: +0,757.583,6
Sep 17 2020 01: +0,791.848,2
Sep 18 2020 01: +0,733.725,2
Sep 19 2020 01: +0,801.474,3
Sep 20 2020 01: +0,692.45,2
Sep 21 2020 01: +0,663.445,1
Sep 22 2020 01: +0,696.598,3
Sep 24 2020 01: +0,809.511,4
Sep 25 2020 01: +0,777.38,2
Sep 26 2020 01: +0,670.987,3
Sep 27 2020 01: +0,720.707,4
Sep 28 2020 01: +0,694.38,4
Sep 29 2020 01: +0,652.32,2
Sep 30 2020 01: +0,712.271,3
Oct 01 2020 01: +0,798.372,7
Oct 02 2020 01: +0,899.425,2
Oct 03 2020 01: +0,895.909,4
Oct 04 2020 01: +0,803.263,2
Oct 05 2020 01: +0,698.403,7
Oct 06 2020 01: +0,979.1,2
Oct 07 2020 01: +0,675.99,1
Oct 09 2020 01: +0,856.035,4
Oct 10 2020 01: +0,760.944,5
Oct 11 2020 01: +0,780.039,2
Oct 12 2020 01: +0,695,1
Oct 13 2020 01: +0,754.674,2
Oct 14 2020 01: +0,697.03,1
Oct 15 2020 01: +0,759.757,4
Oct 16 2020 01: +0,838.633,4
Oct 17 2020 01: +0,944.663,6
Oct 18 2020 01: +0,720.881,3
Oct 19 2020 01: +0,785.59,1
Oct 20 2020 01: +0,805.811,2
Oct 21 2020 01: +0,942.197,4
Oct 22 2020 01: +0,847.236,3
Oct 23 2020 01: +0,816.93,1
Oct 24 2020 01: +0,815.868,1
Oct 25 2020 01: +0,689.677,2
Oct 26 2020 01: +0,690,1
Oct 27 2020 01: +0,735.465,2
Oct 28 2020 01: +0,785.929,2
Oct 29 2020 01: +0,807.36,2
Oct 30 2020 01: +0,912.66,4
Oct 31 2020 01: +0,711.404,2
Nov 02 2020 01: +0,893.52,1
Nov 03 2020 01: +0,658,1
Nov 04 2020 01: +0,717.405,2
Nov 05 2020 01: +0,703.662,8
Nov 06 2020 01: +0,722.275,2
Nov 07 2020 01: +0,762.883,2
Nov 08 2020 01: +0,730.495,2
Nov 09 2020 01: +0,703.605,1
Nov 10 2020 01: +0,746.71,1
Nov 11 2020 01: +0,747.127,3
Nov 12 2020 01: +0,1228.086,2
Nov 13 2020 01: +0,784.04,1
Nov 15 2020 01: +0,710.43,1
Nov 16 2020 01: +0,699.44,1
Nov 17 2020 01: +0,662,1
Nov 18 2020 01: +0,750.841,3
Nov 19 2020 01: +0,666.01,1
Nov 20 2020 01: +0,764.372,4
Nov 21 2020 01: +0,839.853,3
Nov 22 2020 01: +0,670.15,4
Nov 23 2020 01: +0,984.578,4
Nov 24 2020 01: +0,749.431,2
Nov 25 2020 01: +0,666.55,2
Nov 26 2020 01: +0,800.006,1
Nov 27 2020 01: +0,880.956,3
Nov 28 2020 01: +0,803.692,2
Nov 29 2020 01: +0,660.394,5
Nov 30 2020 01: +0,637.667,1
Dec 01 2020 01: +0,647.628,2
Dec 03 2020 01: +0,660.958,1
Dec 04 2020 01: +0,637.736,6
Dec 05 2020 01: +0,745.788,8
Dec 06 2020 01: +0,754.16,5
Dec 07 2020 01: +0,811.394,3
Dec 08 2020 01: +0,632.505,6
Dec 09 2020 01: +0,675,1
Dec 10 2020 01: +0,698.398,3
Dec 11 2020 01: +0,583.967,2
Dec 12 2020 01: +0,707.386,6
Dec 13 2020 01: +0,692.336,6
Dec 14 2020 01: +0,679.86,7
Dec 15 2020 01: +0,968.224,4
Dec 16 2020 01: +0,617.5,1
Dec 17 2020 01: +0,826.059,1
Dec 18 2020 01: +0,1049.735,2
Dec 19 2020 01: +0,744.995,5
Dec 20 2020 01: +0,794.59,3
Dec 21 2020 01: +0,751.296,2
Dec 22 2020 01: +0,749.871,1
Dec 23 2020 01: +0,618.777,8
Dec 24 2020 01: +0,671.118,1
Dec 25 2020 01: +0,794.151,8
Dec 26 2020 01: +0,665.773,4
Dec 27 2020 01: +0,858.518,4
Dec 28 2020 01: +0,775,1
Dec 29 2020 01: +0,750.311,3
Dec 30 2020 01: +0,998.93,5
Dec 31 2020 01: +0,820.246,1
Jan 01 2021 01: +0,1246.245,3
Jan 02 2021 01: +0,862.261,2
Jan 03 2021 01: +0,769.764,4
Jan 04 2021 01: +0,984.236,4
Jan 06 2021 01: +0,930.016,7
Jan 07 2021 01: +0,912.737,4
Jan 08 2021 01: +0,764.818,2
Jan 09 2021 01: +0,785.174,3
Jan 10 2021 01: +0,818.322,2
Jan 11 2021 01: +0,944.727,4
Jan 12 2021 01: +0,802.437,3
Jan 13 2021 01: +0,1296.371,2
Jan 14 2021 01: +0,964.906,4
Jan 15 2021 01: +0,825.582,3
Jan 16 2021 01: +0,775.131,3
Jan 17 2021 01: +0,1015.7,5
Jan 18 2021 01: +0,848.478,2
Jan 19 2021 01: +0,866.228,5
Jan 20 2021 01: +0,827.427,6
Jan 21 2021 01: +0,701.789,1
Jan 22 2021 01: +0,918.5,3
Jan 23 2021 01: +0,764.182,6
Jan 24 2021 01: +0,900.086,3
Jan 25 2021 01: +0,990.422,2
Jan 26 2021 01: +0,874.542,4
Jan 27 2021 01: +0,894.146,4
Jan 28 2021 01: +0,939.004,2
Jan 29 2021 01: +0,885.226,1
Jan 30 2021 01: +0,777.555,2
Jan 31 2021 01: +0,783.642,4
Feb 01 2021 01: +0,838.839,1
Feb 03 2021 01: +0,796.72,3
Feb 04 2021 01: +0,801.303,2
Feb 05 2021 01: +0,796.378,5
Feb 07 2021 01: +0,766.041,3
Feb 08 2021 01: +0,781.695,2
Feb 09 2021 01: +0,770.961,3
Feb 10 2021 01: +0,762.03,2
Feb 11 2021 01: +0,806.723,2
Feb 12 2021 01: +0,756.588,2
Feb 13 2021 01: +0,750.309,5
Feb 14 2021 01: +0,787.76,4
Feb 15 2021 01: +0,749.54,4
Feb 16 2021 01: +0,804.527,3
Feb 17 2021 01: +0,794.676,4
Feb 18 2021 01: +0,800.016,1
Feb 19 2021 01: +0,763.932,4
Feb 20 2021 01: +0,723.478,5
Feb 22 2021 01: +0,799.079,3
Feb 23 2021 01: +0,1042.574,3
Feb 24 2021 01: +0,1115.622,2
Feb 25 2021 01: +0,914.907,3
Feb 26 2021 01: +0,779.997,1
Feb 27 2021 01: +0,864.341,6
Feb 28 2021 01: +0,747.264,2
Mar 01 2021 01: +0,726.096,3
Mar 02 2021 01: +0,731.728,4
Mar 03 2021 01: +0,758.437,8
Mar 04 2021 01: +0,958.485,2
Mar 05 2021 01: +0,911.424,4
Mar 06 2021 01: +0,820.339,2
Mar 07 2021 01: +0,584.68,1
Mar 08 2021 01: +0,1194.66,3
Mar 09 2021 01: +0,847.853,3
Mar 10 2021 01: +0,778.345,2
Mar 11 2021 01: +0,798.64,2
Mar 12 2021 01: +0,824.344,4
Mar 13 2021 01: +0,865.139,2
Mar 14 2021 01: +0,838.558,5
Mar 15 2021 01: +0,756.838,1
Mar 16 2021 01: +0,836.675,3
Mar 17 2021 01: +0,955.416,4
Mar 18 2021 01: +0,892.832,1
Mar 19 2021 01: +0,938.476,2
Mar 20 2021 01: +0,883.857,3
Mar 21 2021 01: +0,978.115,5
Mar 22 2021 01: +0,921.107,2
Mar 24 2021 01: +0,863,1
Mar 25 2021 01: +0,860.062,4
Mar 26 2021 01: +0,799.06,1
Mar 28 2021 01: +0,914.461,1
Mar 29 2021 01: +0,862.462,2
Mar 30 2021 01: +0,1331.65,2
Mar 31 2021 01: +0,1010.427,3
Apr 01 2021 01: +0,1321.235,2
Apr 02 2021 01: +0,905.075,3
Apr 03 2021 01: +0,991.576,5
Apr 04 2021 01: +0,942.008,5
Apr 05 2021 01: +0,1185.212,5
Apr 06 2021 01: +0,889.409,3
Apr 07 2021 01: +0,913.977,2
Apr 08 2021 01: +0,881.276,2
Apr 09 2021 01: +0,954.218,6
Apr 10 2021 01: +0,888.214,5
Apr 11 2021 01: +0,888.852,4
Apr 12 2021 01: +0,979.301,6
Apr 13 2021 01: +0,905.231,4
Apr 14 2021 01: +0,899.987,1
Apr 15 2021 01: +0,862.695,1
Apr 16 2021 01: +0,898.305,6
Apr 17 2021 01: +0,926.38,2
Apr 18 2021 01: +0,855.15,4
Apr 19 2021 01: +0,912.699,4
Apr 20 2021 01: +0,937.64,5
Apr 21 2021 01: +0,826.676,5
Apr 22 2021 01: +0,912.492,2
Apr 23 2021 01: +0,896.161,5
Apr 24 2021 01: +0,889.121,4
Apr 25 2021 01: +0,1280.857,3
Apr 26 2021 01: +0,863.215,3
Apr 27 2021 01: +0,1594.856,1
Apr 28 2021 01: +0,1132.751,3
Apr 29 2021 01: +0,1071.834,4
May 01 2021 01: +0,979.423,3
May 02 2021 01: +0,886.977,5
May 03 2021 01: +0,1156.124,3
May 04 2021 01: +0,1034.794,6
May 05 2021 01: +0,951.545,1
May 06 2021 01: +0,1001.07,5
May 07 2021 01: +0,893.958,2
May 08 2021 01: +0,1551.737,2
May 09 2021 01: +0,860.589,1
May 10 2021 01: +0,685.265,4
May 11 2021 01: +0,1183.391,3
May 12 2021 01: +0,932.81,3
May 13 2021 01: +0,868.503,6
May 14 2021 01: +0,881.42,2
May 15 2021 01: +0,926.575,4
May 16 2021 01: +0,991.779,1
May 17 2021 01: +0,1014.679,4
May 19 2021 01: +0,900.47,2
May 21 2021 01: +0,960.866,5
May 22 2021 01: +0,1068.406,4
May 23 2021 01: +0,1158.99,2
May 24 2021 01: +0,1359.115,2
May 26 2021 01: +0,959.308,5
May 27 2021 01: +0,919.415,2
May 28 2021 01: +0,943.443,6
May 29 2021 01: +0,1169.807,5
May 30 2021 01: +0,1027.279,5
May 31 2021 01: +0,936.85,1
Jun 01 2021 01: +0,980.208,4
Jun 02 2021 01: +0,999.988,3
Jun 03 2021 01: +0,974.293,3
Jun 04 2021 01: +0,980.84,2
Jun 05 2021 01: +0,962.356,2
Jun 06 2021 01: +0,1021.754,2
Jun 07 2021 01: +0,1191.85,2
Jun 08 2021 01: +0,1126.835,5
Jun 09 2021 01: +0,949.02,1
Jun 10 2021 01: +0,946.23,2
Jun 11 2021 01: +0,1157.19,2
Jun 12 2021 01: +0,1017.636,2
Jun 13 2021 01: +0,954.38,2
Jun 14 2021 01: +0,957.09,5
Jun 15 2021 01: +0,1003.42,1
Jun 16 2021 01: +0,1096.355,4
Jun 17 2021 01: +0,928.621,4
Jun 18 2021 01: +0,960.824,2
Jun 19 2021 01: +0,942.527,4
Jun 20 2021 01: +0,962.967,3
Jun 21 2021 01: +0,924.001,4
Jun 22 2021 01: +0,1174.16,4
Jun 23 2021 01: +0,1076.069,5
Jun 24 2021 01: +0,963.355,2
Jun 25 2021 01: +0,941.51,1
Jun 26 2021 01: +0,936.374,3
Jun 27 2021 01: +0,930.674,3
Jun 28 2021 01: +0,933.03,2
Jun 29 2021 01: +0,945.322,4
Jun 30 2021 01: +0,1110.561,3
Jul 01 2021 01: +0,908.62,2
Jul 02 2021 01: +0,1067.969,3
Jul 03 2021 01: +0,1208.712,5
Jul 04 2021 01: +0,942.527,6
Jul 05 2021 01: +0,1000.06,1
Jul 06 2021 01: +0,900.939,2
Jul 07 2021 01: +0,1346.71,4
Jul 08 2021 01: +0,835.913,2
Jul 09 2021 01: +0,839.034,1
Jul 10 2021 01: +0,895.217,2
Jul 11 2021 01: +0,838.612,2
Jul 12 2021 01: +0,911.633,3
Jul 13 2021 01: +0,795.005,2
Jul 14 2021 01: +0,893.458,3
Jul 15 2021 01: +0,815,1
Jul 16 2021 01: +0,683.31,3
Jul 18 2021 01: +0,990.32,1
Jul 19 2021 01: +0,839.27,2
Jul 20 2021 01: +0,1241.198,2
Jul 21 2021 01: +0,1061.985,3
Jul 23 2021 01: +0,870.493,3
Jul 24 2021 01: +0,1041.457,6
Jul 25 2021 01: +0,937.923,3
Jul 26 2021 01: +0,1000.005,1
Jul 28 2021 01: +0,920.703,2
Jul 29 2021 01: +0,939.626,1
Jul 30 2021 01: +0,990.474,2
Aug 01 2021 01: +0,899.39,3
Aug 02 2021 01: +0,911.709,1
Aug 03 2021 01: +0,920.737,3
Aug 04 2021 01: +0,1196.511,2
Aug 06 2021 01: +0,858.953,2
Aug 07 2021 01: +0,855.891,4
Aug 08 2021 01: +0,859.855,2
Aug 09 2021 01: +0,1025.819,2
Aug 10 2021 01: +0,830.96,1
Aug 11 2021 01: +0,1091.675,4
Aug 12 2021 01: +0,869.865,2
Aug 14 2021 01: +0,924.905,2
Aug 15 2021 01: +0,820.61,2
Aug 16 2021 01: +0,812.022,2
Aug 17 2021 01: +0,900.002,1
Aug 19 2021 01: +0,938.906,3
Aug 20 2021 01: +0,1016.558,1
Aug 21 2021 01: +0,1044.766,1
Aug 22 2021 01: +0,1021.817,3
Aug 23 2021 01: +0,1000.01,1
Aug 24 2021 01: +0,812.756,4
Aug 25 2021 01: +0,803.133,4
Aug 26 2021 01: +0,1015.54,2
Aug 27 2021 01: +0,761.521,1
Aug 28 2021 01: +0,833.668,2
Aug 30 2021 01: +0,788.5,1
Sep 01 2021 01: +0,801.189,3
Sep 02 2021 01: +0,1176.041,2
Sep 03 2021 01: +0,832.421,3
Sep 04 2021 01: +0,855.68,3
Sep 06 2021 01: +0,812.65,2
Sep 08 2021 01: +0,874.055,2
Sep 09 2021 01: +0,869.635,2
Sep 10 2021 01: +0,936.025,2
Sep 11 2021 01: +0,927.621,1
Sep 12 2021 01: +0,1031.846,2
Sep 13 2021 01: +0,858.77,2
Sep 15 2021 01: +0,945.329,4
Sep 16 2021 01: +0,757.09,1
Sep 17 2021 01: +0,846.64,1
Sep 18 2021 01: +0,881.979,2
Sep 19 2021 01: +0,930.125,1
Sep 20 2021 01: +0,1048.742,2
Sep 21 2021 01: +0,884.526,3
Sep 22 2021 01: +0,740.693,14
Sep 23 2021 01: +0,780.668,5
Sep 24 2021 01: +0,748.644,6
Sep 25 2021 01: +0,834.088,2
Sep 26 2021 01: +0,725.344,3
Sep 27 2021 01: +0,894.541,6
Sep 29 2021 01: +0,735.698,7
Sep 30 2021 01: +0,839.494,3
Oct 01 2021 01: +0,798.245,2
Oct 03 2021 01: +0,740.015,2
Oct 05 2021 01: +0,786.055,2
Oct 06 2021 01: +0,750.215,2
Oct 07 2021 01: +0,765.913,2
Oct 08 2021 01: +0,755.29,1
Oct 09 2021 01: +0,803.456,7
Oct 10 2021 01: +0,1800.003,1
Oct 11 2021 01: +0,773.914,2
Oct 12 2021 01: +0,783.509,2
Oct 13 2021 01: +0,770.068,2
Oct 14 2021 01: +0,773.02,2
Oct 15 2021 01: +0,807.002,2
Oct 16 2021 01: +0,801.458,1
Oct 17 2021 01: +0,785.45,1
Oct 18 2021 01: +0,804.6,3
Oct 20 2021 01: +0,761.11,1
Oct 21 2021 01: +0,831.287,2
Oct 22 2021 01: +0,800.537,2
Oct 24 2021 01: +0,812.875,2
Oct 25 2021 01: +0,902.998,3
Oct 26 2021 01: +0,812.14,2
Oct 27 2021 01: +0,752.09,2
Oct 28 2021 01: +0,759.824,5
Oct 29 2021 01: +0,1000,1
Oct 30 2021 01: +0,885.549,3
Oct 31 2021 01: +0,1111.47,2
Nov 01 2021 01: +0,1500,1
Nov 02 2021 01: +0,746.55,1
Nov 03 2021 01: +0,886.946,3
Nov 04 2021 01: +0,925.41,1
Nov 05 2021 01: +0,860.879,4
Nov 06 2021 01: +0,824.403,3
Nov 07 2021 01: +0,973.992,5
Nov 08 2021 01: +0,786.102,2
Nov 09 2021 01: +0,800.477,3
Nov 10 2021 01: +0,796.615,2
Nov 11 2021 01: +0,735.9,2
Nov 12 2021 01: +0,743.237,3
Nov 13 2021 01: +0,784.137,1
Nov 14 2021 01: +0,845.425,4
Nov 15 2021 01: +0,950.12,2
Nov 16 2021 01: +0,748.203,4
Nov 17 2021 01: +0,941.02,1
Nov 18 2021 01: +0,824.645,2
Nov 19 2021 01: +0,823.666,3
Nov 20 2021 01: +0,792.348,4
Nov 21 2021 01: +0,991.876,2
Nov 22 2021 01: +0,761.11,1
Nov 23 2021 01: +0,790.583,3
Nov 24 2021 01: +0,790.097,4
Nov 25 2021 01: +0,759.199,3
Nov 28 2021 01: +0,751.141,4
Nov 29 2021 01: +0,800.715,2
Nov 30 2021 01: +0,756.73,1
Dec 01 2021 01: +0,816.311,1
Dec 02 2021 01: +0,1423.733,1
Dec 03 2021 01: +0,1071.152,4
Dec 05 2021 01: +0,860.991,2
Dec 06 2021 01: +0,855.885,4
Dec 08 2021 01: +0,784.81,3
Dec 11 2021 01: +0,834.527,3
Dec 12 2021 01: +0,794.057,3
Dec 13 2021 01: +0,787.383,2
Dec 14 2021 01: +0,824.008,3
Dec 17 2021 01: +0,763.229,2
Dec 18 2021 01: +0,758.49,2
Dec 19 2021 01: +0,875.004,1
Dec 20 2021 01: +0,888.32,1
Dec 21 2021 01: +0,830.395,4
Dec 22 2021 01: +0,831.845,3
Dec 23 2021 01: +0,818.271,4
Dec 24 2021 01: +0,847.045,3
Dec 25 2021 01: +0,910.284,3
Dec 26 2021 01: +0,905.258,2
Dec 27 2021 01: +0,975,1
Dec 28 2021 01: +0,998.874,1
Dec 31 2021 01: +0,847.835,2
Jan 01 2022 01: +0,873.915,3
Jan 03 2022 01: +0,820.205,4
Jan 04 2022 01: +0,1025.001,2
Jan 05 2022 01: +0,858.225,3
Jan 06 2022 01: +0,863.44,2
Jan 08 2022 01: +0,876.5,3
Jan 09 2022 01: +0,900,1
Jan 10 2022 01: +0,937.25,1
Jan 11 2022 01: +0,870.29,1
Jan 12 2022 01: +0,903.65,2
Jan 13 2022 01: +0,878.51,1
Jan 14 2022 01: +0,893.384,1
Jan 15 2022 01: +0,951.25,2
Jan 16 2022 01: +0,975.45,4
Jan 18 2022 01: +0,890.66,2
Jan 19 2022 01: +0,952.599,2
Jan 20 2022 01: +0,929.08,2
Jan 21 2022 01: +0,1049.043,1
Jan 23 2022 01: +0,889.04,1
Jan 24 2022 01: +0,890,1
Jan 25 2022 01: +0,999.954,3
Jan 26 2022 01: +0,968.369,3
Jan 27 2022 01: +0,992.425,2
Jan 28 2022 01: +0,855.645,4
Jan 29 2022 01: +0,987.151,1
Jan 30 2022 01: +0,779.922,1
Jan 31 2022 01: +0,862.57,4
Feb 01 2022 01: +0,926.272,4
Feb 02 2022 01: +0,844.99,1
Feb 03 2022 01: +0,875.56,8
Feb 04 2022 01: +0,954.392,1
Feb 05 2022 01: +0,855,1
Feb 06 2022 01: +0,1013.7,2
Feb 07 2022 01: +0,851,1
Feb 10 2022 01: +0,961.666,1
Feb 11 2022 01: +0,863.194,3
Feb 12 2022 01: +0,1058.56,2
Feb 13 2022 01: +0,917.085,5
Feb 14 2022 01: +0,875,1
Feb 15 2022 01: +0,885.09,1
Feb 16 2022 01: +0,1185.345,2
Feb 18 2022 01: +0,869.96,2
Feb 19 2022 01: +0,910.236,2
Feb 20 2022 01: +0,850.866,1
Feb 21 2022 01: +0,1280.885,2
Feb 22 2022 01: +0,1262.427,1
Feb 24 2022 01: +0,1177.831,2
Feb 25 2022 01: +0,888.313,3
Feb 27 2022 01: +0,835.72,1
Feb 28 2022 01: +0,903.666,4
Mar 01 2022 01: +0,995.489,7
Mar 02 2022 01: +0,877.87,1
Mar 03 2022 01: +0,948.81,2
Mar 04 2022 01: +0,898.74,1
Mar 05 2022 01: +0,910.63,1
Mar 06 2022 01: +0,1094.183,5
Mar 07 2022 01: +0,944.56,3
Mar 08 2022 01: +0,917.49,2
Mar 09 2022 01: +0,947.84,1
Mar 11 2022 01: +0,948,1
Mar 13 2022 01: +0,1014.203,4
Mar 14 2022 01: +0,1048.101,2
Mar 15 2022 01: +0,991.231,2
Mar 16 2022 01: +0,937.68,1
Mar 17 2022 01: +0,973.883,5
Mar 18 2022 01: +0,1003.906,3
Mar 19 2022 01: +0,930.16,1
Mar 21 2022 01: +0,997.56,1
Mar 22 2022 01: +0,933.219,3
Mar 23 2022 01: +0,1003.1,1
Mar 24 2022 01: +0,1003.74,1
Mar 25 2022 01: +0,999.524,2
Mar 26 2022 01: +0,1088.43,2
Mar 27 2022 01: +0,1025,1
Mar 29 2022 01: +0,1008.834,4
Mar 30 2022 01: +0,959.99,1
Apr 01 2022 01: +0,953.422,4
Apr 02 2022 01: +0,981.615,2
Apr 04 2022 01: +0,974.94,1
Apr 05 2022 01: +0,976.468,3
Apr 06 2022 01: +0,1088.357,2
Apr 07 2022 01: +0,1064.657,2
Apr 09 2022 01: +0,1007.632,1
Apr 10 2022 01: +0,994.75,1
Apr 11 2022 01: +0,998.059,3
Apr 12 2022 01: +0,1071.476,1
Apr 13 2022 01: +0,986.827,3
Apr 14 2022 01: +0,1028.458,5
Apr 16 2022 01: +0,1314.24,1
Apr 17 2022 01: +0,1090.984,2
Apr 18 2022 01: +0,1142.211,2
Apr 19 2022 01: +0,1059.52,1
Apr 20 2022 01: +0,1059.6,1
Apr 21 2022 01: +0,1054.8,1
Apr 22 2022 01: +0,978.65,1
Apr 24 2022 01: +0,1066.47,2
Apr 26 2022 01: +0,1494.247,2
Apr 27 2022 01: +0,1099.65,1
Apr 30 2022 01: +0,1080.01,1
May 01 2022 01: +0,1096.422,5
May 02 2022 01: +0,1263.775,2
May 03 2022 01: +0,1081.595,1
May 04 2022 01: +0,1063.64,1
May 05 2022 01: +0,1060.012,1
May 06 2022 01: +0,1100.13,2
May 07 2022 01: +0,1041.23,3
May 08 2022 01: +0,1050.38,1
May 09 2022 01: +0,568.172,2
May 10 2022 01: +0,1700,1
May 11 2022 01: +0,1081.145,3
May 13 2022 01: +0,1080.614,2
May 14 2022 01: +0,1149.998,1
May 15 2022 01: +0,1031.38,2
May 16 2022 01: +0,1165.316,2
May 17 2022 01: +0,1026.017,1
May 18 2022 01: +0,1397.47,2
May 19 2022 01: +0,1670.84,1
May 20 2022 01: +0,1087.78,3
May 22 2022 01: +0,1456.7,1
Jun 13 2022 01: +0,984.65,1
