Date,Open,High,Low,Close,Adj Close,Volume,S&P_Gain,Invested_today,Invested,Investment_Value,Investment_Gain
2020-12-16,3696.25,3711.27001953125,3688.570068359375,3701.169921875,3701.169921875,4056950000,,0,0,0.0,
2020-12-17,3713.64990234375,3725.1201171875,3710.8701171875,3722.47998046875,3722.47998046875,4184930000,,0,0,0.0,
2020-12-18,3722.389892578125,3726.699951171875,3685.840087890625,3709.409912109375,3709.409912109375,7068340000,,0,0,0.0,
2020-12-21,3684.280029296875,3702.89990234375,3636.47998046875,3694.919921875,3694.919921875,4732160000,,0,0,0.0,
2020-12-22,3698.080078125,3698.260009765625,3676.159912109375,3687.260009765625,3687.260009765625,4023940000,,0,0,0.0,
2020-12-23,3693.419921875,3711.239990234375,3689.280029296875,3690.010009765625,3690.010009765625,3772630000,,0,0,0.0,
2020-12-24,3694.030029296875,3703.820068359375,3689.320068359375,3703.06005859375,3703.06005859375,1885090000,,0,0,0.0,
2020-12-28,3723.030029296875,3740.510009765625,3723.030029296875,3735.360107421875,3735.360107421875,3527460000,,0,0,0.0,
2020-12-29,3750.010009765625,3756.1201171875,3723.31005859375,3727.0400390625,3727.0400390625,3387030000,,0,0,0.0,
2020-12-30,3736.18994140625,3744.6298828125,3730.2099609375,3732.0400390625,3732.0400390625,3145200000,,0,0,0.0,
2020-12-31,3733.27001953125,3760.199951171875,3726.8798828125,3756.070068359375,3756.070068359375,3172510000,,0,0,0.0,
2021-01-04,3764.610107421875,3769.989990234375,3662.7099609375,3700.64990234375,3700.64990234375,5006680000,0.9912623204277102,1300,1300,1277.9131797904818,0.9830101383003705
2021-01-05,3698.02001953125,3737.830078125,3695.070068359375,3726.860107421875,3726.860107421875,4582620000,0.9982830301382326,0,1300,1286.9641214894343,0.9899724011457187
2021-01-06,3712.199951171875,3783.0400390625,3705.340087890625,3748.139892578125,3748.139892578125,6049970000,1.0039830692580716,0,1300,1294.312484245138,0.9956249878808754
2021-01-07,3764.7099609375,3811.550048828125,3764.7099609375,3803.7900390625,3803.7900390625,5080870000,1.018889611295811,0,1300,1313.5296643422375,1.0104074341094136
2021-01-08,3815.050048828125,3826.68994140625,3783.60009765625,3824.679931640625,3824.679931640625,4764180000,1.0244852131324946,0,1300,1320.7433888918324,1.0159564529937173
2021-01-11,3803.139892578125,3817.860107421875,3789.02001953125,3799.610107421875,3799.610107421875,4450500000,1.0177699677611196,0,1300,1312.0862449766837,1.0092971115205258
2021-01-12,3801.6201171875,3810.780029296875,3776.510009765625,3801.18994140625,3801.18994140625,4977210000,1.0181931447550445,0,1300,1312.6317952783306,1.0097167655987158
2021-01-13,3802.22998046875,3820.9599609375,3791.5,3809.840087890625,3809.840087890625,4590420000,1.0205101875724996,0,1300,1315.6188749781693,1.0120145192139764
2021-01-14,3814.97998046875,3823.60009765625,3792.860107421875,3795.5400390625,3795.5400390625,5180140000,1.0166797523901228,0,1300,1310.6807637405907,1.0082159721081467
2021-01-15,3788.72998046875,3788.72998046875,3749.6201171875,3768.25,3768.25,5353060000,1.0093697965284445,0,1300,1301.2569323825153,1.0009668710634734
2021-01-19,3781.8798828125,3804.530029296875,3780.3701171875,3798.909912109375,3798.909912109375,4982940000,1.0175824122645076,0,1300,1311.8444526315866,1.0091111174089127
2021-01-20,3816.219970703125,3859.75,3816.219970703125,3851.85009765625,3851.85009765625,4551790000,1.0317630595977862,0,1300,1330.1258255353184,1.0231737119502449
2021-01-21,3857.4599609375,3861.449951171875,3845.050048828125,3853.070068359375,3853.070068359375,4484460000,1.0320898430066323,0,1300,1330.5471073862427,1.0234977749124945
2021-01-22,3844.239990234375,3852.31005859375,3830.409912109375,3841.469970703125,3841.469970703125,5080430000,1.0289826212960242,0,1300,1326.541346756903,1.020416420582233
2021-01-25,3851.679931640625,3859.22998046875,3797.159912109375,3855.360107421875,3855.360107421875,6955860000,1.0327032567298613,0,1300,1331.3379066181158,1.0241060820139352
2021-01-26,3862.9599609375,3870.89990234375,3847.780029296875,3849.6201171875,3849.6201171875,6029090000,1.0311657332707103,0,1300,1329.3557658142179,1.0225813583186292
2021-01-27,3836.830078125,3836.830078125,3732.47998046875,3750.77001953125,3750.77001953125,9878040000,1.0046875794969143,0,1300,1295.2207230644312,0.9963236331264855
2021-01-28,3755.75,3830.5,3755.75,3787.3798828125,3787.3798828125,6937960000,1.0144939591827447,0,1300,1307.862888098148,1.006048375460114
2021-01-29,3778.050048828125,3778.050048828125,3694.1201171875,3714.239990234375,3714.239990234375,6612570000,0.9949025842767022,0,1300,1282.6061264047896,0.9866200972344535
2021-02-01,3731.169921875,3784.320068359375,3725.6201171875,3773.860107421875,3773.860107421875,5392870000,1.010872529358517,0,1300,1303.1942218866955,1.0024570937589965
2021-02-02,3791.840087890625,3843.090087890625,3791.840087890625,3826.31005859375,3826.31005859375,5495370000,1.0249218616857996,0,1300,1321.3063064260775,1.016389466481598
2021-02-03,3840.27001953125,3847.510009765625,3816.679931640625,3830.169921875,3830.169921875,4846900000,1.0259557711702614,0,1300,1322.6391993744687,1.0174147687495914
2021-02-04,3836.659912109375,3872.419921875,3836.659912109375,3871.739990234375,3871.739990234375,4856670000,1.037090799748932,0,1300,1336.9942287998656,1.0284570990768196
2021-02-05,3878.300048828125,3894.56005859375,3874.929931640625,3886.830078125,3886.830078125,4838580000,1.041132856126231,0,1300,1342.205157341745,1.032465505647496
2021-02-08,3892.590087890625,3915.77001953125,3892.590087890625,3915.590087890625,3915.590087890625,4635030000,1.0488365608181396,0,1300,1352.1366008720067,1.0401050775938514
2021-02-09,3910.489990234375,3918.35009765625,3902.639892578125,3911.22998046875,3911.22998046875,4554610000,1.0476686550949896,0,1300,1350.630962974137,1.03894689459549
2021-02-10,3920.780029296875,3931.5,3884.93994140625,3909.8798828125,3909.8798828125,4815380000,1.0473070156611455,0,1300,1350.1647455165403,1.038588265781954
2021-02-11,3916.39990234375,3925.989990234375,3890.389892578125,3916.3798828125,3916.3798828125,4570080000,1.0490481166171424,0,1300,1352.409333869353,1.0403148722071947
2021-02-12,3911.64990234375,3937.22998046875,3905.780029296875,3934.830078125,3934.830078125,4119260000,1.0539902170320532,0,1300,1358.7805790240543,1.0452158300185033
2021-02-16,3939.610107421875,3950.429931640625,3923.85009765625,3932.590087890625,3932.590087890625,5037360000,1.0533902094722851,0,1300,1358.0070627178247,1.0446208174752498
2021-02-17,3918.5,3933.610107421875,3900.429931640625,3931.330078125,3931.330078125,4718280000,1.0530527011326705,0,1300,1357.571954526386,1.0442861188664507
2021-02-18,3915.860107421875,3921.97998046875,3885.030029296875,3913.969970703125,3913.969970703125,4773430000,1.0484025934975267,0,1300,1351.5771399228909,1.0396747230176084
2021-02-19,3921.159912109375,3930.409912109375,3903.070068359375,3906.7099609375,3906.7099609375,4823940000,1.0464579150446844,0,1300,1349.0701040211634,1.0377462338624335
2021-02-22,3885.550048828125,3902.919921875,3874.7099609375,3876.5,3876.5,5870190000,1.0383658239879294,0,1300,1338.637961488973,1.0297215088376714
2021-02-23,3857.070068359375,3895.97998046875,3805.590087890625,3881.3701171875,3881.3701171875,6280650000,1.0396703417865407,0,1300,1340.3197166144953,1.0310151666265348
2021-02-24,3873.7099609375,3928.64990234375,3859.60009765625,3925.429931640625,3925.429931640625,5942350000,1.0514722779504448,0,1300,1355.5345083604295,1.0427188525849458
2021-02-25,3915.800048828125,3925.02001953125,3814.0400390625,3829.340087890625,3829.340087890625,6513060000,1.02573349044049,0,1300,1322.352640036608,1.0171943384896984
2021-02-26,3839.659912109375,3861.080078125,3789.5400390625,3811.14990234375,3811.14990234375,6512950000,1.0208610366796556,0,1300,1316.0711817882975,1.0123624475294597
2021-03-01,3842.510009765625,3914.5,3842.510009765625,3901.820068359375,3901.820068359375,5071540000,1.0451481001766083,0,1300,1347.381520032338,1.0364473231017983
2021-03-02,3903.639892578125,3906.409912109375,3868.570068359375,3870.2900390625,3870.2900390625,5493690000,1.0367024133840859,0,1300,1336.4935297979366,1.0280719459984127
2021-03-03,3863.989990234375,3874.469970703125,3818.860107421875,3819.719970703125,3819.719970703125,6150790000,1.0231566296355734,0,1300,1319.0306088071068,1.0146389298516205
2021-03-04,3818.530029296875,3843.669921875,3723.340087890625,3768.469970703125,3768.469970703125,7142240000,1.0094287182517525,0,1300,1301.3328929483914,1.0010253022679934
2021-03-05,3793.580078125,3851.68994140625,3730.18994140625,3841.93994140625,3841.93994140625,6842570000,1.0291085084407168,0,1300,1326.7036376440412,1.0205412597261856
2021-03-08,3844.389892578125,3881.06005859375,3819.25,3821.35009765625,3821.35009765625,5852240000,1.0235932781888784,600,1900,1915.9976691730103,1.0084198258805317
2021-03-09,3851.929931640625,3903.760009765625,3851.929931640625,3875.43994140625,3875.43994140625,5496340000,1.0380818749062386,0,1900,1943.117930835111,1.0226936478079531
2021-03-10,3891.989990234375,3917.35009765625,3885.72998046875,3898.81005859375,3898.81005859375,5827250000,1.044341833887302,0,1900,1954.8355408198684,1.0288608109578254
2021-03-11,3915.5400390625,3960.27001953125,3915.5400390625,3939.340087890625,3939.340087890625,5300010000,1.0551982758496663,0,1900,1975.1570082802705,1.0395563201475109
2021-03-12,3924.52001953125,3944.989990234375,3915.2099609375,3943.340087890625,3943.340087890625,4469240000,1.056269722591818,0,1900,1977.162579735603,1.04061188407137
2021-03-15,3942.9599609375,3970.080078125,3923.5400390625,3968.93994140625,3968.93994140625,4882190000,1.0631269425040386,0,1900,1989.9981636035116,1.047367454528164
2021-03-16,3973.590087890625,3981.0400390625,3953.43994140625,3962.7099609375,3962.7099609375,4604870000,1.0614581694348106,0,1900,1986.8744958546604,1.045723418870874
2021-03-17,3949.570068359375,3983.8701171875,3935.739990234375,3974.1201171875,3974.1201171875,4541620000,1.0645145131201872,0,1900,1992.5954667736319,1.0487344561966483
2021-03-18,3953.5,3969.6201171875,3910.860107421875,3915.4599609375,3915.4599609375,4043170000,1.0488017047931415,0,1900,1963.1836830385434,1.033254570020286
2021-03-19,3913.139892578125,3930.1201171875,3886.75,3913.10009765625,3913.10009765625,7725050000,1.0481695878369868,0,1900,1962.0004644297028,1.0326318233840541
2021-03-22,3916.47998046875,3955.31005859375,3914.159912109375,3940.590087890625,3940.590087890625,4311380000,1.0555331029565886,0,1900,1975.783749360062,1.0398861838737168
2021-03-23,3937.60009765625,3949.1298828125,3901.570068359375,3910.52001953125,3910.52001953125,4645340000,1.0474784837616047,0,1900,1960.706831669696,1.031950964036682
2021-03-24,3919.929931640625,3942.080078125,3889.070068359375,3889.139892578125,3889.139892578125,4766990000,1.0417515669189248,0,1900,1949.986988587552,1.0263089413618696
2021-03-25,3879.340087890625,3919.5400390625,3853.5,3909.52001953125,3909.52001953125,4940800000,1.0472106220760666,0,1900,1960.2054388058627,1.0316870730557173
2021-03-26,3917.1201171875,3978.18994140625,3917.1201171875,3974.5400390625,3974.5400390625,5467850000,1.0646269941014188,0,1900,1992.8060126051244,1.0488452697921706
2021-03-29,3969.31005859375,3981.830078125,3943.25,3971.090087890625,3971.090087890625,4619840000,1.0637028843654968,0,1900,1991.0762317069732,1.0479348587931439
2021-03-30,3963.340087890625,3968.010009765625,3944.35009765625,3958.550048828125,3958.550048828125,4103570000,1.0603438883655036,0,1900,1984.7887456088465,1.0446256555836033
2021-03-31,3967.25,3994.409912109375,3966.97998046875,3972.889892578125,3972.889892578125,4564980000,1.0641849830827297,0,1900,1991.978640933579,1.0484098110176732
2021-04-01,3992.780029296875,4020.6298828125,3992.780029296875,4019.8701171875,4019.8701171875,4151240000,1.076769185233549,0,1900,2015.5341902939988,1.060807468575789
2021-04-05,4034.43994140625,4083.419921875,4034.43994140625,4077.909912109375,4077.909912109375,3999760000,1.0923158225296006,193,2093,2239.7144507234793,1.0700976830976967
2021-04-06,4075.570068359375,4086.22998046875,4068.139892578125,4073.93994140625,4073.93994140625,4027880000,1.091252419485525,0,2093,2237.5340198301105,1.0690559100956094
2021-04-07,4074.2900390625,4083.1298828125,4068.31005859375,4079.949951171875,4079.949951171875,4112640000,1.092862270831445,0,2093,2240.8349033736845,1.070633016423165
2021-04-08,4089.949951171875,4098.18994140625,4082.5400390625,4097.169921875,4097.169921875,3901910000,1.0974748412088986,0,2093,2250.292644730426,1.0751517652797067
2021-04-09,4096.10986328125,4129.47998046875,4095.510009765625,4128.7998046875,4128.7998046875,3634910000,1.105947274932423,0,2093,2267.6647562131934,1.083451866322596
2021-04-12,4124.7099609375,4131.759765625,4114.81982421875,4127.990234375,4127.990234375,3578500000,1.1057304220639554,0,2093,2267.2201151184013,1.0832394243279508
2021-04-13,4130.10009765625,4148.0,4124.43017578125,4141.58984375,4141.58984375,3728440000,1.109373236353801,0,2093,2274.6894418808524,1.0868081423224332
2021-04-14,4141.580078125,4151.68994140625,4120.8701171875,4124.66015625,4124.66015625,3976540000,1.1048384217244198,0,2093,2265.3911330517667,1.08236556763104
2021-04-15,4139.759765625,4173.490234375,4139.759765625,4170.419921875,4170.419921875,4027680000,1.1170957096745546,0,2093,2290.5238138958657,1.0943735374562187
2021-04-16,4174.14013671875,4191.31005859375,4170.75,4185.47021484375,4185.47021484375,4157430000,1.121127106517004,0,2093,2298.789901027814,1.098322934079223
2021-04-19,4179.7998046875,4180.81005859375,4150.47021484375,4163.259765625,4163.259765625,3788020000,1.1151777781527143,168,2261,2453.9264353135713,1.0853279236238706
2021-04-20,4159.18017578125,4159.18017578125,4118.3798828125,4134.93994140625,4134.93994140625,4338230000,1.107591982303341,0,2261,2437.234043004154,1.0779451760301433
2021-04-21,4128.419921875,4175.02001953125,4126.35009765625,4173.419921875,4173.419921875,3865820000,1.1178992947311686,0,2261,2459.915078206972,1.0879765936342203
2021-04-22,4170.4599609375,4179.56982421875,4123.68994140625,4134.97998046875,4134.97998046875,4235040000,1.1076027072341097,0,2261,2437.2576430001777,1.0779556138877389
2021-04-23,4138.77978515625,4194.169921875,4138.77978515625,4180.169921875,4180.169921875,3568080000,1.1197073611085497,0,2261,2463.8936921707536,1.0897362636756982
2021-04-26,4185.02978515625,4194.18994140625,4182.35986328125,4187.6201171875,4187.6201171875,3738920000,1.1217029829825431,0,2261,2468.2850182601187,1.0916784689341525
2021-04-27,4188.25,4193.35009765625,4176.22021484375,4186.72021484375,4186.72021484375,3703240000,1.1214619336239267,0,2261,2467.754593959247,1.0914438717201447
2021-04-28,4185.14013671875,4201.52978515625,4181.77978515625,4183.18017578125,4183.18017578125,3772390000,1.120513692793775,0,2261,2465.668008944966,1.0905210123595603
2021-04-29,4206.14013671875,4218.77978515625,4176.81005859375,4211.47021484375,4211.47021484375,4288940000,1.1280915103409914,0,2261,2482.34284515978,1.097895995205564
2021-04-30,4198.10009765625,4198.10009765625,4174.85009765625,4181.169921875,4181.169921875,4273680000,1.1199752227940878,0,2261,2464.483116461684,1.0899969555336948
2021-05-03,4191.97998046875,4209.39013671875,4188.02978515625,4192.66015625,4192.66015625,4061170000,1.1230530163410015,0,2261,2471.2557397107953,1.0929923660817316
2021-05-04,4179.0400390625,4179.0400390625,4128.58984375,4164.66015625,4164.66015625,4441080000,1.1155528891459385,0,2261,2454.7518595647375,1.0856929940578228
2021-05-05,4177.06005859375,4187.72021484375,4160.93994140625,4167.58984375,4167.58984375,4029050000,1.116337640177788,0,2261,2456.4786885420735,1.0864567397355478
2021-05-06,4169.14013671875,4202.7001953125,4147.330078125,4201.6201171875,4201.6201171875,4504860000,1.1254530465800747,0,2261,2476.536958333148,1.0953281549461071
2021-05-07,4210.33984375,4238.0400390625,4201.64013671875,4232.60009765625,4232.60009765625,4013060000,1.1337513963663672,0,2261,2494.797311353986,1.1034043836152083
2021-05-10,4228.2900390625,4236.39013671875,4188.1298828125,4188.43017578125,4188.43017578125,3678970000,1.1219199666428494,0,2261,2468.7624864723525,1.0918896446140436
2021-05-11,4150.33984375,4162.0400390625,4111.52978515625,4152.10009765625,4152.10009765625,3593110000,1.112188530680561,0,2261,2447.34865593407,1.0824186890464707
2021-05-12,4130.5498046875,4134.72998046875,4056.8798828125,4063.0400390625,4063.0400390625,3735080000,1.088332753271529,0,2261,2394.854494047208,1.059201456898367
2021-05-13,4074.989990234375,4131.580078125,4074.989990234375,4112.5,4112.5,3687780000,1.1015811817748897,0,2261,2424.0073964522508,1.0720952660116103
2021-05-14,4129.580078125,4183.1298828125,4129.580078125,4173.85009765625,4173.85009765625,3251920000,1.1180145223410118,0,2261,2460.1686342618113,1.0880887369578998
2021-05-17,4169.919921875,4171.919921875,4142.68994140625,4163.2900390625,4163.2900390625,3307130000,1.1151858872467102,0,2261,2453.9442792130044,1.0853358156625406
2021-05-18,4165.93994140625,4169.14990234375,4125.990234375,4127.830078125,4127.830078125,3559790000,1.1056875223408809,0,2261,2433.0433168809905,1.0760916925612518
2021-05-19,4098.4501953125,4116.93017578125,4061.409912109375,4115.68017578125,4115.68017578125,3485550000,1.1024330290199624,0,2261,2425.881869307149,1.0729243119447807
2021-05-20,4121.97021484375,4172.7998046875,4121.97021484375,4159.1201171875,4159.1201171875,3019060000,1.114068924944711,0,2261,2451.486425968596,1.0842487509812455
2021-05-21,4168.60986328125,4188.72021484375,4151.72021484375,4155.85986328125,4155.85986328125,3344620000,1.1131956278381012,0,2261,2449.564753121651,1.083398829332884
2021-05-24,4170.16015625,4209.52001953125,4170.16015625,4197.0498046875,4197.0498046875,2947400000,1.1242288349703893,0,2261,2473.8431051285042,1.0941367116888563
2021-05-25,4205.93994140625,4213.419921875,4182.52001953125,4188.1298828125,4188.1298828125,3420870000,1.1218395296620849,0,2261,2468.5854865021756,1.0918113606820767
2021-05-26,4191.58984375,4202.60986328125,4184.10986328125,4195.990234375,4195.990234375,3674490000,1.1239450166805371,0,2261,2473.2185686483676,1.0938604903354125
2021-05-27,4201.93994140625,4213.3798828125,4197.77978515625,4200.8798828125,4200.8798828125,5201110000,1.125254766152694,0,2261,2476.1006462115415,1.0951351818715354
2021-05-28,4210.77001953125,4218.35986328125,4203.56982421875,4204.10986328125,4204.10986328125,4199270000,1.126119954165308,0,2261,2478.004475159054,1.095977211481227
2021-06-01,4216.52001953125,4234.1201171875,4197.58984375,4202.0400390625,4202.0400390625,4122960000,1.1255655275613063,0,2261,2476.784470486566,1.0954376251599143
2021-06-02,4206.81982421875,4217.3701171875,4198.27001953125,4208.1201171875,4208.1201171875,4860930000,1.1271941475360714,0,2261,2480.368216224197,1.097022652023086
2021-06-03,4191.43017578125,4204.39013671875,4167.93017578125,4192.85009765625,4192.85009765625,4579450000,1.123103894366233,0,2261,2471.367695789493,1.0930418822598378
2021-06-04,4206.0498046875,4233.4501953125,4206.0498046875,4229.89013671875,4229.89013671875,3487070000,1.1330255016619064,0,2261,2493.19999454995,1.1026979188633128
2021-06-07,4229.33984375,4232.33984375,4215.66015625,4226.52001953125,4226.52001953125,3835570000,1.1321227763916022,0,2261,2491.2135656163546,1.1018193567520365
2021-06-08,4233.81005859375,4236.740234375,4208.41015625,4227.259765625,4227.259765625,3943870000,1.1323209260271443,0,2261,2491.6495899331317,1.102012202535662
2021-06-09,4232.990234375,4237.08984375,4218.740234375,4219.5498046875,4219.5498046875,3902870000,1.1302557228949937,0,2261,2487.105151674443,1.1000022784937828
2021-06-10,4228.56005859375,4249.740234375,4220.33984375,4239.18017578125,4239.18017578125,3502480000,1.1355139471839013,0,2261,2498.6757692370816,1.105119756407378
2021-06-11,4242.89990234375,4248.3798828125,4232.25,4247.43994140625,4247.43994140625,3204280000,1.1377264219263623,0,2261,2503.54427573385,1.1072730100547767
2021-06-14,4248.31005859375,4255.58984375,4234.06982421875,4255.14990234375,4255.14990234375,3612050000,1.139791625058513,600,2861,3109.0547231099054,1.0867021052463843
2021-06-15,4255.27978515625,4257.16015625,4238.35009765625,4246.58984375,4246.58984375,3578450000,1.1374987133352874,0,2861,3102.8002570601107,1.0845159933799757
2021-06-16,4248.8701171875,4251.89013671875,4202.4501953125,4223.7001953125,4223.7001953125,3722050000,1.131367453523447,0,2861,3086.075777025756,1.0786703170310228
2021-06-17,4220.3701171875,4232.2900390625,4196.0498046875,4221.85986328125,4221.85986328125,3952110000,1.130874499083607,210,3071,3294.805253474325,1.0728769955956774
2021-06-18,4204.77978515625,4204.77978515625,4164.39990234375,4166.4501953125,4166.4501953125,6084980000,1.1160323720263985,0,3071,3251.562684789249,1.0587960549623083
2021-06-21,4173.39990234375,4226.240234375,4173.39990234375,4224.7900390625,4224.7900390625,3391740000,1.1316593809072952,0,3071,3297.092008333631,1.0736216243352754
2021-06-22,4224.60986328125,4255.83984375,4217.27001953125,4246.43994140625,4246.43994140625,3208760000,1.1374585602408245,0,3071,3313.9879296312065,1.0791233896552284
2021-06-23,4249.27001953125,4256.60009765625,4241.43017578125,4241.83984375,4241.83984375,3172440000,1.136226370328982,0,3071,3310.3979417076075,1.0779543932620017
2021-06-24,4256.97021484375,4271.27978515625,4256.97021484375,4266.490234375,4266.490234375,3141680000,1.1428292655109638,0,3071,3329.635490835617,1.0842186554332847
2021-06-25,4274.4501953125,4286.1201171875,4271.16015625,4280.7001953125,4280.7001953125,6248390000,1.1466355695991113,0,3071,3340.725165875696,1.0878297511806239
2021-06-28,4284.89990234375,4292.14013671875,4274.669921875,4290.60986328125,4290.60986328125,3415610000,1.1492899899643423,450,3521,3799.0584850915416,1.0789714527382963
2021-06-29,4293.2099609375,4300.52001953125,4287.0400390625,4291.7998046875,4291.7998046875,3049560000,1.1496087296751119,0,3521,3800.1121015097724,1.079270690573636
2021-06-30,4290.64990234375,4302.43017578125,4287.9599609375,4297.5,4297.5,3687880000,1.1511355935994136,0,3521,3805.1592570561106,1.0807041343527721
2021-07-01,4300.72998046875,4320.66015625,4300.72998046875,4319.93994140625,4319.93994140625,3077580000,1.157146394127865,0,3521,3825.0283788175507,1.0863471680822354
2021-07-02,4326.60009765625,4355.43017578125,4326.60009765625,4352.33984375,4352.33984375,2628550000,1.1658250865809274,441,3962,4297.339994782909,1.0846390698593915
2021-07-06,4356.4599609375,4356.4599609375,4314.3701171875,4343.5400390625,4343.5400390625,3437900000,1.1634679560649288,0,3962,4288.651391873333,1.0824460857832743
2021-07-07,4351.009765625,4361.8798828125,4329.7900390625,4358.1298828125,4358.1298828125,3243900000,1.1673760162035394,0,3962,4303.0568660126155,1.086081995460024
2021-07-08,4321.06982421875,4330.8798828125,4289.3701171875,4320.81982421875,4320.81982421875,3393780000,1.157382081021097,0,3962,4266.218288888897,1.076784020416178
2021-07-09,4329.3798828125,4371.60009765625,4329.3798828125,4369.5498046875,4369.5498046875,2738280000,1.1704349757256887,0,3962,4314.332476091917,1.088927934399777
2021-07-12,4372.41015625,4386.68017578125,4364.02978515625,4384.6298828125,4384.6298828125,2983980000,1.1744743508702955,0,3962,4329.221989589828,1.0926860145355446
2021-07-13,4381.06982421875,4392.3701171875,4366.919921875,4369.2099609375,4369.2099609375,3166900000,1.1703439446059942,0,3962,4313.996926895098,1.0888432425277885
2021-07-14,4380.10986328125,4393.68017578125,4362.35986328125,4374.2998046875,4374.2998046875,3213870000,1.171707318731994,0,3962,4319.022451072738,1.0901116736680307
2021-07-15,4369.02001953125,4369.02001953125,4340.7001953125,4360.02978515625,4360.02978515625,3226930000,1.1678849272476937,0,3962,4304.932759582761,1.0865554668305808
2021-07-16,4367.43017578125,4375.08984375,4322.52978515625,4327.16015625,4327.16015625,3165160000,1.159080413045858,442,4404,4710.403025004237,1.0695738022262118
2021-07-19,4296.39990234375,4296.39990234375,4233.1298828125,4258.490234375,4258.490234375,4155790000,1.14068637202666,195,4599,4828.930625758132,1.0499957872924837
2021-07-20,4265.10986328125,4336.83984375,4262.0498046875,4323.06005859375,4323.06005859375,3634190000,1.1579821539767847,0,4599,4902.149814839003,1.0659164633265934
2021-07-21,4331.1298828125,4359.7001953125,4331.1298828125,4358.68994140625,4358.68994140625,3078550000,1.1675260344424612,0,4599,4942.552451181013,1.074701554942599
2021-07-22,4361.27001953125,4369.8701171875,4350.06005859375,4367.47998046875,4367.47998046875,2907910000,1.169880549121687,0,4599,4952.51994822677,1.0768688732826202
2021-07-23,4381.2001953125,4415.18017578125,4381.2001953125,4411.7900390625,4411.7900390625,3490730000,1.181749516102895,0,4599,5002.765501743673,1.0877941947692265
2021-07-26,4409.580078125,4422.72998046875,4405.4501953125,4422.2998046875,4422.2998046875,2679110000,1.1845646796378164,0,4599,5014.683089034688,1.0903855379505736
2021-07-27,4416.3798828125,4416.3798828125,4372.509765625,4401.4599609375,4401.4599609375,3381080000,1.1789824839645937,0,4599,4991.051671752559,1.0852471562845312
2021-07-28,4402.9501953125,4415.47021484375,4387.009765625,4400.64013671875,4400.64013671875,3215130000,1.1787628844675144,0,4599,4990.122029071756,1.085045016106057
2021-07-29,4403.58984375,4429.97021484375,4403.58984375,4419.14990234375,4419.14990234375,2815510000,1.1837209414867396,0,4599,5011.111245714937,1.0896088814339937
2021-07-30,4395.1201171875,4412.25,4389.64990234375,4395.259765625,4395.259765625,2861600000,1.1773216891975227,0,4599,4984.020937529305,1.0837184034636453
2021-08-02,4406.85986328125,4422.18017578125,4384.81005859375,4387.16015625,4387.16015625,2919940000,1.175152114178136,0,4599,4974.83635576089,1.0817213211047814
2021-08-03,4392.740234375,4423.7900390625,4373.0,4423.14990234375,4423.14990234375,3305340000,1.1847923882288915,0,4599,5015.647060391019,1.0905951425072884
2021-08-04,4415.9501953125,4416.169921875,4400.22998046875,4402.66015625,4402.66015625,3382620000,1.1793039703039747,0,4599,4992.4126376307095,1.0855430827637986
2021-08-05,4408.85986328125,4429.759765625,4408.85986328125,4429.10009765625,4429.10009765625,2734220000,1.1863862175745779,0,4599,5022.394306197018,1.0920622540110931
2021-08-06,4429.06982421875,4440.81982421875,4429.06982421875,4436.52001953125,4436.52001953125,2839970000,1.1883737303545754,0,4599,5030.808153831021,1.0938917490391435
2021-08-09,4437.77001953125,4439.39013671875,4424.740234375,4432.35009765625,4432.35009765625,2779880000,1.1872567680525763,0,4599,5026.079655621335,1.0928635911331452
2021-08-10,4435.7900390625,4445.2099609375,4430.02978515625,4436.75,4436.75,3219840000,1.1884353333105755,0,4599,5031.0689410273635,1.09394845423513
2021-08-11,4442.18017578125,4449.43994140625,4436.419921875,4442.41015625,4442.41015625,2803060000,1.189951472304109,0,4599,5037.487295974282,1.0953440521796656
2021-08-12,4446.080078125,4461.77001953125,4435.9599609375,4460.830078125,4460.830078125,2543860000,1.194885463625024,0,4599,5058.374633967511,1.0998857651592762
2021-08-13,4464.83984375,4468.3701171875,4460.81982421875,4468.0,4468.0,2371630000,1.196806010983637,0,4599,5066.504993184259,1.1016536188702455
2021-08-16,4461.64990234375,4480.259765625,4437.66015625,4479.7099609375,4479.7099609375,2707170000,1.1999426608579395,606,5205,5688.23653924784,1.0928408336691335
2021-08-17,4462.1201171875,4462.1201171875,4417.830078125,4448.080078125,4448.080078125,2884000000,1.1914702271344149,0,5205,5648.073614256031,1.0851246136899195
2021-08-18,4440.93994140625,4454.31982421875,4397.58984375,4400.27001953125,4400.27001953125,2965210000,1.1786637442538241,0,5205,5587.365460244284,1.0734611835243582
2021-08-19,4382.43994140625,4418.60986328125,4367.72998046875,4405.7998046875,4405.7998046875,3120840000,1.18014496182644,0,5205,5594.3870590206,1.074810193856023
2021-08-20,4410.56005859375,4444.35009765625,4406.7998046875,4441.669921875,4441.669921875,2867770000,1.1897531918767281,0,5205,5639.934139754001,1.0835608337663787
2021-08-23,4450.2900390625,4489.8798828125,4450.2900390625,4479.52978515625,4479.52978515625,2965520000,1.1998943986694808,0,5205,5688.007756029431,1.0927968791603133
2021-08-24,4484.39990234375,4492.81005859375,4482.27978515625,4486.22998046875,4486.22998046875,3037770000,1.2016891242793206,0,5205,5696.515515712311,1.0944314151224421
2021-08-25,4490.4501953125,4501.7099609375,4485.66015625,4496.18994140625,4496.18994140625,2554680000,1.2043570162039317,0,5205,5709.162453623066,1.09686118225227
2021-08-26,4493.75,4495.89990234375,4468.990234375,4470.0,4470.0,2704600000,1.197341734354713,0,5205,5675.907045802731,1.0904720549092664
2021-08-27,4474.10009765625,4513.330078125,4474.10009765625,4509.3701171875,4509.3701171875,2862360000,1.207887480304384,0,5205,5725.898349055217,1.100076531999081
2021-08-30,4513.759765625,4537.35986328125,4513.759765625,4528.7900390625,4528.7900390625,2557300000,1.2130893333108372,0,5205,5750.55733594543,1.1048140895188145
2021-08-31,4529.75,4531.39013671875,4515.7998046875,4522.68017578125,4522.68017578125,3090380000,1.211452735033915,0,5205,5742.799166807413,1.1033235671099737
2021-09-01,4528.7998046875,4537.10986328125,4522.02001953125,4524.08984375,4524.08984375,3101830000,1.2118303310720733,0,5205,5744.589131987742,1.103667460516377
2021-09-02,4534.47998046875,4545.85009765625,4524.66015625,4536.9501953125,4536.9501953125,2897010000,1.2152751265182153,0,5205,5760.9189217070025,1.106804788032085
2021-09-03,4532.419921875,4541.4501953125,4521.2998046875,4535.43017578125,4535.43017578125,2609660000,1.214867971524524,0,5205,5758.988834555508,1.1064339739780036
2021-09-07,4535.3798828125,4535.3798828125,4513.0,4520.02978515625,4520.02978515625,3098870000,1.2107427969337685,0,5205,5739.433759464557,1.1026769950940551
2021-09-08,4518.08984375,4521.7900390625,4493.9501953125,4514.06982421875,4514.06982421875,2808480000,1.2091463517513092,0,5205,5731.865933004184,1.1012230418836089
2021-09-09,4513.02001953125,4529.89990234375,4492.06982421875,4493.27978515625,4493.27978515625,3035300000,1.2035774968456279,0,5205,5705.467201640122,1.0961512395081887
2021-09-10,4506.919921875,4520.47021484375,4457.66015625,4458.580078125,4458.580078125,2851140000,1.1942827748325635,0,5205,5661.406281813284,1.0876861252282968
2021-09-13,4474.81005859375,4492.990234375,4445.7001953125,4468.72998046875,4468.72998046875,3096390000,1.1970015447824063,586,5791,6259.49818478927,1.0809010852683942
2021-09-14,4479.330078125,4485.68017578125,4435.4599609375,4443.0498046875,4443.0498046875,2568730000,1.1901228096127292,0,5791,6223.527111488721,1.0746895374699916
2021-09-15,4447.490234375,4486.8701171875,4438.3701171875,4480.7001953125,4480.7001953125,3154760000,1.2002079067067046,0,5791,6276.265261433747,1.0837964533644875
2021-09-16,4477.08984375,4485.8701171875,4443.7998046875,4473.75,4473.75,3321030000,1.1983462156754803,0,5791,6266.529892518492,1.0821153328472615
2021-09-17,4469.740234375,4471.52001953125,4427.759765625,4432.990234375,4432.990234375,5622210000,1.1874282361530353,462,6253,6667.637795068294,1.06631021830614
2021-09-20,4402.9501953125,4402.9501953125,4305.91015625,4357.72998046875,4357.72998046875,3773680000,1.167268897687692,190,6443,6742.48785183445,1.0464826714006596
2021-09-21,4374.4501953125,4394.8701171875,4347.9599609375,4354.18994140625,4354.18994140625,3044300000,1.1663206568575404,0,6443,6737.0105344052145,1.0456325522901155
2021-09-22,4367.43017578125,4416.75,4367.43017578125,4395.64013671875,4395.64013671875,3273670000,1.1774235760398246,0,6443,6801.144255311125,1.055586567641025
2021-09-23,4406.75,4465.39990234375,4406.75,4448.97998046875,4448.97998046875,2833290000,1.1917112764930313,0,6443,6883.674207858675,1.0683958106252793
2021-09-24,4438.0400390625,4463.1201171875,4430.27001953125,4455.47998046875,4455.47998046875,2772090000,1.1934523774490282,0,6443,6893.731318150811,1.0699567465700466
2021-09-27,4442.1201171875,4457.2998046875,4436.18994140625,4443.10986328125,4443.10986328125,3032870000,1.1901388970088822,177,6620,7051.631119585744,1.0652010754661245
2021-09-28,4419.5400390625,4419.5400390625,4346.330078125,4352.6298828125,4352.6298828125,3495970000,1.1659027769330805,0,6620,6908.030923865677,1.0435092030008577
2021-09-29,4362.41015625,4385.56982421875,4355.080078125,4359.4599609375,4359.4599609375,2753800000,1.167732293171999,0,6620,6918.870896978537,1.0451466611750055
2021-09-30,4370.669921875,4382.5498046875,4306.240234375,4307.5400390625,4307.5400390625,3123770000,1.1538249353855619,0,6620,6836.46912252639,1.032699263221509
2021-10-01,4317.16015625,4375.18994140625,4288.52001953125,4357.0400390625,4357.0400390625,3148980000,1.1670840888196914,199,6819,7115.868522358333,1.0435354923534732
2021-10-04,4348.83984375,4355.509765625,4278.93994140625,4300.4599609375,4300.4599609375,3110560000,1.151928453725259,438,7257,7456.589925305593,1.0275030901619944
2021-10-05,4309.8701171875,4369.22998046875,4309.8701171875,4345.72021484375,4345.72021484375,2967400000,1.1640519416244635,0,7257,7535.066915292623,1.0383170614982256
2021-10-06,4319.56982421875,4365.56982421875,4290.490234375,4363.5498046875,4363.5498046875,3219590000,1.1688278056124608,0,7257,7565.981733988495,1.0425770613185192
2021-10-07,4383.72998046875,4429.97021484375,4383.72998046875,4399.759765625,4399.759765625,3096080000,1.1785270667824437,0,7257,7628.766373858368,1.0512286583792707
2021-10-08,4406.509765625,4412.02001953125,4386.22021484375,4391.33984375,4391.33984375,2401890000,1.176271692316908,0,7257,7614.1670274639655,1.0492168978178262
2021-10-11,4385.43994140625,4415.8798828125,4360.58984375,4361.18994140625,4361.18994140625,2580000000,1.168195688656306,0,7257,7561.889954753738,1.0420132223720184
2021-10-12,4368.31005859375,4374.89013671875,4342.08984375,4350.64990234375,4350.64990234375,2608150000,1.1653724160273888,0,7257,7543.614526125254,1.039494905074446
2021-10-13,4358.009765625,4372.8701171875,4329.919921875,4363.7998046875,4363.7998046875,2926460000,1.1688947710338453,0,7257,7566.4152102906255,1.0426367934808634
2021-10-14,4386.75,4439.72998046875,4386.75,4438.259765625,4438.259765625,2642920000,1.1888397416756553,0,7257,7695.521724386427,1.0604274113802434
2021-10-15,4447.68994140625,4475.81982421875,4447.68994140625,4471.3701171875,4471.3701171875,3000560000,1.1977087362539411,0,7257,7752.931935416607,1.0683384229594333
2021-10-18,4463.72021484375,4488.75,4447.47021484375,4486.4599609375,4486.4599609375,2683540000,1.2017507272353207,0,7257,7779.096294090501,1.0719438189459145
2021-10-19,4497.33984375,4520.39990234375,4496.41015625,4519.6298828125,4519.6298828125,2531210000,1.210635678417921,0,7257,7836.609794395798,1.0798690635794128
2021-10-20,4524.419921875,4540.8701171875,4524.39990234375,4536.18994140625,4536.18994140625,2671560000,1.2150714836254504,0,7257,7865.323366244914,1.0838257360128034
2021-10-21,4532.240234375,4551.43994140625,4526.89013671875,4549.77978515625,4549.77978515625,3016950000,1.2187116820785229,0,7257,7888.886867106025,1.0870727390252206
2021-10-22,4546.1201171875,4559.669921875,4524.0,4544.89990234375,4544.89990234375,3062810000,1.217404548443139,0,7257,7880.425612880459,1.085906795215717
2021-10-25,4553.68994140625,4572.6201171875,4537.35986328125,4566.47998046875,4566.47998046875,3250210000,1.2231850245437426,0,7257,7917.843422741687,1.0910628941355502
2021-10-26,4578.68994140625,4598.52978515625,4569.169921875,4574.7900390625,4574.7900390625,2866500000,1.2254109708455836,0,7257,7932.252276620505,1.0930484052115894
2021-10-27,4580.22021484375,4584.56982421875,4551.66015625,4551.68017578125,4551.68017578125,3259510000,1.219220723914516,0,7257,7892.181964308937,1.0875267967905384
2021-10-28,4562.83984375,4597.5498046875,4562.83984375,4596.419921875,4596.419921875,3197560000,1.2312047877137287,0,7257,7969.756443088797,1.0982164038981392
2021-10-29,4572.8701171875,4608.080078125,4567.58984375,4605.3798828125,4605.3798828125,3632260000,1.2336048179528016,0,7257,7985.292166026474,1.1003571952633973
2021-11-01,4610.6201171875,4620.33984375,4595.06005859375,4613.669921875,4613.669921875,2924000000,1.2358254017892585,0,7257,7999.666307935786,1.102337923099874
2021-11-02,4613.33984375,4635.14990234375,4613.33984375,4630.64990234375,4630.64990234375,3309690000,1.2403736879780196,0,7257,8029.107984511136,1.1063949268997018
2021-11-03,4630.64990234375,4663.4599609375,4621.18994140625,4660.56982421875,4660.56982421875,3339440000,1.2483880886826215,0,7257,8080.9862928887405,1.1135436534227285
2021-11-04,4662.93017578125,4683.0,4662.58984375,4680.06005859375,4680.06005859375,3332940000,1.253608775713839,0,7257,8114.780511786848,1.1182004287979672
2021-11-05,4699.259765625,4718.5,4681.31982421875,4697.52978515625,4697.52978515625,3491150000,1.2582882461167577,0,7257,8145.0713616650055,1.122374446970512
2021-11-08,4701.47998046875,4714.919921875,4694.39013671875,4701.7001953125,4701.7001953125,3465720000,1.2594053392105955,0,7257,8152.302457556597,1.1233708774364886
2021-11-09,4707.25,4708.52978515625,4670.8701171875,4685.25,4685.25,3110230000,1.2549989621667603,0,7257,8123.779378223066,1.1194404544885028
2021-11-10,4670.259765625,4684.85009765625,4630.85986328125,4646.7099609375,4646.7099609375,3581630000,1.24467556234278,0,7257,8056.954603755994,1.1102321350084048
2021-11-11,4659.39013671875,4664.5498046875,4648.31005859375,4649.27001953125,4649.27001953125,2623140000,1.2453613039527778,0,7257,8061.393502685817,1.1108438063505328
2021-11-12,4655.240234375,4688.47021484375,4650.77001953125,4682.85009765625,4682.85009765625,2865790000,1.254356120279837,0,7257,8119.618175049297,1.1188670490628767
2021-11-15,4689.2998046875,4697.419921875,4672.85986328125,4682.7998046875,4682.7998046875,2618980000,1.254342648720457,0,7257,8119.530971808829,1.1188550326317803
2021-11-16,4679.419921875,4714.9501953125,4679.419921875,4700.89990234375,4700.89990234375,2838210000,1.259190971387062,0,7257,8150.914825409741,1.1231796645183603
2021-11-17,4701.5,4701.5,4684.41015625,4688.669921875,4688.669921875,3221250000,1.255915028204606,0,7257,8129.709198574865,1.120257571803068
2021-11-18,4700.72021484375,4708.7998046875,4672.77978515625,4704.5400390625,4704.5400390625,3335620000,1.2601660245441348,0,7257,8157.22647742611,1.124049397468115
2021-11-19,4708.43994140625,4717.75,4694.22021484375,4697.9599609375,4697.9599609375,3265600000,1.2584034737266008,0,7257,8145.817245692698,1.1224772282889208
2021-11-22,4712.0,4743.830078125,4682.169921875,4682.93994140625,4682.93994140625,3206280000,1.254380185978147,0,7257,8119.773955595376,1.1188885153087194
2021-11-23,4678.47998046875,4699.39013671875,4652.66015625,4690.7001953125,4690.7001953125,3428780000,1.2564588606696778,0,7257,8133.229500262867,1.1207426622933536
2021-11-24,4675.77978515625,4702.8701171875,4659.89013671875,4701.4599609375,4701.4599609375,2464040000,1.2593409896259837,0,7257,8151.88591392252,1.1233134785617362
2021-11-26,4664.6298828125,4664.6298828125,4585.43017578125,4594.6201171875,4594.6201171875,2676740000,1.2307226889964957,0,7257,7966.635752366824,1.097786378995015
2021-11-29,4628.75,4672.9501953125,4625.259765625,4655.27001953125,4655.27001953125,3471380000,1.2469684740660056,0,7257,8071.796933936943,1.1122773782467883
2021-11-30,4640.25,4646.02001953125,4560.0,4567.0,4567.0,4950190000,1.2233243178518958,0,7257,7918.745087315457,1.0911871416998011
2021-12-01,4602.81982421875,4652.93994140625,4510.27001953125,4513.0400390625,4513.0400390625,4078260000,1.2088705117636143,0,7257,7825.183629994335,1.0782945611126271
2021-12-02,4504.72998046875,4595.4599609375,4504.72998046875,4577.10009765625,4577.10009765625,3771510000,1.226029747034197,0,7257,7936.257699248199,1.0936003443913738
2021-12-03,4589.490234375,4608.02978515625,4495.1201171875,4538.43017578125,4538.43017578125,3971500000,1.215671556581138,0,7257,7869.207720296036,1.084360992186308
2021-12-06,4548.3701171875,4612.60009765625,4540.509765625,4591.669921875,4591.669921875,3305690000,1.2299324447074231,0,7257,7961.520393348326,1.0970814928136043
2021-12-07,4631.97021484375,4694.0400390625,4631.97021484375,4686.75,4686.75,3334320000,1.2554007546950674,0,7257,8126.380236035849,1.119798847462567
2021-12-08,4690.85986328125,4705.06005859375,4674.52001953125,4701.2099609375,4701.2099609375,3061550000,1.2592740242045992,0,7257,8151.452437620391,1.1232537463993923
2021-12-09,4691.0,4695.259765625,4665.97998046875,4667.4501953125,4667.4501953125,2851660000,1.25023107648092,0,7257,8092.916204164755,1.1151875711953638
2021-12-10,4687.64013671875,4713.56982421875,4670.240234375,4712.02001953125,4712.02001953125,2858310000,1.2621696247202854,0,7257,8170.196054520512,1.1258365790988718
2021-12-13,4710.2998046875,4710.2998046875,4667.60009765625,4668.97021484375,4668.97021484375,3322050000,1.2506382314746112,0,7257,8095.551773947044,1.1155507474089905
2021-12-14,4642.990234375,4660.47021484375,4606.52001953125,4634.08984375,4634.08984375,3292740000,1.2412951164812496,0,7257,8035.072516832445,1.10721682745383
2021-12-15,4636.4599609375,4712.60009765625,4611.22021484375,4709.85009765625,4709.85009765625,3367580000,1.2615883857893622,0,7257,8166.433615679366,1.1253181225960267
2021-12-16,4719.1298828125,4731.990234375,4651.89013671875,4668.669921875,4668.669921875,3592810000,1.2505577944938466,0,7257,8095.031094404446,1.11547899881555
2021-12-17,4652.5,4666.7001953125,4600.22021484375,4620.64013671875,4620.64013671875,5609780000,1.2376924552858672,0,7257,8011.751999757878,1.1040033071183517
2021-12-20,4587.89990234375,4587.89990234375,4531.10009765625,4568.02001953125,4568.02001953125,3395780000,1.223597542002818,0,7257,7920.513704493486,1.09143085358874
2021-12-21,4594.9599609375,4651.14013671875,4583.16015625,4649.22998046875,4649.22998046875,2564370000,1.2453505790220092,0,7257,8061.324078746805,1.1108342398714075
2021-12-22,4650.35986328125,4697.669921875,4645.52978515625,4696.56005859375,4696.56005859375,2439570000,1.2580284935252155,0,7257,8143.389947727448,1.1221427515126703
2021-12-23,4703.9599609375,4740.740234375,4703.9599609375,4725.7900390625,4725.7900390625,2194630000,1.2658580853618167,0,7257,8194.07196310718,1.129126631267353
2021-12-27,4733.990234375,4791.490234375,4733.990234375,4791.18994140625,4791.18994140625,2264120000,1.283376213437632,0,7257,8307.469194417774,1.144752541603662
2021-12-28,4795.490234375,4807.02001953125,4780.0400390625,4786.35009765625,4786.35009765625,2217050000,1.2820798047330166,0,7257,8299.07736413122,1.143596164273284
2021-12-29,4788.64013671875,4804.06005859375,4778.080078125,4793.06005859375,4793.06005859375,2369370000,1.2838771461796292,0,7257,8310.711800349725,1.145199366177446
2021-12-30,4794.22998046875,4808.93017578125,4775.330078125,4778.72998046875,4778.72998046875,2390990000,1.280038667299176,0,7257,8285.864803250275,1.1417754999655885
2021-12-31,4775.2099609375,4786.830078125,4765.75,4766.18017578125,4766.18017578125,2446190000,1.27667705546241,0,7257,8264.104631536697,1.1387769920816724
2022-01-03,4778.14013671875,4796.64013671875,4758.169921875,4796.56005859375,4796.56005859375,2775190000,1.2848146620790122,0,7257,8316.780468579549,1.1460356164502616
2022-01-04,4804.509765625,4818.6201171875,4774.27001953125,4793.5400390625,4793.5400390625,3641050000,1.2840057145570138,0,7257,8311.54404098448,1.1453140472625714
2022-01-05,4787.990234375,4797.7001953125,4699.43994140625,4700.580078125,4700.580078125,3733540000,1.2591053027327517,0,7257,8150.360280531038,1.1231032493497366
2022-01-06,4693.39013671875,4725.009765625,4671.259765625,4696.0498046875,4696.0498046875,3371250000,1.257891816053835,0,7257,8142.505215821733,1.1220208372360112
2022-01-07,4697.66015625,4707.9501953125,4662.740234375,4677.02978515625,4677.02978515625,3279870000,1.2527970815632292,0,7257,8109.526304890327,1.117476409658306
2022-01-10,4655.33984375,4673.02001953125,4582.240234375,4670.2900390625,4670.2900390625,3621800000,1.2509917618144595,0,7257,8097.840224034265,1.1158660912269898
2022-01-11,4669.14013671875,4714.1298828125,4638.27001953125,4713.06982421875,4713.06982421875,3421600000,1.2624508271733648,0,7257,8172.016316336097,1.1260874075149645
2022-01-12,4728.58984375,4748.830078125,4706.7099609375,4726.35009765625,4726.35009765625,3060040000,1.2660081036007385,0,7257,8195.043051619961,1.129260445310729
2022-01-13,4733.56005859375,4744.1298828125,4650.2900390625,4659.02978515625,4659.02978515625,3539830000,1.2479755712235459,0,7257,8078.31601113695,1.1131756939695396
2022-01-14,4637.990234375,4665.1298828125,4614.75,4662.85009765625,4662.85009765625,3483530000,1.2489988865690775,0,7257,8084.940070878878,1.1140884760753587
2022-01-18,4632.240234375,4632.240234375,4568.7001953125,4577.10986328125,4577.10986328125,3324960000,1.2260323628709697,0,7257,7936.274631916253,1.0936026776789656
2022-01-19,4588.02978515625,4611.5498046875,4530.2001953125,4532.759765625,4532.759765625,3387370000,1.2141526709589932,0,7257,7859.3757665916655,1.0830061687462678
2022-01-20,4547.35009765625,4602.10986328125,4477.9501953125,4482.72998046875,4482.72998046875,3473060000,1.2007516083799377,0,7257,7772.628861528056,1.0710526197503178
2022-01-21,4471.3798828125,4494.52001953125,4395.33984375,4397.93994140625,4397.93994140625,3945810000,1.1780396055998263,0,7257,7625.610971166888,1.0507938502365837
2022-01-24,4356.31982421875,4417.35009765625,4222.6201171875,4410.1298828125,4410.1298828125,5172540000,1.1813048238515136,0,7257,7646.747174062752,1.0537063764727506
2022-01-25,4366.64013671875,4411.009765625,4287.10986328125,4356.4501953125,4356.4501953125,3989420000,1.1669260922786122,0,7257,7553.6716843147215,1.0408807612394546
2022-01-26,4408.43017578125,4453.22998046875,4304.7998046875,4349.93017578125,4349.93017578125,4046270000,1.1651796288572311,0,7257,7542.366588489828,1.0393229417789485
2022-01-27,4380.580078125,4428.740234375,4309.5,4326.509765625,4326.509765625,4074330000,1.1589061983167874,0,7257,7501.757817334208,1.0337271348124857
2022-01-28,4336.18994140625,4432.72021484375,4292.4599609375,4431.85009765625,4431.85009765625,3936030000,1.1871228372098073,0,7257,7684.407967710526,1.0588959580695225
2022-01-31,4431.7900390625,4516.89013671875,4414.02001953125,4515.5498046875,4515.5498046875,4001950000,1.209542781814232,0,7257,7829.5353256836925,1.078894216023659
2022-02-01,4519.56982421875,4550.490234375,4483.52978515625,4546.5400390625,4546.5400390625,3796450000,1.217843878229136,0,7257,7883.269454479791,1.0862986708667206
2022-02-02,4566.39013671875,4595.31005859375,4544.31982421875,4589.3798828125,4589.3798828125,3777170000,1.2293190309841941,0,7257,7957.549682690143,1.0965343368733833
2022-02-03,4535.41015625,4542.8798828125,4470.39013671875,4477.43994140625,4477.43994140625,3596830000,1.1993346096000947,0,7257,7763.4564352443085,1.069788677861969
2022-02-04,4482.7900390625,4539.66015625,4451.5,4500.52978515625,4500.52978515625,3673700000,1.205519494065778,0,7257,7803.49203558637,1.0753055030434573
2022-02-07,4505.75,4521.85986328125,4471.47021484375,4483.8701171875,4483.8701171875,3291600000,1.201057007323166,0,7257,7774.605750523124,1.0713250310766327
2022-02-08,4480.02001953125,4531.31982421875,4465.39990234375,4521.5400390625,4521.5400390625,3509330000,1.2111473360906868,0,7257,7839.921824266765,1.0803254546323227
2022-02-09,4547.0,4590.02978515625,4547.0,4587.18017578125,4587.18017578125,3662810000,1.2287298137511138,0,7257,7953.735599211437,1.096008763843384
2022-02-10,4553.240234375,4588.919921875,4484.31005859375,4504.080078125,4504.080078125,4490500000,1.206470481524541,0,7257,7809.64790705666,1.0761537697473695
2022-02-11,4506.27001953125,4526.330078125,4401.41015625,4418.64013671875,4418.64013671875,4164960000,1.1835843948071978,0,7257,7661.503147636634,1.055739719944417
2022-02-14,4412.60986328125,4426.22021484375,4364.83984375,4401.669921875,4401.669921875,3466170000,1.1790387244552094,0,7257,7632.078403729335,1.0516850494321808
2022-02-15,4429.27978515625,4472.77001953125,4429.27978515625,4471.06982421875,4471.06982421875,3363200000,1.1976282992731766,0,7257,7752.411255874013,1.0682666743659932
2022-02-16,4455.75,4489.5498046875,4429.68017578125,4475.009765625,4475.009765625,3478750000,1.1986836586191756,0,7257,7759.2427407995765,1.0692080392448087
2022-02-17,4456.06005859375,4456.06005859375,4373.81005859375,4380.259765625,4380.259765625,3596510000,1.1733037639144532,0,7257,7594.955222292211,1.046569549716441
2022-02-18,4384.56982421875,4394.60009765625,4327.22021484375,4348.8701171875,4348.8701171875,3871340000,1.1648956797755403,0,7257,7540.528547372787,1.0390696634108842
2022-02-22,4332.740234375,4362.1201171875,4267.10986328125,4304.759765625,4304.759765625,4007780000,1.1530802066563368,0,7257,7464.0453790488755,1.0285304366885595
2022-02-23,4324.93017578125,4341.509765625,4221.509765625,4225.5,4225.5,3814340000,1.13184955224068,0,7257,7326.616458605533,1.0095930079379265
2022-02-24,4155.77001953125,4294.72998046875,4114.64990234375,4288.7001953125,4288.7001953125,5070560000,1.148778463083415,0,7257,7436.199606437422,1.0246933452442362
2022-02-25,4298.3798828125,4385.33984375,4286.830078125,4384.64990234375,4384.64990234375,3941780000,1.1744797133356797,0,7257,7602.567303214972,1.0476184791532275
2022-02-28,4354.169921875,4388.83984375,4315.1201171875,4373.93994140625,4373.93994140625,4594010000,1.1716109251469151,0,7257,7583.997246162384,1.0450595626515617
2022-03-01,4363.14013671875,4378.4501953125,4279.5400390625,4306.259765625,4306.259765625,4679400000,1.1534819991846437,0,7257,7466.646236861657,1.0288888296626233
2022-03-02,4322.56005859375,4401.47998046875,4322.56005859375,4386.5400390625,4386.5400390625,4409090000,1.1749860085430612,0,7257,7605.844621116429,1.0480700869665742
2022-03-03,4401.31005859375,4416.77978515625,4345.56005859375,4363.490234375,4363.490234375,4062080000,1.1688118490081467,0,7257,7565.878444713381,1.0425628282642112
2022-03-04,4342.1201171875,4342.1201171875,4284.97998046875,4328.8701171875,4328.8701171875,4558250000,1.1595384460647808,0,7257,7505.8504432023665,1.034291090423366
2022-03-07,4327.009765625,4327.009765625,4199.85009765625,4201.08984375,4201.08984375,5506330000,1.1253110066433099,0,7257,7284.2915615428465,1.003760722274059
2022-03-08,4202.66015625,4276.93994140625,4157.8701171875,4170.7001953125,4170.7001953125,6237000000,1.1171707841899348,0,7257,7231.598791831943,0.9964997646178784
2022-03-09,4223.10009765625,4299.39990234375,4223.10009765625,4277.8798828125,4277.8798828125,4220180000,1.1458801159391174,0,7257,7417.438210235849,1.022108062592786
2022-03-10,4252.5498046875,4268.27978515625,4209.7998046875,4259.52001953125,4259.52001953125,4008690000,1.1409622120143552,0,7257,7385.603947664756,1.0177213652562707
2022-03-11,4279.5,4291.009765625,4200.490234375,4204.31005859375,4204.31005859375,3877430000,1.1261735788191511,0,7257,7289.875108832983,1.0045301238573767
2022-03-14,4202.75,4247.56982421875,4161.72021484375,4173.10986328125,4173.10986328125,4757600000,1.117816241913631,0,7257,7235.776927673766,0.9970755033310964
2022-03-15,4188.81982421875,4271.0498046875,4187.89990234375,4262.4501953125,4262.4501953125,4331170000,1.1417470938380434,0,7257,7390.684594713747,1.0184214681981187
2022-03-16,4288.14013671875,4358.89990234375,4251.990234375,4357.85986328125,4357.85986328125,5002240000,1.1673036883167704,0,7257,7556.115914948023,1.0412175713032965
2022-03-17,4345.10986328125,4412.669921875,4335.64990234375,4411.669921875,4411.669921875,4174170000,1.1817173413105893,0,7257,7649.417455814546,1.05407433592594
2022-03-18,4407.33984375,4465.39990234375,4390.56982421875,4463.1201171875,4463.1201171875,6681510000,1.195498877348253,0,7257,7738.627217446313,1.0663672616020825
2022-03-21,4462.39990234375,4481.75,4424.2998046875,4461.18017578125,4461.18017578125,3961050000,1.19497924137333,0,7257,7735.263542937791,1.0659037540220189
2022-03-22,4469.10009765625,4522.0,4469.10009765625,4511.60986328125,4511.60986328125,3962880000,1.208487422468233,0,7257,7822.703840758128,1.0779528511448433
2022-03-23,4493.10009765625,4501.06982421875,4455.81005859375,4456.240234375,4456.240234375,4014360000,1.1936560203417932,0,7257,7726.698152803706,1.0647234604938274
2022-03-24,4469.97998046875,4520.580078125,4465.169921875,4520.16015625,4520.16015625,3573430000,1.2107777183546857,0,7257,7837.529238271024,1.0799957610956352
2022-03-25,4522.91015625,4546.02978515625,4501.06982421875,4543.06005859375,4543.06005859375,3577520000,1.2169117247951375,0,7257,7877.235498219474,1.0854672038334676
2022-03-28,4541.08984375,4575.64990234375,4517.68994140625,4575.52001953125,4575.52001953125,3696850000,1.2256065046443527,0,7257,7933.517993557393,1.0932228184590593
2022-03-29,4602.85986328125,4637.2998046875,4589.66015625,4631.60009765625,4631.60009765625,4239660000,1.240628208896016,0,7257,8030.755533112596,1.1066219557823613
2022-03-30,4624.2001953125,4627.77001953125,4581.31982421875,4602.4501953125,4602.4501953125,3665390000,1.2328200669209521,0,7257,7980.212365610889,1.0996572089859293
2022-03-31,4599.02001953125,4603.06982421875,4530.41015625,4530.41015625,4530.41015625,3782040000,1.2135233006314499,0,7257,7855.301766658363,1.082444779751738
2022-04-01,4540.31982421875,4548.7001953125,4507.56982421875,4545.85986328125,4545.85986328125,3828290000,1.2176616851979083,0,7257,7882.090094149971,1.0861361573859682
2022-04-04,4547.97021484375,4583.5,4539.2099609375,4582.64013671875,4582.64013671875,3833500000,1.2275137112354244,0,7257,7945.86360183408,1.094924018442067
2022-04-05,4572.4501953125,4593.4501953125,4514.169921875,4525.1201171875,4525.1201171875,3906230000,1.212106301851607,0,7257,7846.129340374616,1.0811808378633894
2022-04-06,4494.169921875,4503.93994140625,4450.0400390625,4481.14990234375,4481.14990234375,4137080000,1.2003283659900936,0,7257,7769.88915583725,1.0706750938180032
2022-04-07,4474.64990234375,4521.16015625,4450.2998046875,4500.2099609375,4500.2099609375,4054010000,1.2054338254114678,0,7257,7802.937490707668,1.0752290878748336
2022-04-08,4494.14990234375,4520.41015625,4474.60009765625,4488.27978515625,4488.27978515625,3453040000,1.202238188417938,0,7257,7782.251696781987,1.0723786270886024
2022-04-11,4462.64013671875,4464.35009765625,4408.3798828125,4412.52978515625,4412.52978515625,3452540000,1.181947665738437,0,7257,7650.908377236521,1.054279781898377
2022-04-12,4437.58984375,4471.0,4381.33984375,4397.4501953125,4397.4501953125,3451990000,1.177908421385669,0,7257,7624.761797864083,1.050676835863867
2022-04-13,4394.2998046875,4453.919921875,4392.7001953125,4446.58984375,4446.58984375,3273140000,1.1910710504428808,0,7257,7709.965290234756,1.0624177056958461
2022-04-14,4449.1201171875,4460.4599609375,4390.77001953125,4392.58984375,4392.58984375,3634740000,1.1766065194238307,0,7257,7616.3344089746215,1.0495155586295468
2022-04-18,4385.6298828125,4410.31005859375,4370.2998046875,4391.68994140625,4391.68994140625,3509340000,1.1763654700652142,0,7257,7614.774063613633,1.0493005461779845
2022-04-19,4390.6298828125,4471.02978515625,4390.6298828125,4462.2099609375,4462.2099609375,3197930000,1.1952550813610252,0,7257,7737.049092783871,1.0661497991985491
2022-04-20,4472.259765625,4488.2900390625,4448.759765625,4459.4501953125,4459.4501953125,3678040000,1.1945158458890228,0,7257,7732.263920792386,1.0654904121251738
2022-04-21,4489.169921875,4512.93994140625,4384.47021484375,4393.66015625,4393.66015625,3833570000,1.176893215134133,0,7257,7618.190229393116,1.0497712869495819
2022-04-22,4385.830078125,4385.830078125,4267.6201171875,4271.77978515625,4271.77978515625,3930660000,1.1442461334989682,0,7257,7406.861219137189,1.020650574498717
2022-04-25,4255.33984375,4299.02001953125,4200.81982421875,4296.1201171875,4296.1201171875,4061070000,1.1507659758634126,0,7257,7449.065047623305,1.0264661771563048
2022-04-26,4278.14013671875,4278.14013671875,4175.0400390625,4175.2001953125,4175.2001953125,3760420000,1.1183761617748558,0,7257,7239.401365270289,0.9975749435400701
2022-04-27,4186.52001953125,4240.7099609375,4162.89990234375,4183.9599609375,4183.9599609375,3876340000,1.1207225673600858,0,7257,7254.5899685129,0.999667902509701
2022-04-28,4222.580078125,4308.4501953125,4188.6298828125,4287.5,4287.5,3969440000,1.148456976744034,0,7257,7434.118581533838,1.0244065841992336
2022-04-29,4253.75,4269.68017578125,4124.27978515625,4131.93017578125,4131.93017578125,3943480000,1.1067857814099544,0,7257,7164.375253032249,0.9872364962149992
2022-05-02,4130.60986328125,4169.81005859375,4062.510009765625,4155.3798828125,4155.3798828125,4474060000,1.1130670594607164,0,7257,7205.034822192025,0.9928393030442366
2022-05-03,4159.77978515625,4200.10009765625,4147.080078125,4175.47998046875,4175.47998046875,3877530000,1.1184511054983974,0,7257,7239.886486209978,0.9976417922295684
2022-05-04,4181.18017578125,4307.66015625,4148.91015625,4300.169921875,4300.169921875,4236210000,1.1518507633731059,0,7257,7456.087025064454,1.0274337915205256
2022-05-05,4270.43017578125,4270.43017578125,4106.009765625,4146.8701171875,4146.8701171875,4197620000,1.1107876192968709,0,7257,7190.279695251544,0.9908060762369496
2022-05-06,4128.169921875,4157.68994140625,4067.909912109375,4123.33984375,4123.33984375,4254300000,1.1044847605927328,0,7257,7149.4804315803385,0.9851840197850817
2022-05-09,4081.27001953125,4081.27001953125,3975.47998046875,3991.239990234375,3991.239990234375,4746120000,1.0691002711707192,0,7257,6920.431807524734,0.9536215802018374
2022-05-10,4035.179931640625,4068.820068359375,3958.169921875,4001.050048828125,4001.050048828125,4630150000,1.0717280100008673,0,7257,6937.441519216333,0.9559654842519406
2022-05-11,3990.080078125,4049.090087890625,3928.820068359375,3935.179931640625,3935.179931640625,4683220000,1.05408392938444,0,7257,6823.228979939037,0.9402272261180981
2022-05-12,3903.949951171875,3964.800048828125,3858.8701171875,3930.080078125,3930.080078125,4964130000,1.052717874025748,0,7257,6814.386317365601,0.9390087250055947
2022-05-13,3963.89990234375,4038.8798828125,3963.89990234375,4023.889892578125,4023.889892578125,4142950000,1.0778459290451659,0,7257,6977.043643256264,0.9614225772710849
2022-05-16,4013.02001953125,4046.4599609375,3983.989990234375,4008.010009765625,4008.010009765625,3824320000,1.0735923168688644,0,7257,6949.509431736967,0.9576284183184466
2022-05-17,4052.0,4090.719970703125,4033.929931640625,4088.85009765625,4088.85009765625,3846580000,1.0952462790702846,0,7257,7089.678481187818,0.9769434313335839
2022-05-18,4051.97998046875,4051.97998046875,3911.909912109375,3923.679931640625,3923.679931640625,4428960000,1.0510035200007533,0,7257,6803.289070041045,0.937479546650275
2022-05-19,3899.0,3945.9599609375,3876.580078125,3900.7900390625,3900.7900390625,4212140000,1.0448721947929938,0,7257,6763.600166077348,0.9320104955322238
2022-05-20,3927.760009765625,3943.419921875,3810.320068359375,3901.360107421875,3901.360107421875,4278520000,1.0450248942646079,0,7257,6764.5886105748805,0.9321467011953811
2022-05-23,3919.419921875,3981.8798828125,3909.0400390625,3973.75,3973.75,3392770000,1.0644153729064967,0,7257,6890.105822360368,0.94944272045754
2022-05-24,3942.93994140625,3955.679931640625,3875.1298828125,3941.47998046875,3941.47998046875,3901640000,1.055771471082513,0,7257,6834.152667416059,0.9417324882756041
2022-05-25,3929.590087890625,3999.330078125,3925.030029296875,3978.72998046875,3978.72998046875,4322190000,1.0657493188688023,0,7257,6898.740636433466,0.9506325804648568
2022-05-26,3984.60009765625,4075.139892578125,3984.60009765625,4057.840087890625,4057.840087890625,3961940000,1.0869398855859154,0,7257,7035.910063738911,0.9695342515831489
2022-05-27,4077.429931640625,4158.490234375,4077.429931640625,4158.240234375,4158.240234375,3560560000,1.1138332380514788,0,7257,7209.994400664442,0.9935227229798046
2022-05-31,4151.08984375,4168.33984375,4104.8798828125,4132.14990234375,4132.14990234375,5192220000,1.106844637737343,0,7257,7164.756238063415,0.9872889951858089
2022-06-01,4149.77978515625,4166.5400390625,4073.85009765625,4101.22998046875,4101.22998046875,4145710000,1.0985623753472034,0,7257,7111.14402447729,0.9799013400134065
2022-06-02,4095.409912109375,4177.509765625,4074.3701171875,4176.81982421875,4176.81982421875,3604930000,1.11880999830363,0,7257,7242.209648266704,0.9979619192871302
2022-06-03,4137.56982421875,4142.669921875,4098.669921875,4108.5400390625,4108.5400390625,3107080000,1.1005204599635066,0,7257,7123.818973147586,0.9816479224400697
2022-06-06,4134.72021484375,4168.77978515625,4109.18017578125,4121.43017578125,4121.43017578125,3852050000,1.1039732337118058,0,7257,7146.169248342775,0.9847277453965516
2022-06-07,4096.47021484375,4164.85986328125,4080.18994140625,4160.68017578125,4160.68017578125,3476470000,1.114486804869171,0,7257,7214.225027777225,0.9941056948845562
2022-06-08,4147.1201171875,4160.14013671875,4107.2001953125,4115.77001953125,4115.77001953125,3090180000,1.1024570947182724,0,7257,7136.355073939857,0.9833753719084825
2022-06-09,4101.64990234375,4119.10009765625,4017.169921875,4017.820068359375,4017.820068359375,3192330000,1.0762200556990125,0,7257,6966.519143428564,0.9599723223685496
2022-06-10,3974.389892578125,3974.389892578125,3900.159912109375,3900.860107421875,3900.860107421875,3936120000,1.0448909634218388,0,7257,6763.721657970619,0.932027236870693
2022-06-13,3838.14990234375,3838.14990234375,3734.300048828125,3749.6298828125,3749.6298828125,4572820000,1.0043821805536863,0,7257,6501.502783834621,0.8958940035599589
2022-06-14,3763.52001953125,3778.179931640625,3705.679931640625,3735.47998046875,3735.47998046875,4126400000,1.0005919638616918,0,7257,6476.96819446073,0.8925131865041657
2022-06-15,3764.050048828125,3837.56005859375,3722.300048828125,3789.989990234375,3789.989990234375,4474610000,1.0151931069562032,0,7257,6571.483384309878,0.9055371895149342
2022-06-16,3728.179931640625,3728.179931640625,3639.77001953125,3666.77001953125,3666.77001953125,4511200000,0.9821871979117252,0,7257,6357.831635313923,0.8760964083386967
2022-06-17,3665.89990234375,3707.7099609375,3636.8701171875,3674.840087890625,3674.840087890625,6954110000,0.984348860024874,0,7257,6371.824368875363,0.8780245788721734
2022-06-21,3715.31005859375,3779.64990234375,3715.31005859375,3764.7900390625,3764.7900390625,4124600000,1.0084430055598304,0,7257,6527.789057718487,0.8995161992170989
